url,title,category,lastmod
https://www.shanethegamer.com/esports-news/pokemon-showdown-vs-pokemon-champions/,"Pokemon Showdown Vs Pokemon Champions, Will They Coexist After Release?",esports-news,2026-03-30T08:47:42
https://www.shanethegamer.com/esports-news/ps6-price-999-prediction/,PS6 Price Could Hit $999 As Analysts Warn Of Next-Gen Cost Surge,esports-news,2026-03-30T08:18:54
https://www.shanethegamer.com/esports-news/pokemon-champions-accessibility/,Pokémon Champions Accessibility Explained As Dev Targets New Competitive Players,esports-news,2026-03-30T08:34:04
https://www.shanethegamer.com/esports-news/jack-black-yakuza-role/,Jack Black Wants Yakuza Role As Sega Expands Live-Action Projects,esports-news,2026-03-30T08:54:37
https://www.shanethegamer.com/esports-news/vitality-blast-open-rotterdam-2026/,Vitality Win BLAST Open Rotterdam 2026 After 3-0 Sweep Over NAVI,esports-news,2026-03-30T06:09:05
https://www.shanethegamer.com/esports-news/ps5-price-increase-2026/,PS5 Price Increase Confirmed: Sony Raises Console Costs Up To $900 From April,esports-news,2026-03-30T06:32:22
https://www.shanethegamer.com/esports-news/blast-premier-2028-dates/,"BLAST Premier 2028 Dates Locked In, But Schedule Clashes Raise Questions",esports-news,2026-03-29T06:17:01
https://www.shanethegamer.com/esports-news/steam-pricing-update-regional-tools/,"Steam Pricing Update Adds New Regional Tools, Could Change Game Prices Worldwide",esports-news,2026-03-29T06:42:35
https://www.shanethegamer.com/esports-news/pokemon-champions-release-date-april-2026/,"Pokemon Champions Release Date Set For April 8, New Mega Abilities Revealed",esports-news,2026-03-30T07:22:51
https://www.shanethegamer.com/esports-news/honor-of-kings-world-cup-2026/,Honor of Kings World Cup 2026 Unites Arena of Valor In $3M Global Showdown,esports-news,2026-03-29T06:01:33
https://www.shanethegamer.com/esports-news/pubg-mobile-global-open-2026/,"PUBG MOBILE Global Open Hits 1 Million Players, Main Event Set For Jakarta",esports-news,2026-03-29T05:09:05
https://www.shanethegamer.com/esports-news/subway-surfers-competitive-mode-showdown-march-30/,Subway Surfers Competitive Mode Showdown Arrives March 30 With Real-Time Multiplayer Races,esports-news,2026-03-25T19:18:39
https://www.shanethegamer.com/esports-news/epic-games-layoffs-1000-employees-fortnite/,"Epic Games Layoffs Hit 1,000 Employees As Fortnite Engagement Drops",esports-news,2026-03-25T03:21:08
https://www.shanethegamer.com/esports-news/blast-open-rotterdam-2026-playoffs-bracket/,"BLAST Open Rotterdam 2026 Playoff Bracket Set, Key Matches Locked In",esports-news,2026-03-25T03:09:35
https://www.shanethegamer.com/esports-news/dissidia-duellum-final-fantasy-release-date/,Dissidia Duellum Final Fantasy Launches March 24 With Team Boss Battles And Seasonal Content,esports-news,2026-03-22T04:29:38
https://www.shanethegamer.com/esports-news/crimson-desert-2-million-sales-launch/,Crimson Desert Hits 2 Million Sales In 24 Hours As Devs Promise Quick Fixes,esports-news,2026-03-22T00:44:13
https://www.shanethegamer.com/esports-news/cs2-reload-update-ammo-changes/,CS2 Reload Update Changes How Ammo Works And Adds Real Risk To Every Reload,esports-news,2026-03-19T20:07:32
https://www.shanethegamer.com/esports-news/spider-man-brand-new-day-trailer/,Spider-Man Brand New Day Trailer Teases Organic Webbing And Big MCU Cameos,esports-news,2026-03-19T02:57:19
https://www.shanethegamer.com/esports-news/fortnite-google-play-return-march-19/,Fortnite Returns To Google Play Store Globally March 19 After Epic vs Google Settlement,esports-news,2026-03-19T03:41:03
https://www.shanethegamer.com/esports-news/nvidia-dlss-5-backlash-ceo-response/,Nvidia CEO Jensen Huang Responds ‘They Are Wrong’ To DLSS 5 AI Slop Backlash,esports-news,2026-03-18T22:02:36
https://www.shanethegamer.com/esports-news/narrate-karmine-corp-return/,N4RRATE Returns To Karmine Corp As Sentinels Stint Ends,esports-news,2026-03-19T03:36:25
https://www.shanethegamer.com/esports-news/switch-2-handheld-mode-boost-update/,"Nintendo Switch 2 Update Adds Handheld Boost For Older Games, With A Few Catch",esports-news,2026-03-18T21:05:19
https://www.shanethegamer.com/esports-news/starfield-ps5-release-date-april-7/,Starfield PS5 Release Date Confirmed For April 7 With Major Update And DLC,esports-news,2026-03-18T20:33:34
https://www.shanethegamer.com/esports-news/valorant-patch-12-05-miks-knockout-mode/,"VALORANT Patch 12.05 Adds Miks, Nerfs Yoru And Clove, Introduces Knockout Mode",esports-news,2026-03-19T03:31:33
https://www.shanethegamer.com/esports-news/arc-raiders-accessibility-ban-appeal/,Arc Raiders Accessibility Controller Bans Addressed As Embark Responds,esports-news,2026-03-19T02:07:05
https://www.shanethegamer.com/esports-news/arc-raiders-and-the-finals-studio-rob-runesson-allegations/,Arc Raiders And The Finals Studio Parts Ways With Co-Founder After Allegations Scandal,esports-news,2026-03-19T00:33:42
https://www.shanethegamer.com/esports-news/arc-raiders-patch-1-20-0-il-toro-nerf/,Arc Raiders Patch 1.20.0 Nerfs Il Toro And Energy Clips In Major Balance Update,esports-news,2026-03-19T01:51:55
https://www.shanethegamer.com/esports-news/dlss-5-ai-slop-backlash/,NVIDIA DLSS 5 AI Slop Backlash Grows As Gamers Slam New Visuals,esports-news,2026-03-18T02:17:52
https://www.shanethegamer.com/esports-news/gamestop-ps3-xbox-360-wii-u-retro/,"GameStop Declares PS3, Xbox 360 And Wii U As Retro Consoles, Fans React",esports-news,2026-03-18T03:53:12
https://www.shanethegamer.com/esports-news/xbox-gaming-copilot-consoles-2026/,"Xbox Gaming Copilot Coming To Consoles In 2026, Here’s What It Actually Does",esports-news,2026-03-19T01:55:24
https://www.shanethegamer.com/esports-news/wb-games-montreal-layoffs/,Warner Bros Montréal Developers Report Layoffs As Studio Faces New Cuts,esports-news,2026-03-17T01:01:38
https://www.shanethegamer.com/esports-news/roblox-minecraft-players-aaa-games-study/,"Roblox And Minecraft Players Less Likely To Play AAA Games, Newzoo Study Finds",esports-news,2026-03-19T03:05:49
https://www.shanethegamer.com/esports-news/cs2-valorant-project-phoenix/,Playing VALORANT In CS2 Is Now Possible With Project Phoenix,esports-news,2026-03-17T02:02:40
https://www.shanethegamer.com/esports-news/resident-evil-requiem-sales/,"Resident Evil Requiem Sales Pass 6 Million, Fastest In Series History",esports-news,2026-03-16T23:00:12
https://www.shanethegamer.com/esports-news/nongshim-redforce-masters-santiago-paper-rex/,Nongshim RedForce Win VCT Masters Santiago After 3 - 0 Sweep Of Paper Rex,esports-news,2026-03-16T22:21:40
https://www.shanethegamer.com/esports-news/valorant-agent-miks-abilities/,"VALORANT New Agent Miks Revealed: Abilities, Kit, And Release Date Explained",esports-news,2026-03-16T22:04:14
https://www.shanethegamer.com/esports-news/steam-malware-games-fbi-investigation/,"Steam Malware Warning: FBI Investigates Infected PC Games, Seeks Victims",esports-news,2026-03-18T04:09:06
https://www.shanethegamer.com/esports-news/cs2-salary-rumours-claim-zywoo-e100k-s1mple-120k-per-month/,"CS2 Salary Rumours Claim ZywOo €100K, s1mple $120K Per Month",esports-news,2026-03-18T21:26:25
https://www.shanethegamer.com/esports-news/valorant-masters-london-tickets/,VALORANT Masters London Tickets Go On Sale March 27 As Riot Reveals Prices And Schedule,esports-news,2026-03-17T01:13:54
https://www.shanethegamer.com/esports-news/myrient-game-archive-saved/,Gamers Save 385TB Myrient Retro Game Archive Before Shutdown,esports-news,2026-03-17T03:10:30
https://www.shanethegamer.com/esports-news/valorant-knockout-mode/,VALORANT Knockout Mode Explained: Fast-Paced New Team Mode,esports-news,2026-03-16T22:45:33
https://www.shanethegamer.com/esports-news/clair-obscur-expedition-33-future/,Clair Obscur Expedition 33 Future Teased As Writer Refuses To Reveal Plans,esports-news,2026-03-19T03:19:24
https://www.shanethegamer.com/esports-news/mario-kart-world-racing-wheel-switch-2/,"Mario Kart World Hori Racing Wheel For Switch 2 Revealed, Pre-Orders Now Open",esports-news,2026-03-16T17:34:02
https://www.shanethegamer.com/esports-news/pokemon-go-data-delivery-robots/,Pokemon Go Players Generated 30 Billion Images To Help Delivery Robots Navigate Cities,esports-news,2026-03-17T02:54:06
https://www.shanethegamer.com/esports-news/league-of-legends-voice-chat-confirmed/,"League Of Legends Voice Chat Confirmed, But Riot Says It Will Take Time",esports-news,2026-03-16T22:50:42
https://www.shanethegamer.com/esports-news/arc-raiders-ai-voices-replaced/,Arc Raiders AI Voices Replaced As Embark CEO Admits Human Actors Are Better,esports-news,2026-03-15T00:43:14
https://www.shanethegamer.com/esports-news/legend-of-california-game/,The Legend Of California Revealed By Ex-Overwatch Director Jeff Kaplan,esports-news,2026-03-14T23:15:16
https://www.shanethegamer.com/esports-news/team-liquid-na-move-cs2-major-controversy/,Team Liquid NA Move Sparks Debate Over CS2 Major Qualification,esports-news,2026-03-14T22:48:46
https://www.shanethegamer.com/esports-news/crimson-desert-launch-trailer/,Crimson Desert Launch Trailer Shows New Gameplay Ahead Of March 19 Release,esports-news,2026-03-17T03:35:11
https://www.shanethegamer.com/esports-news/jeff-kaplan-overwatch-blizzard-exit/,Overwatch Ex-Director Jeff Kaplan Says Layoff Threat Led Him To Quit Blizzard,esports-news,2026-03-14T23:25:45
https://www.shanethegamer.com/esports-news/g2-liquid-roster-swap-nertz-malbsmd/,G2 And Liquid Swap NertZ And malbsMd In Major Impact CS2 Roster Move,esports-news,2026-03-14T22:14:34
https://www.shanethegamer.com/esports-news/kpop-demon-hunters-2-confirmed/,KPop Demon Hunters 2 Confirmed By Netflix As Directors Return,esports-news,2026-03-14T21:59:43
https://www.shanethegamer.com/esports-news/playstation-plus-march-games/,"PlayStation Plus March Game Catalog Adds Space Marine 2, Persona 5 Royal And More",esports-news,2026-03-15T21:33:56
https://www.shanethegamer.com/esports-news/ghost-of-yotei-legends-ps5/,Ghost of Yotei Legends Out Now On PS5 As Free Co-Op DLC,esports-news,2026-03-16T17:20:36
https://www.shanethegamer.com/esports-news/candy-crush-all-stars-2026/,Candy Crush All Stars 2026 Launches With $1M Prize Pool And New 10x Boost Mechanics,esports-news,2026-03-16T17:01:36
https://www.shanethegamer.com/esports-news/fortnite-vbucks-price-increase/,"Fortnite V-Bucks Price Increase Confirmed, Players Get Fewer V-Bucks From March 19",esports-news,2026-03-13T14:54:55
https://www.shanethegamer.com/esports-news/pickmon-pokemon-ripoff-controversy/,"Pickmon Accused Of Copying Pokemon, Palworld And Zelda After Steam Reveal",esports-news,2026-03-11T21:45:57
https://www.shanethegamer.com/esports-news/pgl-cs2-tier-1-program-2027-2028/,PGL Commits $22M To CS2 Tier 1 Events For 2027 - 2028,esports-news,2026-03-15T20:50:56
https://www.shanethegamer.com/esports-news/pokemon-pokopia-highest-rated-pokemon-game/,Pokemon Pokopia Is Now The Highest Rated Pokemon Game Despite Not Launching Yet,esports-news,2026-03-03T22:09:42
https://www.shanethegamer.com/esports-news/pokemon-pokopia-release-date-review-scores/,Pokemon Pokopia Release Date And Reviews Ahead Of Launch,esports-news,2026-03-03T22:10:23
https://www.shanethegamer.com/esports-news/shyvana-update-patch-26-6-league-of-legends/,Shyvana Update Confirmed For Patch 26.6 As Ranked And ARAM Changes Detailed In League Of Legends Dev Update,esports-news,2026-03-03T20:18:44
https://www.shanethegamer.com/esports-news/first-stand-2026-format-schedule-teams/,"First Stand 2026: Teams, Format, Schedule, Drops And Everything You Need To Know",esports-news,2026-03-03T21:16:43
https://www.shanethegamer.com/esports-news/30th-anniversary-ps5-pro-auction-nz/,Limited 30th Anniversary PS5 Pro Auction Live In New Zealand For Charity,esports-news,2026-03-03T19:49:00
https://www.shanethegamer.com/esports-news/pixelheart-atari-hotels-adapt/,PixelHeart Launches With Streamer Of The Year Adapt And Atari Hotels,esports-news,2026-03-03T19:39:04
https://www.shanethegamer.com/esports-news/ukel-monthly-cups-march-21/,UKEL Monthly Cups Announced For UK League Of Legends Players Starting March 21,esports-news,2026-03-03T20:43:34
https://www.shanethegamer.com/esports-news/pokemon-winds-and-waves-nintendo-switch-2/,"Pokemon Winds And Waves Revealed For Nintendo Switch 2, Launches In 2027",esports-news,2026-03-13T14:29:42
https://www.shanethegamer.com/esports-news/esl-zowie-partnership-cs2-2027/,ESL Expands ZOWIE Partnership For All CS2 Events Through 2027,esports-news,2026-02-27T22:56:52
https://www.shanethegamer.com/esports-news/stardew-valley-1-7-marriage-candidates-clint-sandy/,Stardew Valley 1.7 Update Adds Clint And Sandy As New Marriage Candidates,esports-news,2026-02-27T22:34:08
https://www.shanethegamer.com/esports-news/tung-tung-tung-sahur-rumoured-fortnite/,Tung Tung Tung Sahur Rumoured To Be Coming To Fortnite,esports-news,2026-02-28T04:15:24
https://www.shanethegamer.com/esports-news/marathon-server-slam-release-date-rewards/,"Marathon Server Slam: All You Need To Know About Dates, Rewards And Content",esports-news,2026-02-26T22:31:29
https://www.shanethegamer.com/esports-news/new-york-sues-valve-loot-boxes/,"New York Sues Valve, Says Loot Boxes Are Gambling In CS2, Dota 2, and Team Fortress 2",esports-news,2026-02-27T02:50:45
https://www.shanethegamer.com/esports-news/marvel-maximum-collection-x-men-arcade-ps5-switch-xbox/,"Marvel MaXimum Collection Brings X-Men Arcade Back On PS5, Switch And Xbox",esports-news,2026-02-26T22:08:28
https://www.shanethegamer.com/esports-news/xbox-app-spam-notifications-braze-test-message/,Xbox Mobile App Spam Notifications Explained After “Braze” Test Message Flood,esports-news,2026-02-26T22:47:13
https://www.shanethegamer.com/esports-news/overwatch-rush-mobile-spin-off/,Overwatch Rush Announced As Blizzard Reveals Mobile 4v4 Spin-Off,esports-news,2026-02-27T03:18:39
https://www.shanethegamer.com/esports-news/league-of-legends-team-voice-chat-pbe-16-5/,League Of Legends Team Voice Chat Leaked On PBE Ahead Of Patch 16.5,esports-news,2026-02-28T04:04:44
https://www.shanethegamer.com/esports-news/skeleton-banging-shield-meme-emote-clash-royale/,How to Get The Clash Royale Skeleton Banging Shield Meme Emote For Free,esports-news,2026-02-26T02:55:28
https://www.shanethegamer.com/esports-news/resident-evil-requiem-dlss-4-5-6x-frame-generation/,"Resident Evil Requiem Launches With NVIDIA DLSS 4.5, Up To 6x Frame Generation Also Coming To Crimson Desert And Toxic Commando",esports-news,2026-02-27T03:06:43
https://www.shanethegamer.com/esports-news/arc-raiders-update-1-17-0-patch-notes/,Arc Raiders Shrouded Sky Update Brings Weapon Nerfs And Hurricanes,esports-news,2026-02-27T02:27:39
https://www.shanethegamer.com/esports-news/team-vitality-trackmania-pac-signing/,Team Vitality Enter Trackmania With 2x World Champion Pac,esports-news,2026-02-24T01:44:02
https://www.shanethegamer.com/esports-news/vitality-win-pgl-cluj-napoca-2026-againts-parivision-as-zywoo-claims-historic-30th-mvp/,Vitality Win PGL Cluj Napoca 2026 Againts Parivision As ZywOo Claims Historic 30th MVP,esports-news,2026-02-24T01:34:32
https://www.shanethegamer.com/esports-news/clash-royale-update-changes-2026/,"Clash Royale Q1 Update Brings Massive UI And System Changes, Free Hero And Trophy Road Expansion",esports-news,2026-02-21T22:30:13
https://www.shanethegamer.com/esports-news/for-retribution-player-card-valorant/,How To Redeem The New For Retribution Player Card In Valorant,esports-news,2026-02-21T22:17:59
https://www.shanethegamer.com/esports-news/roblox-engagement-2025-playstation-steam/,Roblox Played More Than PlayStation And Steam Combined In 2025,esports-news,2026-02-21T22:07:56
https://www.shanethegamer.com/esports-news/grow-a-garden-stealing-pet-update/,Grow A Garden Next Update: Raccoon And Kitsune Now Actually Steal Fruits Instead of Duplicating,esports-news,2026-02-21T21:14:32
https://www.shanethegamer.com/esports-news/midsummer-studios-closure-burbank/,"Midsummer Studios Closes, Burbank Life Sim Canceled",esports-news,2026-02-21T19:25:54
https://www.shanethegamer.com/esports-news/scopely-loom-games-acquisition/,Scopely Acquires Majority Stake In Pixel Flow Developer Loom Games,esports-news,2026-02-21T19:04:47
https://www.shanethegamer.com/esports-news/xbox-ai-slop-asha-sharma/,"New Xbox CEO, Asha Sharma, Says No Soulless AI Slop Under Her Watch",esports-news,2026-02-21T18:32:58
https://www.shanethegamer.com/esports-news/phil-spencer-retirement-asha-sharma-xbox-ceo/,Phil Spencer Retires As Asha Sharma Named The New Xbox CEO,esports-news,2026-02-21T18:28:50
https://www.shanethegamer.com/esports-news/the-finals-esports-paused/,The Finals Esports Paused By Embark Studios Amid Conduct Concerns,esports-news,2026-02-21T18:12:43
https://www.shanethegamer.com/esports-news/tenz-first-stream-breakup/,"TenZ First Stream After Breakup, Plans To Attend More Valorant Events After His Schedule Suddenly ""Is Really Free""",esports-news,2026-02-21T18:06:57
https://www.shanethegamer.com/esports-news/fortnite-solo-leveling-arise-crossover/,Fortnite Solo Leveling: ARISE Crossover Live Now With Sung Jinwoo Skins,esports-news,2026-02-21T18:06:48
https://www.shanethegamer.com/esports-news/victorian-virtual-grand-prix-student-esports/,Victorian Virtual Grand Prix Announced For Aussie Students Ahead Of F1 Season Opener,esports-news,2026-02-21T21:57:05
https://www.shanethegamer.com/esports-news/resident-evil-requiem-leaks-capcom-plea/,Resident Evil Requiem Leaks Spark Official Plea From Capcom Ahead Of Launch,esports-news,2026-02-21T21:03:52
https://www.shanethegamer.com/esports-news/valorant-masters-santiago-2026/,"VALORANT Masters Santiago 2026: Teams, Schedule, Prize Pool And Format Guide",esports-news,2026-02-21T18:49:59
https://www.shanethegamer.com/esports-news/2xko-community-event-rewards-players-can-now-earn-in-game-credits-and-titles/,2XKO Community Event Rewards: Players Can Now Earn In-Game Credits And Titles,esports-news,2026-02-21T21:12:16
https://www.shanethegamer.com/esports-news/ubisoft-toronto-layoffs-splinter-cell-remake/,"Ubisoft Toronto Lays Off 40 Staff, Splinter Cell Remake Still In Development",esports-news,2026-02-21T21:18:41
https://www.shanethegamer.com/esports-news/pokemon-firered-leafgreen-switch-eshop/,Pokemon FireRed And LeafGreen Listed On Switch eShop Ahead Of Pokemon Day,esports-news,2026-02-20T21:26:49
https://www.shanethegamer.com/esports-news/finji-tiktok-racist-genai-ads/,"Finji Accuses TikTok Of Racist GenAI Ads For Night In The Woods, Usual June",esports-news,2026-02-21T20:40:32
https://www.shanethegamer.com/esports-news/is-hellcase-still-legit/,Is Hellcase Still Legit?,esports-news,2026-02-20T19:28:19
https://www.shanethegamer.com/esports-news/virtus-pro-gamers-outreach-fundraiser/,Virtus Pro Partners With Gamers Outreach For Fundraising Campaign Supporting Hospitalised Kids,esports-news,2026-02-21T21:12:01
https://www.shanethegamer.com/esports-news/gta-game-lifecycle/,Inside GTA Unusual Ability to Outlast the Typical Game Lifecycle,esports-news,2026-02-20T19:10:15
https://www.shanethegamer.com/esports-news/valorant-esports-nations-cup-2026/,VALORANT Joins Esports Nations Cup 2026 Line Up With 32 National Teams,esports-news,2026-02-21T17:30:28
https://www.shanethegamer.com/esports-news/slay-the-spire-2-early-access-march-5/,"Slay The Spire 2 Early Access March 5, Adds 4 Player Co Op",esports-news,2026-02-21T00:39:40
https://www.shanethegamer.com/esports-news/playstation-close-bluepoint-games/,"PlayStation Shuts Down Bluepoint Games, Demon's Souls Remake Studio Closed",esports-news,2026-02-20T21:58:20
https://www.shanethegamer.com/esports-news/god-of-war-trilogy-remake-new-fighting-system/,"God Of War Trilogy Remake Gets New Fighting System, Confirms Kratos Actor",esports-news,2026-02-20T20:17:43
https://www.shanethegamer.com/esports-news/fnatic-online-abuse-statement/,Fnatic Online Abuse Statement Confirms Zero Tolerance And Legal Action,esports-news,2026-02-21T00:32:18
https://www.shanethegamer.com/esports-news/pgl-cluj-napoca-2026-playoff-bracket/,PGL Cluj Napoca 2026 Playoff Bracket Set As Quarterfinal Matchups Confirmed,esports-news,2026-02-19T22:48:09
https://www.shanethegamer.com/esports-news/fortnite-game-of-thrones-collab-leak/,Fortnite Game Of Thrones Collab Leak Suggests Westeros Is Coming Soon,esports-news,2026-02-20T17:18:43
https://www.shanethegamer.com/esports-news/kristen-bell-amy-rose-sonic-4-frozen-anna/,"Kristen Bell Cast As Amy Rose In Sonic 4 Movie, Anna From Frozen Joins The Franchise",esports-news,2026-02-19T21:29:59
https://www.shanethegamer.com/esports-news/former-capcom-producer-spends-500k-monster-strike/,"Former Capcom Producer Spends $500K On His Own Gacha Games, Monster Strike, To Understand High Spenders",esports-news,2026-02-20T01:39:39
https://www.shanethegamer.com/esports-news/valorant-masters-santiago-skirmish-series/,VALORANT Masters Santiago Skirmish Series Lets Fans Compete On The VCT Stage,esports-news,2026-02-20T01:12:10
https://www.shanethegamer.com/esports-news/elder-scrolls-6-creation-engine-3/,"Elder Scrolls 6 Using Creation Engine 3, Todd Howard Confirms",esports-news,2026-02-20T20:08:44
https://www.shanethegamer.com/esports-news/saudi-esports-federation-roc-team-stallions-partnerships/,Saudi Esports Federation Partners With ROC Esports And Team Stallions,esports-news,2026-02-20T19:58:46
https://www.shanethegamer.com/esports-news/2xko-eu-community-series-season-1-roadmap/,2XKO EU Community Series Season 1 Roadmap Revealed With EVO 2026 Trip On The Line,esports-news,2026-02-20T19:54:29
https://www.shanethegamer.com/esports-news/apex-legends-bans-2000-accounts-xim-cheating/,"Apex Legends Bans 2,000 Accounts For XIM Cheating Devices",esports-news,2026-02-20T19:43:01
https://www.shanethegamer.com/esports-news/nintendo-tells-pokemon-card-store-change-name/,Nintendo Tells Robbed Pokemon Card Store To Change Name As The Trainer Court,esports-news,2026-02-19T22:42:31
https://www.shanethegamer.com/esports-news/faze-falcons-call-of-duty-challengers-team/,FaZe Falcons Launch Call Of Duty Challengers Team With Riyadh Falcons,esports-news,2026-02-20T01:31:18
https://www.shanethegamer.com/esports-news/rainbow-six-mobile-early-launch-india/,Rainbow Six Mobile Launches Early In India On February 19,esports-news,2026-02-20T01:26:19
https://www.shanethegamer.com/esports-news/pokemon-tcg-pocket-esport-plans/,"Pokemon TCG Pocket Will Not Be an Esport, Confirms Pokemon Company",esports-news,2026-02-19T21:40:15
https://www.shanethegamer.com/esports-news/escape-from-tarkov-2026-roadmap/,Escape From Tarkov 2026 Roadmap Reveals New Boss And Major Q2 Event,esports-news,2026-02-19T01:36:32
https://www.shanethegamer.com/esports-news/highguard-tencent-funding-report/,Highguard Funding Reportedly Backed By Tencent,esports-news,2026-02-19T21:10:42
https://www.shanethegamer.com/esports-news/xbox-game-pass-february-2026-wave-2-lineup/,Xbox Game Pass February 2026 Wave 2 Adds The Witcher 3 And Kingdom Come Deliverance 2,esports-news,2026-02-19T01:21:58
https://www.shanethegamer.com/esports-news/final-fantasy-9-vivi-book-may-2026-release/,Final Fantasy 9 Vivi Book Announced For May 2026 Release,esports-news,2026-02-19T00:33:17
https://www.shanethegamer.com/esports-news/ninjas-in-pyjamas-sign-meo-il-tekken-8/,"Ninjas In Pyjamas Sign Meo-IL, Enter Tekken 8 Esports",esports-news,2026-02-20T01:05:46
https://www.shanethegamer.com/esports-news/nintendo-dmca-switch-emulators-github/,Nintendo Issues DMCA Notices To Switch Emulators On GitHub In Latest Crackdown,esports-news,2026-02-18T01:07:02
https://www.shanethegamer.com/esports-news/fortnite-solo-leveling-collab-release-date/,Fortnite Confirms Solo Leveling Collab With Sung Jin-Woo Skins Expected,esports-news,2026-02-18T01:34:01
https://www.shanethegamer.com/esports-news/meta-ai-patent-facebook-after-death/,You Could Use Facebook After You Die Thanks To Meta Patented AI,esports-news,2026-02-18T00:31:14
https://www.shanethegamer.com/esports-news/passion-ua-outbid-navi-for-senzu/,Passion UA CEO Claims They Outbid NAVI For Senzu As NAVI Deny Making Offer,esports-news,2026-02-17T22:56:12
https://www.shanethegamer.com/esports-news/razer-niko-collection/,Razer NiKo Collection Revealed Featuring CS2 Star’s Signature Gear,esports-news,2026-02-17T23:41:15
https://www.shanethegamer.com/esports-news/abyss-codes-february-2026/,Roblox Abyss Codes February 2026: All Working Roblox Abyss Codes And How To Redeem Them,esports-news,2026-02-18T00:13:49
https://www.shanethegamer.com/esports-news/warzone-mobile-shutdown-date-april-17-2026/,"Call Of Duty Warzone Mobile Servers Shutting Down April 17, 2026",esports-news,2026-02-17T20:19:33
https://www.shanethegamer.com/esports-news/solid-snake-rainbow-six-siege/,Solid Snake Joins Rainbow Six Siege In Operation Silent Hunt With David Hayter Returning,esports-news,2026-02-17T20:11:31
https://www.shanethegamer.com/esports-news/rainbow-six-siege-year-11-roadmap/,"Rainbow Six Siege Year 11 Roadmap Revealed With Ranked 3.0, New Map And Solid Snake Crossover",esports-news,2026-02-17T20:11:06
https://www.shanethegamer.com/esports-news/2xko-akali-senna-2026-update/,"2XKO Confirms Akali And Senna As Upcoming Heroes For 2026, Riot Outlines Next Roadmap",esports-news,2026-02-17T19:45:42
https://www.shanethegamer.com/esports-news/anchor-point-studios-independent-from-netease/,Anchor Point Studios Goes Independent From NetEase As It Seeks New Investors,esports-news,2026-02-18T00:41:15
https://www.shanethegamer.com/esports-news/valorant-2026-vct-season-capsule/,VALORANT 2026 VCT Season Capsule Launches February 19 With New VCT Sigil Melee,esports-news,2026-02-17T23:53:23
https://www.shanethegamer.com/esports-news/shutaro-ida-death-castlevania-bloodstained/,Castlevania And Bloodstained Developer Shutaro Ida Dies Aged 52,esports-news,2026-02-18T01:14:21
https://www.shanethegamer.com/esports-news/rainbow-six-majors-2026-us-japan-brazil/,"Rainbow Six Majors Head To US And Japan In 2026, Brazil Set For Six Invitational 2027 As BLAST And Ubisoft Renew Partnership",esports-news,2026-02-17T23:01:40
https://www.shanethegamer.com/esports-news/pubg-esports-nations-cup-2026/,PUBG: Battlegrounds Joins Esports Nations Cup 2026 Line Up In Riyadh,esports-news,2026-02-18T00:04:51
https://www.shanethegamer.com/esports-news/zowie-apex-partnership-team-vitality-igl/,ZOWIE Signs Team Vitality IGL apEX As New CS2 Partner,esports-news,2026-02-17T20:31:22
https://www.shanethegamer.com/esports-news/brawl-cup-2026-berlin-blast/,Brawl Cup 2026 Heads To Berlin As BLAST Expands Brawl Stars Esports,esports-news,2026-02-17T20:25:04
https://www.shanethegamer.com/esports-news/senzu-and-try-join-passion-ua-cs2-roster/,Senzu And Try Join Passion UA CS2 Roster,esports-news,2026-02-17T20:45:57
https://www.shanethegamer.com/esports-news/bytedance-sell-moonton-mobile-legends-6-billion/,"ByteDance To Sell Moonton, Mobile Legends Maker, To Saudi Arabia Savvy Games For $6 Billion+",esports-news,2026-02-15T00:17:26
https://www.shanethegamer.com/esports-news/crimson-moon-action-rpg-2026/,"Crimson Moon Revealed At State Of Play, Gothic Action RPG Coming In 2026",esports-news,2026-02-14T23:50:02
https://www.shanethegamer.com/esports-news/project-windless-ps5-open-world-rpg-announced/,"Project Windless Announced For PS5, Open-World Action RPG From PUBG Publisher",esports-news,2026-02-14T23:27:28
https://www.shanethegamer.com/esports-news/mewtwo-pokemon-go-fest-2026/,Mewtwo Returns To Pokemon GO Fest 2026 After 4 Years Out Of Raids,esports-news,2026-02-15T00:24:05
https://www.shanethegamer.com/esports-news/metal-gear-solid-master-collection-vol-2-release-date/,"Metal Gear Solid: Master Collection Vol. 2 Launches August 27, 2026, Bringing MGS4 To Modern Platforms",esports-news,2026-02-14T23:22:18
https://www.shanethegamer.com/esports-news/team-vitality-returns-to-fortnite-fncs-world-champions/,Team Vitality Returns To Fortnite With FNCS World Champions,esports-news,2026-02-14T23:08:00
https://www.shanethegamer.com/esports-news/marvel-tokon-fighting-souls-release-date-ps5-pc/,MARVEL Tokon: Fighting Souls Launches August 6 On PS5 And PC,esports-news,2026-02-15T00:06:04
https://www.shanethegamer.com/esports-news/marathon-server-slam-february-26/,Marathon Server Slam Starts February 26 Ahead Of March 5 Launch,esports-news,2026-02-14T01:48:58
https://www.shanethegamer.com/esports-news/castlevania-belmonts-curse-release-date-ps5-2026/,"Castlevania: Belmont’s Curse Announced For 2026 Release, From Dead Cells Devs Releasing on PS5 And More",esports-news,2026-02-14T01:41:42
https://www.shanethegamer.com/esports-news/silent-hill-townfall-first-person-gameplay-2026/,"Silent Hill: Townfall Reveals First Person Gameplay, Launching In 2026",esports-news,2026-02-14T01:35:23
https://www.shanethegamer.com/esports-news/god-of-war-greek-trilogy-remake-sons-of-sparta-ps5/,God Of War Greek Trilogy Remake Confirmed As God Of War Sons Of Sparta Launches Today On PS5,esports-news,2026-02-14T01:21:09
https://www.shanethegamer.com/esports-news/john-wick-game-ps5-keanu-reeves-confirmed/,"John Wick Game Announced For PS5, Keanu Reeves Confirmed To Return",esports-news,2026-02-14T01:21:45
https://www.shanethegamer.com/esports-news/team-vitality-expands-shooter-division-ewc-2026/,"Team Vitality Expands Shooter Division For EWC 2026 With PUBG, Warzone And CrossFire",esports-news,2026-02-13T23:52:31
https://www.shanethegamer.com/esports-news/sega-la-live-partnership/,SEGA And L.A. LIVE Announce Strategic Partnership Across Sports And Live Entertainment,esports-news,2026-02-13T23:39:46
https://www.shanethegamer.com/esports-news/pubg-mobile-esports-2026-roadmap-pmgo-pmgc/,"PUBG MOBILE Esports 2026 Roadmap Confirmed With PMGO Indonesia, PMGC Turkiye And $3M Events",esports-news,2026-02-13T21:24:57
https://www.shanethegamer.com/esports-news/free-cyberpunk-game-steam-d1al-ogue/,Steam Drops Free Cyberpunk RPG D1AL-ogue With Overwhelmingly Positive Reviews,esports-news,2026-02-10T12:51:17
https://www.shanethegamer.com/esports-news/riot-games-2xko-layoffs/,Riot Games Lays Off Half of 2XKO Team After Slow Momentum,esports-news,2026-02-10T12:38:29
https://www.shanethegamer.com/esports-news/tenz-responds-kyedae-cheating-rumours/,TenZ Responds To Kyedae Cheating Rumours After Breakup,esports-news,2026-02-10T11:18:16
https://www.shanethegamer.com/esports-news/call-of-duty-league-championship-2026-las-vegas/,"Call Of Duty League Championship 2026 Confirmed For Las Vegas With $2M Prize Pool, Hosted By FaZe And ESL FACEIT",esports-news,2026-02-06T20:25:29
https://www.shanethegamer.com/esports-news/itachi-minato-mlbb-naruto-collab-leaks/,Itachi And Minato Leak For MLBB Naruto Phase 2 Collabs With Full Skill Effects,esports-news,2026-02-06T11:59:38
https://www.shanethegamer.com/esports-news/overwatch-hello-kitty-collab/,Overwatch x Hello Kitty Collab Brings Kawaii Skins To Season 1,esports-news,2026-02-06T02:49:41
https://www.shanethegamer.com/esports-news/overwatch-season-1-roadmap/,Overwatch Season 1 Roadmap Reveals The Reign Of Talon Era,esports-news,2026-02-06T02:00:44
https://www.shanethegamer.com/esports-news/overwatch-nintendo-switch-2/,Overwatch Is Getting A Dedicated Nintendo Switch 2 Version Later This Year,esports-news,2026-02-06T01:44:54
https://www.shanethegamer.com/esports-news/overwatch-new-heroes-reign-of-talon/,Overwatch Introduces Five New Heroes After Name Change With The Reign Of Talon Launch,esports-news,2026-02-06T03:09:09
https://www.shanethegamer.com/esports-news/overwatch-2-renamed-overwatch/,Overwatch 2 Renamed To Overwatch As Blizzard Drops The ‘2’,esports-news,2026-02-06T03:07:57
https://www.shanethegamer.com/esports-news/stardew-valley-1-7-update-marriage-candidates/,"Stardew Valley 1.7 Update Adds Two New Marriage Candidates, Children Changes Confirmed",esports-news,2026-02-04T17:25:58
https://www.shanethegamer.com/esports-news/gta-6-marketing-summer-2026-no-more-delays-november/,"GTA 6 Marketing Starts Summer 2026 as Take Two Confirms No More Delays, November Release Locked",esports-news,2026-02-04T16:52:56
https://www.shanethegamer.com/esports-news/fortnite-kpop-demon-hunters-wave-2/,"Fortnite KPop Demon Hunters Wave 2 Teased, Jinu and Saja Boys Skins Expected This Week",esports-news,2026-02-04T16:33:07
https://www.shanethegamer.com/esports-news/iem-krakow-playoff-bracket-set/,"IEM Krakow Playoff Bracket Set as Aurora Face FURIA, and G2 Face MOUZ",esports-news,2026-02-04T16:18:45
https://www.shanethegamer.com/esports-news/pokemon-yasukuni-shrine-event-canceled/,Pokemon Card Event at Yasukuni Shrine Canceled After China Backlash,esports-news,2026-02-03T07:55:04
https://www.shanethegamer.com/esports-news/playstation-touchscreen-controller-patent/,"PlayStation Touchscreen Controller Patent Revealed With No Physical Buttons, Letting You Choose Button Placement Yourself",esports-news,2026-02-01T23:36:33
https://www.shanethegamer.com/esports-news/cloud9-halo-dreamhack-birmingham-return/,Cloud9 Looking For Halo Team Ahead Of DreamHack Birmingham,esports-news,2026-02-01T23:33:07
https://www.shanethegamer.com/esports-news/six-invitational-2026-twitch-drops/,Six Invitational 2026 Twitch Drops Rewards And How To Earn Them,esports-news,2026-02-01T22:53:12
https://www.shanethegamer.com/esports-news/ashes-of-creation-layoffs-founder-resigns/,Ashes of Creation Layoffs Begin After Founder Resigns In Protest Over Board Decisions As The MMORPG Faces Uncertainty,esports-news,2026-02-01T20:06:55
https://www.shanethegamer.com/esports-news/fortnite-kpop-demon-hunters-jinu-skin-leak/,"Jinu Fortnite Skin Leaked From KPop Demon Hunters Wave 2 With Emotes, GOLDEN Jam Track And Derpy as a Sidekick",esports-news,2026-02-04T16:35:59
https://www.shanethegamer.com/esports-news/roblox-twitch-bloxfest-event-details/,"Roblox Twitch Bloxfest Event Details, Rewards, $300K Prize Pool And How To Join",esports-news,2026-02-01T23:03:46
https://www.shanethegamer.com/esports-news/honkai-star-rail-fortnite-crossover-teased/,Honkai Star Rail Fortnite Crossover Teased By Epic Games Store,esports-news,2026-02-01T22:42:59
https://www.shanethegamer.com/esports-news/south-korea-olympic-esports-games-working-group/,South Korea Eyes Olympic Esports Games Hosting With New Working Group,esports-news,2026-02-01T19:35:53
https://www.shanethegamer.com/esports-news/saudi-eleague-2026-yalla-group-partnership/,Saudi eLeague 2026 Gets Yalla Group as Official Event Partner,esports-news,2026-02-01T19:20:49
https://www.shanethegamer.com/esports-news/esports-nations-cup-2026-45-million-funding-model/,Esports Nations Cup 2026 $45 Million Funding Model Confirmed With Equal Player Pay,esports-news,2026-02-01T19:13:14
https://www.shanethegamer.com/esports-news/kai-budde-death-magic-the-gathering/,"Kai Budde Death Remembered, Magic: The Gathering Loses Its Greatest Champion",esports-news,2026-01-31T16:05:26
https://www.shanethegamer.com/esports-news/anime-paradox-codes-february-2026/,Anime Paradox Codes February 2026 - All Working Free Gems And Rerolls,esports-news,2026-01-31T15:45:06
https://www.shanethegamer.com/esports-news/anime-final-quest-codes-february-2026-get-free-spins-cash-and-rewards-right-now/,"Anime Final Quest Codes February 2026 - Get Free Spins, Cash and Rewards Right Now",esports-news,2026-01-31T15:39:22
https://www.shanethegamer.com/esports-news/final-fantasy-7-new-version-steam/,"Final Fantasy 7 New Version Coming To Steam, 2013 Edition Delisted",esports-news,2026-01-31T10:18:13
https://www.shanethegamer.com/esports-news/fortnite-minecraft-sued-video-game-addiction/,Addicted Gamer Sues Fortnite and Minecraft Over Video Game Addiction,esports-news,2026-01-31T06:21:03
https://www.shanethegamer.com/esports-news/call-of-duty-league-championship-2026-venue/,"Call of Duty League Championship 2026 Venue Confirmed, Tickets Are On Sale Now",esports-news,2026-01-31T05:32:23
https://www.shanethegamer.com/esports-news/ubisoft-unions-international-strike-return-to-office/,Ubisoft Unions Call 3 Days International Strike In February Over Return To Office And Cost Cutting,esports-news,2026-01-31T07:46:35
https://www.shanethegamer.com/esports-news/rainbow-six-siege-solid-snake-operator/,Rainbow Six Siege Teases Solid Snake Operator From Metal Gear Solid,esports-news,2026-01-31T05:45:43
https://www.shanethegamer.com/esports-news/haunted-chocolatier-development-update-concernedape/,"Stardew Valley Creator Shuts Down Haunted Chocolatier Abandonment Rumours, Says Game Is Still Progressing",esports-news,2026-01-30T13:02:43
https://www.shanethegamer.com/esports-news/dispatch-censored-nintendo-switch/,"Dispatch Censored on Nintendo Switch Due to Platform Rules, Forced Censorships Spark Backlash",esports-news,2026-01-30T12:42:44
https://www.shanethegamer.com/esports-news/crimson-desert-15-minute-gameplay-video/,Crimson Desert 15 Minute Gameplay Video Shows Open World Scale And New Features,esports-news,2026-01-30T12:28:20
https://www.shanethegamer.com/esports-news/rainbow-six-paris-pop-up-store/,Rainbow Six Paris Pop Up Store Opens Ahead Of Six Invitational 2026,esports-news,2026-01-31T15:14:54
https://www.shanethegamer.com/esports-news/tomodachi-life-living-the-dream-release-date/,"Tomodachi Life: Living the Dream Release Date Confirmed for April, Nintendo Teases Non-Binary Miis, Same-Sex Relationships, Weddings And Babies - Here's Everything You Need to Know",esports-news,2026-01-30T10:39:13
https://www.shanethegamer.com/esports-news/clash-royale-hero-goblins-hero-mega-minion-february-2026/,"Clash Royale Adds Hero Goblins And Hero Mega Minion, Touchdown Returns With A Twist In February 2026 Season",esports-news,2026-01-30T10:30:56
https://www.shanethegamer.com/esports-news/netease-games-montreal-layoffs-qa/,NetEase Games Montreal Layoffs Reportedly Impact QA Staff,esports-news,2026-01-29T16:16:29
https://www.shanethegamer.com/esports-news/blizzard-showcase-2026-schedule/,Blizzard Showcase 2026 Viewers Guide And Full Schedule Revealed,esports-news,2026-01-29T16:04:07
https://www.shanethegamer.com/esports-news/gta-6-physical-release-delay-2027/,Grand Theft Auto 6 Physical Release May Be Delayed to 2027,esports-news,2026-01-29T16:27:15
https://www.shanethegamer.com/esports-news/playstation-plus-february-2026-free-games/,"PlayStation Plus February 2026 Free Games Revealed Include Undisputed, Ace Combat 7, Subnautica Below Zero, and Ultros",esports-news,2026-01-29T15:31:19
https://www.shanethegamer.com/esports-news/vtuber-ovulation-tracker-website-backlash/,"VTuber Ovulation Tracker Website Is Diabolically Disturbing, Sparks Privacy Backlash",esports-news,2026-01-29T14:15:04
https://www.shanethegamer.com/esports-news/lck-cup-finals-hong-kong/,2026 LCK Cup Finals Venue to Be In Hong Kong At Kai Tak Arena,esports-news,2026-01-29T13:46:54
https://www.shanethegamer.com/esports-news/arc-raiders-server-issues-highwinds-update/,"Arc Raiders Server Issues Hit After Highwinds Update As Embark Confirms DDoS Attacks, Don't Log in!",esports-news,2026-01-29T08:16:14
https://www.shanethegamer.com/esports-news/tomodachi-life-living-the-dream-direct-january-2026/,Tomodachi Life: Living the Dream Gets Its Own Nintendo Direct This Week,esports-news,2026-01-28T18:15:18
https://www.shanethegamer.com/esports-news/mpkbk-moscow-50k-lan-cologne-vrs-cutoff/,"MPKBK Announces $50,000 Moscow LAN Ahead Of IEM Cologne Major VRS Cut-Off",esports-news,2026-01-28T18:05:03
https://www.shanethegamer.com/esports-news/solo-hunters-codes-january-2026/,Solo Hunters Codes January 2026 All Active Rewards Right Now and How to Redeem Them,esports-news,2026-01-28T17:44:12
https://www.shanethegamer.com/esports-news/terraria-1-4-5-bigger-and-boulder-update/,"Terraria 1.4.5 Bigger And Boulder Update Launches Across PC, Console, And Mobile",esports-news,2026-01-28T16:34:31
https://www.shanethegamer.com/esports-news/tenz-valorant-community-awards-2025-finalists/,TenZ Reveals Full Finalist List For 2025 VALORANT Community Awards,esports-news,2026-01-28T15:30:12
https://www.shanethegamer.com/esports-news/valve-steam-uk-class-action-lawsuit/,Valve Faces $900m Lawsuit Over Steam Monopoly And Pricing Practices In UK,esports-news,2026-01-28T15:00:05
https://www.shanethegamer.com/esports-news/brawl-stars-esports-2026-roadmap/,Supercell Reveals Full 2026 Brawl Stars Championship Roadmap With $2 Million Prize Pool,esports-news,2026-01-28T02:49:14
https://www.shanethegamer.com/esports-news/arc-raiders-headwinds-update-1-13-0/,"ARC Raiders Headwinds Update Goes Live With Solo Vs Squads, Trophy Displays And Major Quality Of Life Changes",esports-news,2026-01-28T02:32:47
https://www.shanethegamer.com/esports-news/pgl-wallachia-season-7-invited-teams/,PGL Wallachia Season 7 Invited Teams Revealed As $1 Million Dota 2 Event Returns To Bucharest,esports-news,2026-01-29T13:14:48
https://www.shanethegamer.com/video-gaming/helldivers-2-siege-breakers-warbond-february-3/,Helldivers 2 Siege Breakers Warbond Brings Heavy Firepower On February 3,video-gaming,2026-01-29T01:30:35
https://www.shanethegamer.com/esports-news/valorant-game-changers-emea-cash-cups-announced/,VALORANT Game Changers EMEA Cash Cups Announced As Riot Opens New Competitive Pathway,esports-news,2026-01-29T03:02:43
https://www.shanethegamer.com/esports-news/highguard-steam-reviews-negative-launch/,Highguard Launches To Mostly Negative Steam Reviews Despite Huge Player Turnout,esports-news,2026-01-28T02:39:55
https://www.shanethegamer.com/esports-news/valorant-premier-stage-v26a1-schedule/,"VALORANT Premier Schedule 2026 Revealed, Stage V26A1 Full Maps Rotation And March Playoffs",esports-news,2026-01-29T13:53:59
https://www.shanethegamer.com/esports-news/blast-efm-global-logistics-partnership-2026/,BLAST Partners With EFM Global To Power Its Global Esports Events In 2026,esports-news,2026-01-28T03:04:07
https://www.shanethegamer.com/esports-news/super-mario-galaxy-movie-yoshi-birdo-trailer-release-date/,"The Super Mario Galaxy Movie Reveals Yoshi, Birdo And An Earlier Release Date",esports-news,2026-01-27T05:31:11
https://www.shanethegamer.com/esports-news/steam-game-hack-vulnerability-screeps-fixed/,"This Steam Game Allegedly Could Let Other Players Hack Your PC, And The Developer Has Now Responded",esports-news,2026-01-27T02:44:37
https://www.shanethegamer.com/esports-news/mobile-legends-esports-nations-cup-2026/,Mobile Legends: Bang Bang Confirmed As First Game Listed At Esports Nations Cup 2026,esports-news,2026-01-27T02:14:19
https://www.shanethegamer.com/esports-news/team-vitality-signs-neia-tekken-8/,Team Vitality Signs 16 Year Old Tekken 8 Prodigy Neia For Next Two Seasons,esports-news,2026-01-26T23:42:05
https://www.shanethegamer.com/esports-news/aurora-gaming-m7-world-championship-4-0-alter-ego/,Aurora Gaming Lead Philippine Dominance With 4–0 Sweep Over Alter Ego In M7 Grand Finals,esports-news,2026-01-27T01:58:20
https://www.shanethegamer.com/esports-news/parivision-blast-bounty-winter-2026-finals/,PARIVISION Sweep Falcons To Claim BLAST Bounty Winter 2026 Title,esports-news,2026-01-27T01:13:19
https://www.shanethegamer.com/esports-news/wwe-2k26-attitude-era-edition-details/,"WWE 2K26 Attitude Era Edition: Pre-Order Date, Release Window, Cover Stars And Full Details",esports-news,2026-01-25T22:01:11
https://www.shanethegamer.com/esports-news/call-of-duty-warzone-resurgence-series-2026/,Activision Unveils $1.2m Call of Duty Warzone Resurgence Series With DreamHack LANs And EWC Championship,esports-news,2026-01-27T01:03:42
https://www.shanethegamer.com/esports-news/supergaming-loud-prime-rush-mobile-battle-royale/,Prime Rush Debuts In Brazil As A Mobile Battle Royale by SuperGaming and LOUD Parent Company,esports-news,2026-01-27T00:46:59
https://www.shanethegamer.com/esports-news/arc-raiders-escalation-roadmap-2026/,"ARC Raiders Escalation Roadmap Revealed With New Map, ARC Threats And Major Updates Through April 2026",esports-news,2026-01-25T22:26:29
https://www.shanethegamer.com/esports-news/dallas-fuel-overwatch-owcs-2026-roster/,Dallas Fuel Returns To Overwatch With Revamped Roster For OWCS 2026,esports-news,2026-01-25T22:37:28
https://www.shanethegamer.com/esports-news/2xko-2026-esports-calendar/,2XKO Reveals Full 2026 Esports Calendar With Five Major Events And 15 Challengers,esports-news,2026-01-25T23:07:09
https://www.shanethegamer.com/esports-news/fable-reboot-open-world-release-platforms/,"Fable Returns With A Powerful Open World Reboot, Launching Across Xbox, PC And PS5 This Autumn 2026",esports-news,2026-01-24T03:20:20
https://www.shanethegamer.com/esports-news/fnatic-blacklyte-athena-pro-gaming-chair/,Fnatic And Blacklyte Unveil Co-Branded Athena Pro Gaming Chair,esports-news,2026-01-27T00:57:20
https://www.shanethegamer.com/esports-news/team-falcons-signs-carljr-trackmania/,"Team Falcons Signs 7 Time Trackmania World Champion CarlJr, Expands Into Arcade Racing Esports",esports-news,2026-01-24T00:41:52
https://www.shanethegamer.com/esports-news/arknights-endfield-codes-january-2026/,"Arknights Endfield Codes January 2026, All Active Redeem Codes And How To Claim Free Rewards",esports-news,2026-01-25T00:41:50
https://www.shanethegamer.com/esports-news/epic-games-store-free-games-boost-steam-sales-2/,Tim Sweeney Responds As Epic Free Games Boost Steam Sales And Ignite Storefront Debate,esports-news,2026-01-23T23:35:49
https://www.shanethegamer.com/esports-news/epic-google-unreal-engine-800-million-deal/,Epic And Google Quietly Signed $800 Million Deal To Help Market Android,esports-news,2026-01-24T00:56:08
https://www.shanethegamer.com/esports-news/cs2-premier-season-four-update-anubis-mp7-buff/,Major Anubis Changes And MP7 Buff Highlight Counter-Strike 2 Premier Season Four Update,esports-news,2026-01-24T01:10:13
https://www.shanethegamer.com/esports-news/sparkli-ai-learning-platform-kids/,"Sparkli, The ‘Anti-Chatbot’ AI Platform Turning Screen Time Into Game Like Interactive Learning For Kids, Raises $5 Million From Google And YouTube Veterans",esports-news,2026-01-23T22:58:59
https://www.shanethegamer.com/esports-news/s1mple-bc-game-miss-iem-rio-2026/,s1mple BC.Game Will Not Play At IEM Rio 2026 After Qualifier Exit,esports-news,2026-01-24T01:22:03
https://www.shanethegamer.com/esports-news/ubisoft-shares-crash-restructure-ai-game-cancellations/,"Ubisoft Shares Crash 33 Percent After Restructure, Six Game Cancellations And Bold Gen AI Push",esports-news,2026-01-22T23:10:22
https://www.shanethegamer.com/esports-news/xbox-game-pass-january-february-2026-games/,"Xbox Game Pass Adds Death Stranding Director’s Cut, Space Marine II, And A Huge January Lineup",esports-news,2026-01-22T22:47:48
https://www.shanethegamer.com/esports-news/halo-campaign-evolved-ps5-first-playstation-release/,Halo Campaign Evolved PS5 Debut Marks A Major Shift For Xbox’s Biggest Franchise,esports-news,2026-01-28T12:56:46
https://www.shanethegamer.com/esports-news/motorsport-uk-cross-car-esports-cup-real-world-racing/,Motorsport UK Launches Cross Car Esports Cup Where Winners Get To Race For Real,esports-news,2026-01-22T01:59:42
https://www.shanethegamer.com/esports-news/life-is-strange-reunion-max-chloe-release-details/,"Life Is Strange Reunion Brings Max And Chloe Back This March, Everything You Need To Know",esports-news,2026-01-22T01:15:18
https://www.shanethegamer.com/esports-news/nintendo-switch-2-japan-sales-2025-market-growth/,"3.78 Million Units And Counting, Nintendo Switch 2 Becomes Japan’s Fastest-Selling Console Ever",esports-news,2026-01-22T00:37:49
https://www.shanethegamer.com/esports-news/xbox-cloud-gaming-free-ad-supported-tier/,Xbox Cloud Gaming Reportedly Set To Launch Free Ad-Supported Tier Later This Year,esports-news,2026-01-21T02:39:13
https://www.shanethegamer.com/esports-news/resident-evil-code-veronica-remake-2026/,"Resident Evil Code Veronica Remake Reportedly Set For 2026 Reveal, Not Resident Evil 5",esports-news,2026-01-21T02:07:40
https://www.shanethegamer.com/esports-news/xbox-developer-direct-2026-how-to-watch/,"Xbox Developer Direct 2026: How To Watch, Start Time, Confirmed Games And What To Expect",esports-news,2026-01-21T01:50:23
https://www.shanethegamer.com/esports-news/ningtendo-pxbox-5-ps5-xbox-nintendo-console/,"Ningtendo PXBOX 5 - Now You May Play PlayStation, Xbox And Nintendo On One Console",esports-news,2026-01-21T01:27:38
https://www.shanethegamer.com/esports-news/falcons-zonic-miss-blast-bounty-winter-2026-finals/,Falcons To Play BLAST Bounty Winter 2026 Finals Without Zonic After Family Tragedy,esports-news,2026-01-20T23:58:20
https://www.shanethegamer.com/esports-news/animejapan-2026-50-stage-lineup-tickets/,AnimeJapan 2026 Confirmed For March With Full 50-Stage Lineup Revealed As Ticket Sales Go Live,esports-news,2026-01-20T23:31:07
https://www.shanethegamer.com/esports-news/fallout-legends-mod-release/,"Fallout Legends Finally Releases After 10 Years, Bringing Every Fallout Era Into Fallout 3",esports-news,2026-01-20T23:05:10
https://www.shanethegamer.com/esports-news/rockstar-north-explosion-gta-6-edinburgh/,"GTA 6 Studio Hit By Explosion, Will Rockstar North Incident Affect Development?",esports-news,2026-01-21T00:05:36
https://www.shanethegamer.com/esports-news/bungie-marathon-release-date-march-2026/,Marathon Release Date Confirmed For March With New Trailer And Limited Edition DualSense Controller,esports-news,2026-01-20T22:57:08
https://www.shanethegamer.com/esports-news/team-vitality-age-of-empires-ii-roster-hera-liereyy-hearttt/,"Team Vitality Enters Age Of Empires II With Hera, Liereyy, And Hearttt",esports-news,2026-01-20T03:42:53
https://www.shanethegamer.com/esports-news/trackmania-joins-esports-world-cup-2026-as-final-game-title-with-500000-prize-pool/,"Trackmania Joins Esports World Cup 2026 As Final Game Title With $500,000 Prize Pool",esports-news,2026-01-21T02:21:03
https://www.shanethegamer.com/esports-news/lord-of-mysteries-mmorpg-first-gameplay-tingen-city/,Lord Of Mysteries MMORPG Reveals First Gameplay Footage,esports-news,2026-01-20T01:51:07
https://www.shanethegamer.com/esports-news/gta-6-russia-ban-censorship/,Russia Calls For GTA 6 Ban Or Censored Release Over Claims Of Male Strippers,esports-news,2026-01-20T01:00:44
https://www.shanethegamer.com/esports-news/playstation-plus-january-2026-games/,"PlayStation Plus Game Catalog For January Delivers Horror, RPGs And A Classic Racer",esports-news,2026-01-19T23:47:36
https://www.shanethegamer.com/esports-news/zywoo-100-aces-cs2-history/,ZywOo Makes CS History With 100th Ace In Official Matches,esports-news,2026-01-19T23:30:25
https://www.shanethegamer.com/esports-news/cs2-major-buenos-aires-2027/,FiReSPORTS To Host Argentina’s First CS2 Major In Buenos Aires In 2027,esports-news,2026-01-19T23:17:14
https://www.shanethegamer.com/esports-news/blast-bounty-season-1-finals-teams/,BLAST Bounty Season 1 Finals Locked In As Only Four Top 10 Teams Survive Online Stage,esports-news,2026-01-19T23:09:12
https://www.shanethegamer.com/esports-news/keoz-kono-unpaid-salary-dispute/,Keoz Accuses kONO Of Pressure And Defamation In Unpaid Salary Dispute,esports-news,2026-01-22T01:01:36
https://www.shanethegamer.com/esports-news/falcons-kyousuke-misses-blast-bounty-malta/,"Kyousuke Misses BLAST Bounty Malta Playoffs, Falcons Turn To Academy Stand-In",esports-news,2026-01-19T21:57:29
https://www.shanethegamer.com/esports-news/arknights-endfield-ps5-january-22/,Arknights Endfield Brings Action RPG Combat And Industrial Ambition To PS5 On January 22,esports-news,2026-01-19T21:22:16
https://www.shanethegamer.com/esports-news/corsair-signs-gumayusi-worlds-2025-mvp/,Corsair Signs Worlds 2025 MVP Gumayusi As Global Esports Ambassador,esports-news,2026-01-22T22:14:14
https://www.shanethegamer.com/esports-news/call-of-duty-ranked-play-new-anti-cheat/,Call of Duty Introduces Stronger Anti Cheat To Stop Cheaters Before Ranked Matches,esports-news,2026-01-22T22:04:20
https://www.shanethegamer.com/esports-news/epic-games-store-free-games-boost-steam-sales/,"Blood West Was Free On Epic Games Store, But Sold 200 Percent More On Steam, New Blood CEO Reveals",esports-news,2026-01-22T01:36:09
https://www.shanethegamer.com/esports-news/t1-fortnite-roster-2026-demus-darm-fncs/,T1 Returns To Fortnite Esports With Demus And Darm For FNCS 2026,esports-news,2026-01-22T21:32:43
https://www.shanethegamer.com/esports-news/steve-maida-reacquires-luminosity-gaming/,"Steve Maida Reacquires Luminosity Gaming, Founder Takes Back Control After Turbulent Sale",esports-news,2026-01-22T21:23:55
https://www.shanethegamer.com/esports-news/mtg-fallout-secret-lair-rad-superdrop-2026/,MTG Fallout Secret Lair Rad Superdrop Goes Nuclear With New Cards And Big Reprints,esports-news,2026-01-19T21:22:42
https://www.shanethegamer.com/esports-news/esl-pro-league-season-23-team-invites/,ESL Pro League Season 23 Invites Revealed As Vitality And Falcons Decline Spots,esports-news,2026-01-16T21:27:44
https://www.shanethegamer.com/esports-news/global-social-media-bans-children-age-verification/,The World Is Getting Serious About Keeping Kids Off Social Media,esports-news,2026-01-16T20:26:19
https://www.shanethegamer.com/esports-news/cs2-anubis-replaces-train-season-4/,Anubis Returns To CS2 As It Replaces Train In Premier Season 4,esports-news,2026-01-16T19:59:56
https://www.shanethegamer.com/esports-news/most-successful-esports-teams-ranked/,Team Liquid Crowned The Most Successful Esports Team In The World,esports-news,2026-01-16T20:29:43
https://www.shanethegamer.com/esports-news/iem-rio-2026-invited-teams/,IEM Rio 2026 Invited Teams Revealed Confirming The Full Line-Up for Brazil Return,esports-news,2026-01-16T18:45:33
https://www.shanethegamer.com/esports-news/most-popular-video-game-characters-2026/,Mario Tops The List As The World’s Most Popular Video Game Character Online,esports-news,2026-01-16T18:31:54
https://www.shanethegamer.com/esports-news/fire-emblem-path-of-radiance-switch-online-switch-2/,Nintendo Switch Online Added a New GameCube Classic For Switch 2 Players,esports-news,2026-01-11T21:23:24
https://www.shanethegamer.com/esports-news/crimson-desert-open-world-bigger-than-skyrim-rdr2/,"Crimson Desert Open World Is Bigger Than Skyrim And Red Dead Redemption 2 Combined, Pearl Abyss Confirms",esports-news,2026-01-11T18:42:49
https://www.shanethegamer.com/esports-news/minecraft-realms-down-bedrock-outage-january-2026/,Minecraft Realms Outage and Worldwide Down Frustrates Players As Server Errors Continue,esports-news,2026-01-11T17:15:38
https://www.shanethegamer.com/esports-news/how-to-get-67-wizard-emote-clash-royale-2026/,"How To Get 67 Brainrot Wizard, Goblin Mimimi, Sneaky Golem, And Other Meme Emotes In Clash Royale In 2026",esports-news,2026-01-09T16:12:39
https://www.shanethegamer.com/esports-news/league-of-legends-season-1-2026-for-demacia/,"League Of Legends Kicks Off 2026 With Season 1: For Demacia, Major Gameplay Changes, New Skins, And Esports Overhaul",esports-news,2026-01-09T15:39:10
https://www.shanethegamer.com/esports-news/league-of-legends-2026-for-demacia-cinematic-salvation/,League Of Legends Unveils 2026 For Demacia Cinematic Salvation,esports-news,2026-01-09T15:07:12
https://www.shanethegamer.com/esports-news/how-to-get-stolen-heart-the-forge/,How To Get Stolen Heart In The Forge And What It Is Used For,esports-news,2026-01-09T14:55:43
https://www.shanethegamer.com/esports-news/honor-of-kings-womens-series-2026/,Honor Of Queens Rebrands As Honor Of Kings Women Series For 2026,esports-news,2026-01-03T16:10:45
https://www.shanethegamer.com/esports-news/genshin-impact-6-3-codes-january-2026/,Genshin Impact 6.3 Livestream Codes And Active Free Rewards For January 2026,esports-news,2026-01-03T16:06:06
https://www.shanethegamer.com/esports-news/playstation-plus-january-2026-free-games/,PlayStation Plus January 2026 Free Games Revealed For PS5 And PS4,esports-news,2026-01-03T15:40:11
https://www.shanethegamer.com/esports-news/xbox-game-pass-games-leaving-january-2026/,Xbox Game Pass Games Leaving In January 2026 You Should Play Before Time Runs Out,esports-news,2026-01-03T15:32:52
https://www.shanethegamer.com/esports-news/the-mongolz-cobrazera-replace-senzu/,The MongolZ Confirm cobrazera Signing After Senzu Benching,esports-news,2026-01-03T15:03:54
https://www.shanethegamer.com/esports-news/500-esports-withdraws-from-counter-strike/,500 Esports Exits From Counter-Strike Following New Valve Rules,esports-news,2026-01-03T14:54:43
https://www.shanethegamer.com/esports-news/wildcard-cs2-roster-2026/,Wildcard Introduces Brand New CS2 Roster For 2026 Season,esports-news,2026-01-03T14:48:17
https://www.shanethegamer.com/esports-news/m80-signs-hikari-2xko-player/,M80 Signs Dragon Ball FighterZ Legend Hikari As 2XKO Player,esports-news,2026-01-03T14:40:00
https://www.shanethegamer.com/esports-news/marvel-rivals-ignite-team-partners-program/,Marvel Rivals Opens Global Applications For Ignite Esports Partner Program,esports-news,2026-01-03T14:09:39
https://www.shanethegamer.com/esports-news/sony-removes-shadow-tactics-playstation-glitch/,PlayStation Removes Free Shadow Tactics Copies From Player Libraries,esports-news,2026-01-01T03:30:23
https://www.shanethegamer.com/esports-news/magnus-carlsen-20th-world-title-blitz-2025/,Magnus Carlsen Claims 20th World Title With Dramatic Blitz Win in Doha,esports-news,2026-01-01T03:18:30
https://www.shanethegamer.com/esports-news/honor-of-kings-esports-2026-global-league-roster-rules/,Honor of Kings Confirms Global Esports Changes For 2026,esports-news,2026-01-01T02:56:10
https://www.shanethegamer.com/esports-news/unicorns-of-love-crowdfunding-11-percent/,Unicorns of Love Open 11% of Organisation to Fans in Crowdfunding Move,esports-news,2026-01-01T02:40:12
https://www.shanethegamer.com/esports-news/esl-boosts-iem-china-2026-prize-pool-to-1-25-million-with-club-reward-adjustment/,ESL Boosts IEM China 2026 Prize Pool to $1.25 Million With Club Reward Adjustment,esports-news,2026-01-01T02:35:17
https://www.shanethegamer.com/esports-news/betboom-team-new-ceo-artem-pioneer-saveliev/,BetBoom Team Appoints Pioneer as New CEO,esports-news,2026-01-01T00:33:51
https://www.shanethegamer.com/esports-news/zweih-joins-parivision-aw-departs-cs2/,zweih Joins PARIVISION Confirmed as AW Departs Ahead of 2026 CS2 Season,esports-news,2025-12-31T03:06:20
https://www.shanethegamer.com/esports-news/ps6-release-date-delay-ram-shortage/,PS6 and the Next Xbox Release Dates Could Be Delayed as AI Fuels RAM Shortages,esports-news,2025-12-31T02:50:52
https://www.shanethegamer.com/esports-news/karsa-retirement-league-of-legends/,Karsa Announces Retirement After Twelve-Year League of Legends Career,esports-news,2025-12-31T02:34:59
https://www.shanethegamer.com/esports-news/frag-20-las-vegas-cs2-lan/,"FRAG 20 Brings $50,000 Hybrid Counter-Strike 2 LAN to Las Vegas",esports-news,2025-12-31T02:07:52
https://www.shanethegamer.com/esports-news/faze-clan-esports-focus-2026/,FaZe Clan Confirms Esports Will Be Its Main Focus After Creator Exodus,esports-news,2025-12-31T01:01:46
https://www.shanethegamer.com/esports-news/bc-game-faze-clan-10-million-transfer/,BC.Game Linked to Massive $10 Million Attempt to Sign FaZe Clan Core,esports-news,2025-12-30T01:47:26
https://www.shanethegamer.com/esports-news/astralis-dev1ce-magisk-roster-changes-cs2/,dev1ce and Magisk leave Astralis as Team Signals New International Direction,esports-news,2025-12-30T01:39:15
https://www.shanethegamer.com/esports-news/aurora-bench-jottaaa-sign-soulfly-cs2/,Aurora Bench jottAAA and Sign soulfly in Major CS2 Roster Shake-Up,esports-news,2025-12-30T01:23:53
https://www.shanethegamer.com/esports-news/rainbow-six-siege-hacked-global-server-outage/,Rainbow Six Siege Hacked as Players Get Billions of Credits and Random Bans,esports-news,2025-12-28T03:07:39
https://www.shanethegamer.com/esports-news/clash-royale-redeem-codes-december-2025/,Clash Royale All Working Redeem Codes for December 2025,esports-news,2025-12-28T02:44:34
https://www.shanethegamer.com/esports-news/gta-6-price-not-100/,"GTA 6 Likely to Launch at $70, Not $100, Says Former Rockstar Developer",esports-news,2025-12-28T02:10:11
https://www.shanethegamer.com/esports-news/stardew-valley-switch-2-edition-free-upgrade/,Stardew Valley Switch 2 Edition Is Out Now With Free Upgrade for Existing Owners,esports-news,2025-12-28T01:37:57
https://www.shanethegamer.com/esports-news/zweih-parivision-roster-rumour-cs2/,zweih is Rumoured to Join PARIVISION,esports-news,2025-12-28T02:45:27
https://www.shanethegamer.com/esports-news/themongolz-controlez-departure/,The MongolZ Officially Say Goodbye to controlez After Stand-In Run,esports-news,2025-12-28T01:13:50
https://www.shanethegamer.com/esports-news/ea-shutting-down-games-january-2026/,"EA Is Shutting Down Three Games in January 2026, Anthem, The Sims Mobile and NBA Live 19 Face the End",esports-news,2025-12-27T22:55:44
https://www.shanethegamer.com/esports-news/faze-clan-members-leaving-adapt-banks-drama/,"FaZe Clan Members Are Leaving as Adapt, Lacy, Silky and More Suddenly Exit the Organisation",esports-news,2025-12-27T00:27:33
https://www.shanethegamer.com/esports-news/team-tidebound-exits-dota-2-competitive-scene/,Team Tidebound Confirms Exit From Dota 2 Competitive Scene After One Year,esports-news,2025-12-27T00:15:50
https://www.shanethegamer.com/esports-news/oner-contract-extension-t1-2028/,Oner and Faker Lock In T1’s Future as Jungler Extends Contract Until 2028,esports-news,2025-12-27T00:11:37
https://www.shanethegamer.com/esports-news/faker-mcdonalds-korea-lucky-burger-charity/,Faker Teams Up With McDonald’s Korea for Holiday Lucky Burger Charity Campaign,esports-news,2025-12-27T00:06:55
https://www.shanethegamer.com/esports-news/todak-gaming-closes-esports-division/,"Todak Gaming Closes Esports Division After Eight Years, Predator APAC 2026 Set as Final Event",esports-news,2025-12-27T00:00:22
https://www.shanethegamer.com/esports-news/falcons-deny-jimpphat-aleksib-rumours/,"Falcons Shut Down Jimpphat and Aleksib Rumours, Management Says No CS2 Roster Changes",esports-news,2025-12-26T23:49:28
https://www.shanethegamer.com/esports-news/jb-pro-league-female-2026-cs2/,"JB Pro League Launches $25,000 Female CS2 Tournament for Early 2026",esports-news,2025-12-26T23:44:00
https://www.shanethegamer.com/esports-news/anime-final-quest-codes-december-2025/,"Anime Final Quest Codes December 2025: Get Free Spins, Cash, and Rewards Right Now",esports-news,2025-12-25T00:07:03
https://www.shanethegamer.com/esports-news/cyberpunk-2077-switch-2-discount-error-honoured/,"Cyberpunk 2077 Switch 2 Massive Discount Was a Mistake, CD Projekt Red Will Honour Purchases",esports-news,2025-12-24T23:48:44
https://www.shanethegamer.com/esports-news/onic-win-mlbb-games-of-the-future-2025/,ONIC Win MLBB Championship at Games of the Future 2025,esports-news,2025-12-25T00:07:25
https://www.shanethegamer.com/esports-news/paper-rex-back-to-back-radiant-international-invitational-2025/,Paper Rex Crowned Radiant Invitational Champions Once More,esports-news,2025-12-23T13:51:12
https://www.shanethegamer.com/esports-news/mouz-exits-valorant-vct-structure/,MOUZ Confirms Exit From VALORANT After Four Years,esports-news,2025-12-23T13:37:49
https://www.shanethegamer.com/esports-news/hearthstone-esports-2026-roadmap/,"Hearthstone Esports Set for a Big 2026 With New Tournaments and $500,000 World Championship",esports-news,2025-12-23T13:33:19
https://www.shanethegamer.com/esports-news/g2-esports-disbands-g2-hel-womens-lol/,G2 Esports Disbands G2 Hel After Three Years of Success,esports-news,2025-12-23T13:26:20
https://www.shanethegamer.com/esports-news/100-thieves-gla1ve-head-coach-cs2/,100 Thieves Appoint gla1ve as Head Coach for CS2 Return,esports-news,2025-12-23T13:21:14
https://www.shanethegamer.com/esports-news/pgl-masters-bucharest-2026-cs2/,"PGL Moves CS2 2026 Event to Bucharest, Confirms $1.25 Million PGL Masters",esports-news,2025-12-23T13:13:19
https://www.shanethegamer.com/esports-news/most-watched-esports-teams-2025/,"T1, ONIC and Team Vitality Headline The Most Watched Esports Teams of 2025",esports-news,2025-12-23T13:07:34
https://www.shanethegamer.com/esports-news/team-spirit-cs2-roster-changes-budapest-major/,magixx and zont1x Returns in Team Spirit CS2 Roster Changes,esports-news,2025-12-23T13:00:24
https://www.shanethegamer.com/esports-news/jujutsu-zero-codes-december-2025/,"Roblox Jujutsu Zero Codes for December 2025, All Active Rewards and How to Redeem Them",esports-news,2025-12-23T10:57:48
https://www.shanethegamer.com/esports-news/vince-zampella-death-call-of-duty/,Call of Duty Co-Creator Vince Zampella Dies Aged 55 in Tragic California Car Crash,esports-news,2025-12-24T21:55:18
https://www.shanethegamer.com/esports-news/ipad-childhood-hidden-risks-children/,Experts Warn Heavy “iPad Childhood” Is Quietly Hurting Kids in Three Key Ways,esports-news,2025-12-23T10:13:50
https://www.shanethegamer.com/esports-news/jynxzi-juicy-drop-clash-royale-2v2-winners/,"Broyale and Ian77 Win $20,000 at Jynxzi x Juicy Drop Clash Royale 2v2 Invitational",esports-news,2025-12-23T09:49:11
https://www.shanethegamer.com/esports-news/most-watched-twitch-streamers-2025/,Here Are The Most Watched Twitch Streamers in Late 2025,esports-news,2025-12-23T08:55:51
https://www.shanethegamer.com/esports-news/here-to-slay-banner-quest-expansion/,"Here to Slay: Banner Quest Expansion Finally Arrives, Bringing a Major Shake Up to the Game",esports-news,2025-12-22T06:50:36
https://www.shanethegamer.com/esports-news/jynxzi-clash-royale-2v2-tournament/,"Jynxzi and Juicy Drop Team Up for $20,000 Clash Royale 2v2 Invitational Tournament on Twitch",esports-news,2025-12-22T02:32:13
https://www.shanethegamer.com/esports-news/clair-obscur-expedition-33-disqualified-gen-ai/,Clair Obscur Expedition 33 Disqualified From Indie Game Awards Over Gen AI,esports-news,2025-12-22T01:59:51
https://www.shanethegamer.com/esports-news/real-racing-3-shutdown-2026/,"Real Racing 3 Is Taking Its Final Lap After 12 Years, Servers to Shut Down in 2026",esports-news,2025-12-22T01:48:44
https://www.shanethegamer.com/esports-news/fortnite-ios-app-store-japan-altstore-pal-ban/,"Fortnite Will Not Return to the iOS App Store in Japan, But AltStore PAL Brings It Back to iPhone",esports-news,2025-12-18T22:45:17
https://www.shanethegamer.com/esports-news/fortnite-esports-world-cup-2026-reload-elite-series/,Fortnite Joins Esports World Cup 2026 With $2.5 Million Reload Elite Series,esports-news,2025-12-18T22:08:08
https://www.shanethegamer.com/esports-news/degster-free-agent-cs2-2026/,CS2 AWPer Degster Becomes Free Agent Ahead of 2026 Season,esports-news,2025-12-18T21:54:47
https://www.shanethegamer.com/esports-news/supervive-shutdown-february-2026/,SUPERVIVE MOBA Battle Royale to Shut Down Live Service in February 2026,esports-news,2025-12-18T21:46:16
https://www.shanethegamer.com/esports-news/rrq-returns-apex-legends-algs-year-5-roster/,RRQ Returns to Apex Legends With New Roster Ahead of ALGS Year 5 Championship,esports-news,2025-12-18T21:28:55
https://www.shanethegamer.com/esports-news/twitch-lead-moderator-role-introduced/,Twitch Introduces New Lead Moderator Role to Help Streamers Manage Growing Communities,esports-news,2025-12-18T21:17:45
https://www.shanethegamer.com/esports-news/fnatic-signs-vladi-lec-2026-roster/,Fnatic Complete LEC 2026 Roster With Vladi Signing,esports-news,2025-12-18T21:08:45
https://www.shanethegamer.com/esports-news/blast-bounty-season-1-2026-teams-revealed/,BLAST Bounty Season 1 2026 Teams Revealed as Counter-Strike’s New Year Kick-Off Takes Shape,esports-news,2025-12-18T20:41:58
https://www.shanethegamer.com/esports-news/esports-prize-money-2025-cs-dominates/,Counter Strike Dominates as Esports Prize Money Passes $270 Million in 2025,esports-news,2025-12-18T20:26:48
https://www.shanethegamer.com/esports-news/pokemon-go-kyurem-fusion-raid-day-january-2026/,Pokemon GO Kyurem Fusion Raid Day Brings Black and White Kyurem to Raids in January 2026,esports-news,2025-12-18T20:12:20
https://www.shanethegamer.com/esports-news/kick-ceo-confirms-ads-coming/,"Kick CEO Confirms Ads Are Coming, Ending the Platform’s Ad Free Era",esports-news,2025-12-18T18:37:57
https://www.shanethegamer.com/esports-news/steam-winter-sale-2025-start-time-discounts/,"Steam Winter Sale 2025 Kicks Off This Week With Big Discounts on Hades II, Elden Ring Nightreign, and More",esports-news,2025-12-18T18:29:57
https://www.shanethegamer.com/esports-news/elder-scrolls-6-development-update-todd-howard/,"Todd Howard Says The Elder Scrolls 6 Is Progressing Well, But Fans Will Need Patience",esports-news,2025-12-18T18:23:34
https://www.shanethegamer.com/esports-news/lec-versus-2026-format-teams-tickets/,"LEC Versus kicks off 2026 with new format, ERL guests, and ticket details revealed",esports-news,2025-12-17T22:10:49
https://www.shanethegamer.com/esports-news/thailand-aov-team-disqualified-sea-games/,SEA Games Esports Shock as Thailand’s AoV Team Is Disqualified Over Cheating Allegation,esports-news,2025-12-17T07:28:14
https://www.shanethegamer.com/esports-news/ctbc-flying-oyster-signs-shad0w-2026-lcp/,CTBC Flying Oyster Locks In Shad0w for 2026 LCP Push,esports-news,2025-12-17T05:17:05
https://www.shanethegamer.com/esports-news/aurora-gaming-apex-legends-return-navi-roster/,Aurora Gaming Makes Its Apex Legends Comeback With Former NAVI Roster,esports-news,2025-12-17T04:51:53
https://www.shanethegamer.com/esports-news/pgl-secretlab-partnership-2026/,PGL and Secretlab Partner to Deliver Precision Tournament Setups Across All 2026 Events,esports-news,2025-12-17T04:44:17
https://www.shanethegamer.com/esports-news/larian-divinity-biggest-game-ever/,"Larian Unveils Divinity, Its Biggest and Darkest RPG Yet, Bigger Than Baldur’s Gate 3",esports-news,2025-12-17T04:29:28
https://www.shanethegamer.com/esports-news/universal-tower-defense-codes-december-2025/,"Universal Tower Defense Codes for December 2025, Free Gems and Rerolls Available Now",esports-news,2025-12-17T04:18:02
https://www.shanethegamer.com/esports-news/arc-raiders-cold-snap-update-1-7-0/,Arc Raiders Cold Snap Update Goes Live With Massive 1.7.0 Patch and Winter Events,esports-news,2025-12-17T03:02:27
https://www.shanethegamer.com/esports-news/hollow-knight-silksong-sea-of-sorrow-expansion-2026/,Hollow Knight: Silksong Gets Free DLC Sea of Sorrow Expansion and Original Game Refreshed for Switch 2,esports-news,2025-12-17T02:53:18
https://www.shanethegamer.com/esports-news/dota-2-patch-7-40-largo-new-hero-update/,"Dota 2 Unveils Largo, a Guitar Frog Hero-Style Support in Massive Patch 7.40 Update",esports-news,2025-12-17T02:33:10
https://www.shanethegamer.com/esports-news/street-fighter-live-action-movie-teaser-2026/,"Street Fighter Live-Action Movie Teaser Revealed at The Game Awards, Full Cast and Release Date Confirmed",esports-news,2025-12-15T01:25:44
https://www.shanethegamer.com/esports-news/hogwarts-legacy-free-epic-games-store-how-to-claim/,"Hogwarts Legacy Is Free Right Now on Epic Games Store, Here’s How to Claim It Before It’s Gone",esports-news,2025-12-15T01:04:25
https://www.shanethegamer.com/esports-news/fc-26-pros-pay-to-win-early/,"FC 26 Pros Say the Game Feels Pay to Win Early, but Skill Still Decides the Top Level",esports-news,2025-12-15T00:24:43
https://www.shanethegamer.com/esports-news/gaming-fanbases-swear-the-most-study/,"Study Reveals Which Gaming Fanbases Swear the Most Online, and Fortnite Isn’t One of Them",esports-news,2025-12-14T23:08:20
https://www.shanethegamer.com/esports-news/canada-battle-of-bc-8-open-registration-2026/,"Canada’s Battle of BC 8 Opens Registration for 2026 With 2XKO, Street Fighter 6, Tekken 8, and Rivals of Aether 2",esports-news,2025-12-15T00:02:36
https://www.shanethegamer.com/esports-news/kim-kardashian-fortnite-skins-release-date-prices/,Kim Kardashian Drops Into Fortnite With a Full Icon Series Makeover This Week,esports-news,2025-12-11T21:29:13
https://www.shanethegamer.com/esports-news/playstation-2025-wrap-up-recap/,"PlayStation’s 2025 Wrap Up Is Live, Letting Players Relive a Huge Year of Gaming",esports-news,2025-12-11T20:24:41
https://www.shanethegamer.com/esports-news/couragejd-icon-series-fortnite-tournament-icon-cup/,"CouRageJD Unveils Icon Series Skin and $100,000 Fortnite Tournament This Week",esports-news,2025-12-10T11:51:52
https://www.shanethegamer.com/esports-news/fatal-fury-city-of-the-wolves-season-2-january-2026/,"Fatal Fury: City of the Wolves Confirms Season 2 for January 2026, With More Reveals on the Way",esports-news,2025-12-10T11:40:00
https://www.shanethegamer.com/esports-news/project-blender-lan-finals-cancelled/,Project Blender Shifts Phase 4 LAN Finals Online After Visa and Logistics Setbacks,esports-news,2025-12-09T23:16:00
https://www.shanethegamer.com/esports-news/boom-esports-exits-dota-2-division/,BOOM Esports Shuts Down Its Dota 2 Division After Eight Years,esports-news,2025-12-09T23:03:19
https://www.shanethegamer.com/esports-news/petra-stoker-valorant-retirement-g2-gozen/,Petra Retires After a Decade of FPS Dominance in Valorant and CS,esports-news,2025-12-09T22:57:26
https://www.shanethegamer.com/esports-news/esl-annual-club-incentive-2025-final-standings/,Team Falcons Top ESL Final Annual Club Incentive Standings For 2025,esports-news,2025-12-09T22:26:34
https://www.shanethegamer.com/esports-news/team-fortress-2-classified-mod-delay-name-change/,"Team Fortress 2 Classic Returns as Team Fortress 2 Classified, but the Big Change Has Players Scratching Their Heads",esports-news,2025-12-09T22:13:36
https://www.shanethegamer.com/esports-news/skate-story-review-hell-skateboarding-game/,Skate Story Review: Hell Has Never Been a Cooler Place to Skate,esports-news,2025-12-09T21:59:24
https://www.shanethegamer.com/esports-news/pokemon-go-remote-trading-update/,"Pokemon GO Finally Adds Remote Trading, But There’s a Major Catch",esports-news,2025-12-09T21:24:30
https://www.shanethegamer.com/esports-news/full-sense-vct-pacific-2026-roster-talons-replacement/,FULL SENSE Joins VCT Pacific 2026 With Former TALON Roster,esports-news,2025-12-09T00:24:27
https://www.shanethegamer.com/esports-news/pgl-singapore-major-2026-announced/,PGL Announces Singapore CS2 Major 2026 With New Format And A Historic First For Southeast Asia,esports-news,2025-12-09T00:18:36
https://www.shanethegamer.com/esports-news/starladder-budapest-major-2025-playoffs-cet/,StarLadder Budapest Major 2025 Playoffs Matchups Locked In,esports-news,2025-12-09T00:11:43
https://www.shanethegamer.com/esports-news/escape-from-tarkov-pay2win-code-joke/,"Escape From Tarkov’s New Redeem Code Gives Players a Free Bundle, But There’s a Catch",esports-news,2025-12-08T22:29:44
https://www.shanethegamer.com/esports-news/valorant-mobile-global-release-date/,Valorant Mobile Massive Launch in China Sparks Fresh Hopes For A Global Release,esports-news,2025-12-05T02:30:26
https://www.shanethegamer.com/esports-news/marvel-rivals-2026-caster-program/,Marvel Rivals Opens 2026 Caster Applications as Esports Plans Take Shape,esports-news,2025-12-05T02:02:22
https://www.shanethegamer.com/esports-news/geoguessr-2026-roadmap/,GeoGuessr Reveals The World Championship 2026 Roadmap,esports-news,2025-12-05T01:51:28
https://www.shanethegamer.com/esports-news/navi-valorant-vct-2026-roster-reveal/,NAVI Reveals New VALORANT Lineup for VCT 2026,esports-news,2025-12-05T01:43:10
https://www.shanethegamer.com/esports-news/ulf-esports-salary-allegations/,ULF Esports Denies Unpaid Salary Claims as Players Call for Transparency,esports-news,2025-12-05T01:29:39
https://www.shanethegamer.com/esports-news/furia-vct-2026-roster-reveal/,FURIA Unveils Full VCT 2026 Lineup,esports-news,2025-12-05T01:23:01
https://www.shanethegamer.com/esports-news/fortnite-mobile-series-2025/,"$1 Million Fortnite Mobile Series Launches This Week, Bringing Blitz Royale to Centre Stage",esports-news,2025-12-05T01:12:38
https://www.shanethegamer.com/esports-news/gla1ve-joins-100-thieves-head-coach-counter-strike-return/,Gla1ve Reportedly Set To Lead 100 Thieves As Head Coach,esports-news,2025-12-05T01:05:33
https://www.shanethegamer.com/esports-news/vct-2026-season-start-everything-you-need-to-know/,"VCT 2026 Season Unveiled: Schedules, Format, and Everything You Need To Know",esports-news,2025-12-04T00:55:41
https://www.shanethegamer.com/esports-news/lol-lck-lcp-coach-comms-2026/,"Coach Comms Arrives in 2026, Bringing Live In-Game Coaching to the LCK and LCP",esports-news,2025-12-04T00:43:57
https://www.shanethegamer.com/esports-news/six-invitational-2026-last-chance-qualifiers-open/,"Six Invitational 2026 Last Chance Qualifiers Open Now, Giving Teams One Final Shot at Paris",esports-news,2025-12-04T00:30:33
https://www.shanethegamer.com/esports-news/g2-esports-xborg-fan-app-launch/,G2 Esports Partners with XBorg to Launch New G2 Army Fan App,esports-news,2025-12-04T00:25:10
https://www.shanethegamer.com/esports-news/budapest-major-2025-stage-3-matchups/,"Budapest Major 2025 Stage 3 Matchups Confirmed, FURIA vs NAVI Headlines Opening Round",esports-news,2025-12-04T00:10:15
https://www.shanethegamer.com/esports-news/metroid-prime-4-beyond-review/,"Metroid Prime 4: Beyond Review - Samus Aran Finally Returns, But Was the 18-Year Wait Worth It?",esports-news,2025-12-04T00:05:00
https://www.shanethegamer.com/esports-news/how-to-get-2025-twitch-recap/,How to Get Your 2025 Twitch Recap and See Your Year on the Platform,esports-news,2025-12-03T23:59:50
https://www.shanethegamer.com/esports-news/how-to-get-mewtwo-pokemon-legends-za/,How to Get Mewtwo and Mega Evolve It in Pokemon Legends: Z A,esports-news,2025-12-03T22:17:00
https://www.shanethegamer.com/esports-news/mega-lucario-z-pokemon-legends-za/,Pokémon Legends: Z A Adds Mega Lucario Z With Powerful New Z Mega Evolution,esports-news,2025-12-03T22:11:59
https://www.shanethegamer.com/esports-news/red-dead-redemption-mobile-release-ps5-xbox-switch-2/,"Red Dead Redemption Arrives on Mobile, PS5, Xbox Series, and Switch 2 With Free Upgrades for Existing Owners",esports-news,2025-12-03T21:50:58
https://www.shanethegamer.com/esports-news/the-forge-codes-december-2025/,"Roblox The Forge Codes for December 2025, All Working Reroll and Totem Rewards",esports-news,2025-12-28T02:07:57
https://www.shanethegamer.com/esports-news/where-winds-meet-mobile-release-date/,Where Winds Meet Mobile Launches This December With Full Cross-Play And Shared Progress,esports-news,2025-12-02T20:32:49
https://www.shanethegamer.com/esports-news/ntmr-the-finals-grand-major-champions-2025/,NTMR Crowned First Ever The Finals Grand Major Champions in Stockholm,esports-news,2025-12-02T20:02:32
https://www.shanethegamer.com/esports-news/honor-of-kings-international-championship-2025-viewership-record/,"Honor of Kings International Championship 2025 Surges Past 650,000 Viewers Worldwide",esports-news,2025-12-02T19:47:01
https://www.shanethegamer.com/esports-news/brawl-stars-world-finals-2025-viewership-drop/,Brawl Stars World Finals 2025 Suffers Almost 80% Viewership Drop,esports-news,2025-12-02T17:55:56
https://www.shanethegamer.com/esports-news/league-of-legends-wasd-controls-patch-25-24/,"League of Legends Is Getting WASD Controls in Patch 25.24, But Only In Casual Modes For Now",esports-news,2025-12-02T17:43:14
https://www.shanethegamer.com/esports-news/league-of-legends-ranked-2026-changes/,"League of Legends Ranked 2026 Is Getting Major Changes, From Autofill Rewards to Faster Queues",esports-news,2025-12-02T17:36:56
https://www.shanethegamer.com/esports-news/valorant-masters-santiago-tickets-2026/,"VALORANT Masters Santiago Tickets Go Live Next Week, Here’s Everything You Need To Know",esports-news,2025-12-02T17:30:16
https://www.shanethegamer.com/esports-news/where-winds-meet-ai-npc-exploit/,Where Winds Meet AI NPCs Are Getting Fooled by Players For Free Rewards,esports-news,2025-12-02T17:22:46
https://www.shanethegamer.com/esports-news/astralis-players-unpaid-salaries-budapest-major/,Astralis Players Haven’t Received Their Salaries as Budapest Major Intensifies,esports-news,2025-12-02T17:08:12
https://www.shanethegamer.com/esports-news/big-equipa-esl-impact-stockholm-final-winners/,BIG EQUIPA Close Out The Last ESL Impact With a Historic Final Championship Win,esports-news,2025-12-02T15:00:59
https://www.shanethegamer.com/esports-news/amkal-bench-cs2-roster/,AMKAL Benches Entire CS2 Roster After Disappointing Run,esports-news,2025-12-02T14:31:37
https://www.shanethegamer.com/esports-news/marvel-cosmic-invasion-launch/,Marvel Cosmic Invasion Brings Classic Arcade Chaos to Modern Platforms,esports-news,2025-12-02T14:21:22
https://www.shanethegamer.com/esports-news/xun-viper-join-bilibili-gaming-2026/,BiliBili Gaming Reunite with Xun and Add Viper,esports-news,2025-12-02T07:02:44
https://www.shanethegamer.com/esports-news/gta-6-new-leak-animations-bike-rentals-pickup-trucks/,GTA 6 Leak Reveals Bike Rentals and Pickup Truck Riding Animations,esports-news,2025-12-02T03:35:25
https://www.shanethegamer.com/esports-news/harry-potter-fortnite-winterfest-collaboration/,"Harry Potter x Fortnite Is Officially Happening This Winterfest, Here’s Everything We Know",esports-news,2025-12-01T01:56:37
https://www.shanethegamer.com/esports-news/arcane-jinx-vi-return-fortnite-1393-days/,"Arcane Jinx And Vi Make Their Huge Fortnite Comeback After 1,393 Days Away",esports-news,2025-12-01T01:43:54
https://www.shanethegamer.com/esports-news/pewdiepie-steps-back-from-gaming/,PewDiePie Says He’s Stepping Back From Gaming After 13 Years: ‘I’d Rather Be Doing Something Else’,esports-news,2025-12-01T01:32:53
https://www.shanethegamer.com/esports-news/como-gaming-club-como-1907-anders-vejrgang-launch/,"Como 1907 Unveils the Como Gaming Club, Blending Football, Gaming and Lake Culture",esports-news,2025-12-01T01:27:30
https://www.shanethegamer.com/esports-news/t1-signs-munchkin-valorant-2026-roster-dh-academy/,"T1 Brings Back Munchkin for VCT 2026, Moves DH to Academy Squad",esports-news,2025-12-01T01:13:39
https://www.shanethegamer.com/esports-news/clash-royale-black-friday-free-evolution-hunter/,"Free Hunter Evolution, Three Musketeer Seasonal Chests, and Massive Discounts for Evolutions in Clash Royale Black Friday Deals",esports-news,2025-11-29T22:39:23
https://www.shanethegamer.com/esports-news/the-forge-codes-november-2025/,"Roblox The Forge Codes for November 2025, All Working Reroll and Totem Rewards",esports-news,2025-12-03T20:51:48
https://www.shanethegamer.com/esports-news/budapest-major-stage-2-opening-matches/,Budapest Major Stage 2: Full Opening Match Schedule Confirmed,esports-news,2025-11-28T13:23:43
https://www.shanethegamer.com/esports-news/skinbid-shutdown-ohnepixel-zipel-bankruptcy/,"SkinBid, Owned by ohnePixel and zipeL, Declares Bankruptcy and Urges Users To Withdraw Skins Before December 5",esports-news,2025-11-28T13:15:50
https://www.shanethegamer.com/esports-news/2026-erl-season-dates-rule-changes/,Riot Games Reveals Full 2026 ERL Season Schedule and Major Rule Changes,esports-news,2025-12-14T23:52:06
https://www.shanethegamer.com/esports-news/nintendo-acquires-bandai-namco-studios-singapore/,Nintendo Acquires Bandai Namco Studios Singapore To Boost Its Global Development Power,esports-news,2025-11-28T12:15:13
https://www.shanethegamer.com/esports-news/clash-royale-codes-free-seasonal-chests-emotes-banners-frames/,"Clash Royale Codes for November: Get Free Seasonal Chests, Emotes, Banners and Frames",esports-news,2025-11-28T03:01:56
https://www.shanethegamer.com/esports-news/splitgate-2-december-relaunch/,Splitgate 2 Targets December Comeback After Final Beta Shutdown,esports-news,2025-11-28T02:40:07
https://www.shanethegamer.com/esports-news/pulsar-bruce-lee-anniversary-collection/,Pulsar Gaming Celebrates Bruce Lee’s 85th Birthday With Limited Edition Collection,esports-news,2025-11-28T02:15:11
https://www.shanethegamer.com/esports-news/tarantino-yukis-revenge-fortnite-premiere/,Tarantino’s Lost Kill Bill Chapter Premieres Inside Fortnite This Week,esports-news,2025-11-28T01:46:06
https://www.shanethegamer.com/esports-news/iisu-android-emulation-frontend/,iiSU Is the New Android Emulation Hub Aiming to Bring a 3DS Style UI to Your Phone,esports-news,2025-11-28T01:28:57
https://www.shanethegamer.com/esports-news/twitch-1000-gifted-subs-update/,"Twitch Now Lets Fans Gift 1,000 Subs at Once",esports-news,2025-11-28T00:53:56
https://www.shanethegamer.com/esports-news/elon-musk-grok-5-league-of-legends-ai-challenge/,Elon Musk Challenges League of Legends Pros to Take On His AI Grok 5 in 2026,esports-news,2025-11-27T01:24:23
https://www.shanethegamer.com/esports-news/gta-6-rockstar-fires-workers-discord-union-busting/,GTA 6 Developer Rockstar Faces Backlash After Firing 34 Workers Over Discord Chats,esports-news,2025-11-27T01:08:54
https://www.shanethegamer.com/esports-news/ecc-may-madness-2026-waco-texas/,"CECC May Madness Heads to Texas in 2026, Bringing Over 2,000 Collegiate Esports Players Together",esports-news,2025-11-27T00:49:38
https://www.shanethegamer.com/esports-news/cdl-black-ops-7-maps-modes-2026/,CDL Reveals Full Maps and Modes Lineup for Black Ops 7’s 2026 Season,esports-news,2025-11-27T00:45:33
https://www.shanethegamer.com/esports-news/esports-nations-cup-publisher-partners-2026/,"Chess.com, SNK and MOONTON Join Esports Nations Cup As New Publisher Partners",esports-news,2025-11-27T00:31:59
https://www.shanethegamer.com/esports-news/insomnia-i74-epiclan-partnership/,Insomnia i74 Strengthens Its LAN Setup With New EPIC.LAN Partnership,esports-news,2025-11-27T00:11:35
https://www.shanethegamer.com/esports-news/envy-marvel-rivals-pause/,ENVY Steps Back From Marvel Rivals Esports As Uncertainty Grows,esports-news,2025-11-27T00:05:39
https://www.shanethegamer.com/esports-news/skate-story-ps-plus-day-one-launch/,Skate Story Lands on PS Plus Game Catalog as a Day-One PS5 Release This December,esports-news,2025-11-26T22:47:18
https://www.shanethegamer.com/esports-news/far-cry-fx-tv-series-noah-hawley-rob-mac/,FX Orders New Far Cry Anthology Series With Noah Hawley And Rob Mac At The Helm,esports-news,2025-11-26T22:19:30
https://www.shanethegamer.com/esports-news/lisa-fortnite-festival-season-12/,Lisa From Blackpink To Headline Fortnite Festival Season 12 This November,esports-news,2025-11-24T01:00:06
https://www.shanethegamer.com/esports-news/australia-social-media-ban-twitch/,Twitch Officially Added to Australia’s Under-16 Social Media Ban,esports-news,2025-11-24T00:47:41
https://www.shanethegamer.com/esports-news/vbucks-robux-christmas-survey/,"V-Bucks and Robux Top US Kids’ Christmas Wishlists, New ESA Study Shows",esports-news,2025-11-22T22:10:13
https://www.shanethegamer.com/esports-news/tenz-valorant-community-awards-show-2025/,TenZ To Host The First Ever 2025 VALORANT Community Awards Show This December,esports-news,2025-11-22T21:55:03
https://www.shanethegamer.com/esports-news/battlefield-redsec-elite-series-1m-esports/,"Battlefield Unveils $1M REDSEC Elite Series, Marking a New Era for Competitive Play",esports-news,2025-11-22T21:51:16
https://www.shanethegamer.com/esports-news/leviatan-valorant-roster-2026/,Leviatán Reveal New VALORANT Superteam for VCT 2026,esports-news,2025-11-22T21:33:14
https://www.shanethegamer.com/esports-news/gentle-mates-valorant-roster-2026/,Gentle Mates Rebuild for VCT 2026 With A Fresh Lineup,esports-news,2025-11-22T21:18:23
https://www.shanethegamer.com/esports-news/evil-geniuses-2026-valorant-roster-reveal/,"Evil Geniuses Reveal Their 2026 VALORANT Roster, Reuniting With World Champion C0M",esports-news,2025-11-22T21:05:30
https://www.shanethegamer.com/esports-news/esl-pro-tour-2026-qualifiers/,"ESL Unveils Full ESL Pro Tour 2026 Qualifier Schedule, New Integrity Rules for CS2",esports-news,2025-11-22T19:35:57
https://www.shanethegamer.com/esports-news/gamesquare-faze-esports-pass-launch/,"GameSquare Launches FaZe Esports Pass, Bringing a New Gamified Membership Experience for Fans",esports-news,2025-11-22T16:38:34
https://www.shanethegamer.com/esports-news/pgl-cs2-2026-calendar-updates/,PGL Updates CS2 2026 Calendar After Major Scheduling Clashes With ESL,esports-news,2025-11-22T16:28:09
https://www.shanethegamer.com/esports-news/wildcard-bench-entire-cs2-roster-rebuild/,Wildcard Benches Entire CS2 Roster As Organisation Plans Full Reset,esports-news,2025-11-22T16:08:01
https://www.shanethegamer.com/esports-news/expedition-33-ultimate-game-of-the-year-golden-joysticks-2025/,Clair Obscur: Expedition 33 Crowned Ultimate Game of the Year at the Golden Joystick Awards 2025,esports-news,2025-11-22T16:01:33
https://www.shanethegamer.com/esports-news/mihoyo-varsapura-unreal-engine-5-announcement/,"Varsapura Is miHoYo’s Next Big Open World Game, Built on Unreal Engine 5",esports-news,2025-11-22T15:49:46
https://www.shanethegamer.com/esports-news/unity-epic-games-partnership-fortnite/,Unity Games Are Coming To Fortnite After Landmark Epic Partnership,esports-news,2025-11-20T03:29:20
https://www.shanethegamer.com/esports-news/clash-royale-anime-musketeer-emote-guide/,"New Cute Anime Style Musketeer Emote In Clash Royale, How To Get It",esports-news,2025-11-20T03:02:50
https://www.shanethegamer.com/esports-news/fortnite-f1-collaboration-formula-1-cosmetics-november-20/,Fortnite And Formula 1 Team Up For A High Speed Crossover This November,esports-news,2025-11-20T02:10:23
https://www.shanethegamer.com/esports-news/overwatch-2-vendetta-new-hero-dps-release-date-abilities/,"Overwatch 2 Reveals Hero 45 Vendetta, A Hard-Light Gladiator Arriving In Season 20",esports-news,2025-11-20T01:49:10
https://www.shanethegamer.com/esports-news/guild-wars-reforged-update-release-date/,Guild Wars Reforged Brings The Classic MMO Back To Life This December,esports-news,2025-11-20T01:27:10
https://www.shanethegamer.com/esports-news/roblox-age-verification-chat-safety-update/,"Roblox Rolls Out Mandatory Age Checks, Blocking Kids From Chatting With Adult Strangers",esports-news,2025-11-20T01:19:58
https://www.shanethegamer.com/esports-news/playstation-black-friday-2025-sale/,"PlayStation Confirms Massive Black Friday 2025 Deals, With Huge Savings On PS5 Consoles, Games, Accessories And PS Plus",esports-news,2025-11-20T00:56:46
https://www.shanethegamer.com/esports-news/hytale-saved-early-access-revival/,"Hytale Is Back: Cancelled Minecraft-Like Game Revived By Hypixel, Early Access Coming Soon",esports-news,2025-11-20T01:22:58
https://www.shanethegamer.com/esports-news/the-game-awards-2025-nominees-goty-full-list/,The Game Awards 2025: Full GOTY Lineup Revealed And Indies Dominate This Year,esports-news,2025-11-19T23:51:47
https://www.shanethegamer.com/esports-news/legend-of-zelda-live-action-first-look/,Nintendo Reveals First Look at Live Action Legend of Zelda Film,esports-news,2025-11-19T23:05:52
https://www.shanethegamer.com/esports-news/gumayusi-leaves-t1-2025/,Gumayusi Leaves T1 After Seven Legendary Years,esports-news,2025-11-18T02:09:17
https://www.shanethegamer.com/esports-news/gamestop-trade-anything-day-everything-to-know/,"GameStop Announces ‘Trade Anything Day’ This December, Here’s Everything You Need To Know",esports-news,2025-11-18T01:27:29
https://www.shanethegamer.com/esports-news/starladder-budapest-major-2025-cs2-update/,"StarLadder Budapest Major 2025 Brings New Stickers, Pick’Ems, and CS2 Updates Ahead of Kick Off",esports-news,2025-11-15T01:59:17
https://www.shanethegamer.com/esports-news/overwatch-2-confirms-hero-45-reveal-coming-this-week/,Overwatch 2 Confirms Hero 45 Reveal Coming This Week,esports-news,2025-11-15T01:42:32
https://www.shanethegamer.com/esports-news/karmine-corp-valorant-academy-disbanded-2026/,"Karmine Corp Ends Its VALORANT Academy Run for 2026, Exits Challengers France",esports-news,2025-11-15T01:33:20
https://www.shanethegamer.com/esports-news/panda-levinho-sevou-launch-gallaxia-blockchain-gaming-studio/,"PUBG Mobile Stars Panda, Levinho, and Sevou Launch Gallaxia, a Creator-Owned Blockchain Gaming Studio",esports-news,2025-11-14T23:20:41
https://www.shanethegamer.com/esports-news/kcx5-delayed-2026-karmine-corp-event-update/,KCX5 Delayed to 2026 as Karmine Corp Moves Event to a New Format,esports-news,2025-11-14T23:13:59
https://www.shanethegamer.com/esports-news/s8ul-elite-free-fire-max-roster-announcement/,"S8UL Unveils S8UL Elite, A New Free Fire MAX Superteam Built From Team Elite’s Championship Roster",esports-news,2025-11-14T23:09:52
https://www.shanethegamer.com/esports-news/call-of-duty-black-ops-7-race-to-prestige-returns/,Call of Duty Black Ops 7 Brings Back the Race to Prestige With 25 Global Teams Competing,esports-news,2025-11-14T22:57:46
https://www.shanethegamer.com/esports-news/courage-clash-battlefield-6-tournament/,"Shroud and iiTzTimmy Dominate the $100,000 CouRage Clash Battlefield 6 Tournament",esports-news,2025-11-14T22:51:00
https://www.shanethegamer.com/esports-news/wow-awc-mdi-grand-finals-2025/,"WoW Esports Heats Up This Month as AWC and MDI Grand Finals Go Live, Returning to BlizzCon in 2026",esports-news,2025-11-14T22:45:46
https://www.shanethegamer.com/esports-news/red-dead-redemption-launches-2-december-on-ps5-xbox-series-switch-2-netflix-ios-and-android-with-free-upgrades-and-major-enhancements-rdr2-switch-2-and-ps5-upgrades-also-appear-confirmed/,"Red Dead Redemption Launches on PS5, Xbox Series, Switch 2, Netflix, iOS, and Android This December",esports-news,2025-11-14T22:13:57
https://www.shanethegamer.com/esports-news/rain-signs-with-100-thieves-counter-strike-return/,Rain Joins 100 Thieves as Organisation Returns to Counter-Strike,esports-news,2025-11-14T17:36:02
https://www.shanethegamer.com/esports-news/owcs-world-finals-2025-crowdfunding-bundle-viewership-rewards/,OWCS World Finals 2025 Unveils Crowdfunding Bundle and Big Viewership Rewards,esports-news,2025-11-14T02:54:24
https://www.shanethegamer.com/esports-news/g2-esports-removes-jonahp-inactive-roster-valorant-2025/,G2 Esports Remove JonahP From Active VALORANT Roster,esports-news,2025-11-14T02:31:48
https://www.shanethegamer.com/esports-news/marvel-rivals-season-5-gambit-grand-garden-adventure-update/,"Marvel Rivals Season 5 Brings Gambit, Grand Garden Adventure, Huge Balance Changes, and a New 18v18 Mode",esports-news,2025-11-14T02:14:05
https://www.shanethegamer.com/esports-news/horizon-steel-frontiers-mobile-mmorpg-reveal/,Horizon Steel Frontiers: Sony and NCSoft Reveal Mobile-First MMORPG Set in the Horizon Universe,esports-news,2025-11-14T01:52:09
https://www.shanethegamer.com/esports-news/valorant-patch-11-10-harbor-rework-update/,"VALORANT Patch 11.10 Brings Huge Harbor Rework, HUD Upgrades, and More",esports-news,2025-11-14T01:37:14
https://www.shanethegamer.com/esports-news/valorant-game-changers-2025-pickems/,"Game Changers Championship 2025 Launches First Ever Pick’Ems Challenge, Powered by AWS",esports-news,2025-11-14T01:31:20
https://www.shanethegamer.com/esports-news/comic-con-india-jaipur-2026-first-edition/,Comic Con India Brings Its First-Ever Jaipur Edition in 2026,esports-news,2025-11-14T01:08:31
https://www.shanethegamer.com/esports-news/playstation-27-inch-gaming-monitor-2026/,"Sony Reveals Its First Official PlayStation Monitor, a 27” QHD Display Arriving in 2026",esports-news,2025-11-14T00:40:38
https://www.shanethegamer.com/esports-news/pokemon-pokopia-release-date-switch-2-preorder/,"Pokemon Pokopia Locks In March 2026 Release, Preorders Live Now",esports-news,2025-11-14T00:20:12
https://www.shanethegamer.com/esports-news/valve-steam-machine-controller-frame-2026-announcement/,"Valve Unveils New Steam Machine, Controller, and Steam Frame for 2026 - Here’s Everything You Need to Know",esports-news,2025-11-13T23:30:06
https://www.shanethegamer.com/esports-news/call-of-duty-black-ops-7-sbmm-options-explained/,Call of Duty: Black Ops 7 Clarifies Skill Based Matchmaking - Here’s What’s Changing at Launch,esports-news,2025-11-13T23:19:57
https://www.shanethegamer.com/esports-news/super-mario-galaxy-movie-trailer-brie-larson-bowser-jr/,Mario Blasts Off in The Super Mario Galaxy Movie - Brie Larson and Benny Safdie Join the Cast,esports-news,2025-11-13T23:09:31
https://www.shanethegamer.com/esports-news/dota-2-monster-hunter-crossover-event/,"Dota 2 x Monster Hunter Crossover Unleashes Epic Hunts, Armour Sets, and Monsters",esports-news,2025-11-12T01:06:35
https://www.shanethegamer.com/esports-news/t1-worlds-2025-champion-collection-preorders/,T1 Launches Exclusive Worlds 2025 Champion Collection,esports-news,2025-11-12T00:54:38
https://www.shanethegamer.com/esports-news/navi-junior-cs2-roster-2025/,NAVI Unveils a Fresh-Faced Junior CS2 Roster Led by snatchie,esports-news,2025-11-11T22:21:42
https://www.shanethegamer.com/esports-news/100-thieves-roobet-counter-strike-return/,100 Thieves Returns to Counter-Strike with Major Roobet Partnership,esports-news,2025-11-11T22:15:20
https://www.shanethegamer.com/esports-news/aruni-banned-blast-r6-munich-major/,Aruni Temporarily Banned from BLAST R6 Munich Major After Game-Breaking Bug,esports-news,2025-11-11T21:13:09
https://www.shanethegamer.com/esports-news/midea-honor-of-kings-international-championship-2025/,Midea Joins Honor of Kings International Championship 2025 as Official Appliance Sponsor,esports-news,2025-11-11T21:03:37
https://www.shanethegamer.com/esports-news/katseye-valorant-game-changers-championship-2025-anthem/,KATSEYE Joins Forces with VALORANT for the Game Changers Championship 2025 Anthem,esports-news,2025-11-11T20:52:39
https://www.shanethegamer.com/esports-news/fnatic-vct-2026-roster-reveal-inzone-clash/,"Fnatic Reveal VCT 2026 Roster, Welcoming Veqaj to the Lineup",esports-news,2025-11-11T20:41:56
https://www.shanethegamer.com/esports-news/og-esports-all-filipino-dota-2-roster-southeast-asia/,OG Esports Expands Into SEA With All Filipino Dota 2 Roster,esports-news,2025-11-11T20:29:08
https://www.shanethegamer.com/esports-news/tundra-esports-win-blast-slam-iv-dota-2-singapore/,Tundra Esports Win BLAST Slam IV After Incredible Comeback Over Team Falcons,esports-news,2025-11-11T20:23:17
https://www.shanethegamer.com/esports-news/team-liquid-returns-apex-legends-2026-roster/,Team Liquid Returns to Apex Legends with Alienware-Backed Roster,esports-news,2025-11-11T15:34:59
https://www.shanethegamer.com/esports-news/fallout-4-anniversary-edition-launches-with-over-150-new-creations-and-all-dlcs/,Fallout 4: Anniversary Edition Launches with Over 150 New Creations and All DLCs,esports-news,2025-11-11T06:45:43
https://www.shanethegamer.com/esports-news/jioblast-all-stars-vs-india-bgmi-tournament/,JioBLAST All Stars vs India Brings Creators and Fans Together for BGMI Showdown at GamingCon Bharat 2025,esports-news,2025-11-11T06:33:01
https://www.shanethegamer.com/esports-news/league-of-legends-2026-fearless-draft-returns/,Fearless Draft Returns for League of Legends 2026 Season,esports-news,2025-11-10T08:15:32
https://www.shanethegamer.com/esports-news/team-liquid-unicef-partnership/,Team Liquid Partners with UNICEF to Empower the Next Generation Through Gaming,esports-news,2025-11-10T08:02:45
https://www.shanethegamer.com/esports-news/umamusume-pretty-derby-lawsuit-settlement/,Umamusume: Pretty Derby Lawsuit Ends as Cygames and Konami Settle $29 Million Dispute,esports-news,2025-11-10T03:00:20
https://www.shanethegamer.com/esports-news/honor-of-kings-world-championship-guinness-record/,"Honor of Kings World Championship Shatters Esports Attendance Record in Beijing With 62,196 Fans Attended",esports-news,2025-11-10T02:50:04
https://www.shanethegamer.com/esports-news/t1-win-worlds-2025-sixth-title/,T1 Complete Historic Three-Peat with Sixth Worlds Title at League of Legends Worlds 2025,esports-news,2025-11-10T02:39:38
https://www.shanethegamer.com/esports-news/furia-win-iem-chengdu-2025-vitality/,FURIA Crush Vitality 3-0 to Claim IEM Chengdu 2025 Title,esports-news,2025-11-10T02:26:09
https://www.shanethegamer.com/esports-news/ninjas-in-pyjamas-rocket-league-2026-roster/,Ninjas in Pyjamas Rebuilds Rocket League Roster Ahead of RLCS 2026 Season,esports-news,2025-11-10T02:14:47
https://www.shanethegamer.com/esports-news/furia-iem-chengdu-2025-grand-final/,FURIA Charge Into IEM Chengdu Grand Final After Beating Falcons Again,esports-news,2025-11-10T01:14:44
https://www.shanethegamer.com/esports-news/team-vitality-iem-chengdu-2025-grand-final/,Vitality Strike Back to Reach IEM Chengdu 2025 Grand Final,esports-news,2025-11-08T23:04:52
https://www.shanethegamer.com/esports-news/singapore-esports-recognition-bill-2025/,Singapore Moves to Officially Recognise Esports as a Sport,esports-news,2025-11-08T22:50:49
https://www.shanethegamer.com/esports-news/gta-6-delayed-again/,"GTA 6 Delayed Again, Now Set for November 2026 Launch",esports-news,2025-11-14T00:25:02
https://www.shanethegamer.com/esports-news/league-of-legends-worlds-2026-texas-new-york/,League of Legends Worlds 2026 Set for Texas and New York as Riot Reveals Global Esports Roadmap,esports-news,2025-11-08T22:37:08
https://www.shanethegamer.com/esports-news/playstation-portal-cloud-streaming-update/,PlayStation Portal Levels Up with Cloud Streaming for PS5 Games,esports-news,2025-11-08T22:26:32
https://www.shanethegamer.com/esports-news/team-spirit-dota2-academy/,Team Spirit Expands with New Dota 2 Academy Roster,esports-news,2025-11-08T22:24:22
https://www.shanethegamer.com/esports-news/cloud9-loki-leaves-roster-seoul-departure/,Cloud9’s Loki Steps Away from League of Legends Roster to Stay in Seoul,esports-news,2025-11-06T10:49:04
https://www.shanethegamer.com/esports-news/courage-clash-battlefield-6-redsec-tournament/,"CouRageJD Unveils $100,000 Battlefield 6: RedSec Tournament",esports-news,2025-11-06T10:29:51
https://www.shanethegamer.com/esports-news/pubg-mobile-frosty-funland-update/,"PUBG Mobile V4.1 Brings Frosty Funland, Penguinville and Esports Arenas",esports-news,2025-11-06T10:22:51
https://www.shanethegamer.com/esports-news/pubg-mobile-tournament-platform/,PUBG Mobile Launches Streamlined Tournament Platform for Organisers Worldwide,esports-news,2025-11-05T23:02:22
https://www.shanethegamer.com/esports-news/starladder-budapest-major-2025-best-of-five-grand-final/,Starladder Budapest Major Becomes First CS2 Major with Best of Five Grand Final,esports-news,2025-11-05T22:37:51
https://www.shanethegamer.com/esports-news/valorant-game-changers-championship-2025-merch-collection/,VALORANT Game Changers Championship 2025 Merch Collection Unveiled,esports-news,2025-11-05T22:24:43
https://www.shanethegamer.com/esports-news/how-to-get-blast-r6-munich-major-twitch-drops/,BLAST R6 Munich Major Twitch Drops Bring Exclusive Rainbow Six Siege Rewards - How To Get Them,esports-news,2025-11-05T21:40:35
https://www.shanethegamer.com/esports-news/godsent-founder-bankruptcy-departure/,GODSENT Founder Reflects on Bankruptcy and Departure from Esports,esports-news,2025-11-05T21:13:26
https://www.shanethegamer.com/esports-news/sentinels-marvel-rivals-exit/,"Sentinels Exit Marvel Rivals Esports, Citing Lack of Team Incentives",esports-news,2025-11-05T19:51:12
https://www.shanethegamer.com/esports-news/league-of-legends-carnival-chengdu-2025/,League of Legends Carnival Brings Worlds 2025 to Life in Chengdu,esports-news,2025-11-04T23:56:29
https://www.shanethegamer.com/esports-news/leffen-wins-2xko-dreamhack-atlanta-2025/,Leffen Crowned 2XKO Champion at DreamHack Atlanta 2025 After Beating SonicFox in Grand Finals,esports-news,2025-11-04T23:49:27
https://www.shanethegamer.com/esports-news/tsm-exits-valorant-2025/,TSM Exits VALORANT After Five-Year Run and Ascension Grand Finals Finish,esports-news,2025-11-04T23:30:45
https://www.shanethegamer.com/esports-news/fia-mena-esports-championship-2025/,FIA MENA Esports Championship 2025: The First Fully FIA-Sanctioned Sim Racing Event,esports-news,2025-11-04T23:23:59
https://www.shanethegamer.com/esports-news/valorant-game-changers-championship-2025-teams-players/,All Teams Qualified for VALORANT Game Changers Championship 2025,esports-news,2025-11-04T22:49:36
https://www.shanethegamer.com/esports-news/onic-mpl-indonesia-season-16-champion/,ONIC Crowned MPL Indonesia Season 16 Champions After Beating Alter Ego 4-1,esports-news,2025-11-04T22:33:03
https://www.shanethegamer.com/esports-news/fnatic-fan-association-launch/,Fnatic Launches Global Fnatic Fan Association For Supporters Worldwide,esports-news,2025-11-04T22:15:38
https://www.shanethegamer.com/esports-news/mohammed-light-clash-royale-league-2025/,Mohammed Light Wins Clash Royale League 2025 World Finals with a Perfect 6-0 Sweep,esports-news,2025-11-04T21:51:47
https://www.shanethegamer.com/esports-news/arc-raiders-servers-down-issues/,ARC Raiders Servers Struggle as Players Face Long Queues and Connection Issues,esports-news,2025-11-03T20:17:31
https://www.shanethegamer.com/esports-news/tribe-gaming-clash-of-clans-world-championship-2025/,Tribe Gaming Claim Clash of Clans World Championship 2025 Crown,esports-news,2025-11-03T19:56:31
https://www.shanethegamer.com/esports-news/iem-atlanta-2026-esl-counter-strike-cs2/,ESL Brings IEM Counter-Strike to Atlanta in 2026,esports-news,2025-11-03T18:55:50
https://www.shanethegamer.com/esports-news/valve-rejects-cs2-player-autographs/,"Valve Rejects CS2 Player Autographs Before StarLadder Major, Fans and Pros Outraged",esports-news,2025-11-03T18:42:04
https://www.shanethegamer.com/esports-news/fortnite-simpsons-map-guide/,Fortnite x The Simpsons: Explore Springfield and Every New POI in the Biggest Crossover Yet,esports-news,2025-11-03T17:30:57
https://www.shanethegamer.com/esports-news/sentinels-2026-valorant-roster-announcement/,Sentinels Reveal Their 2026 VALORANT Roster: A New Era Begins,esports-news,2025-11-03T02:47:56
https://www.shanethegamer.com/esports-news/zekken-leaves-sentinels/,"Zekken Departs Sentinels After Three-Year Journey, Reportedly Joining MIBR for VCT 2026",esports-news,2025-11-03T02:35:03
https://www.shanethegamer.com/esports-news/rain-joins-100-thieves-counter-strike-2/,FaZe Star rain Reportedly Joins 100 Thieves as Org Plans Counter-Strike 2 Return,esports-news,2025-11-03T02:29:41
https://www.shanethegamer.com/esports-news/b8-esports-cs2-academy-lineup/,B8 Esports Unveil New CS2 Academy Lineup,esports-news,2025-11-03T01:32:09
https://www.shanethegamer.com/esports-news/99-nights-in-the-forest-codes-free-diamonds-november-2025/,99 Nights in the Forest Codes for November 2025 and How to Redeem Them,esports-news,2025-11-03T01:24:16
https://www.shanethegamer.com/esports-news/aurora-win-pgl-masters-bucharest-2025-xantares-mvp/,Aurora Triumphs at PGL Masters Bucharest 2025 as XANTARES Seizes First LAN MVP,esports-news,2025-11-03T01:08:04
https://www.shanethegamer.com/esports-news/pgl-counter-strike-2-2027-2028-events-announcement/,PGL Confirms 15 Major Counter-Strike 2 Events Across 2027 and 2028,esports-news,2025-11-03T00:53:11
https://www.shanethegamer.com/esports-news/t1-top-esports-worlds-2025-semifinals/,T1 Crush Top Esports in 3-0 Sweep to Reach Fourth Straight Worlds Final,esports-news,2025-11-03T00:46:46
https://www.shanethegamer.com/esports-news/kt-rolster-gen-g-worlds-2025-semifinals/,KT Rolster Crush Gen.G to Reach First-Ever LoL Worlds Grand Final,esports-news,2025-11-02T02:14:21
https://www.shanethegamer.com/esports-news/razer-counter-strike-2-collection-dragon-lore/,Razer Unveils Dragon Lore Counter-Strike 2 Gaming Gear Collection,esports-news,2025-11-02T01:42:26
https://www.shanethegamer.com/esports-news/call-of-duty-movie-taylor-sheridan-peter-berg-paramount-activision/,Taylor Sheridan and Peter Berg Join Forces for Paramount’s Live-Action Call of Duty Movie,esports-news,2025-11-02T00:56:31
https://www.shanethegamer.com/esports-news/g2-esports-red-aura-webcomic-launch/,G2 Esports unveils Red Aura fantasy webcomic series,esports-news,2025-11-02T01:40:23
https://www.shanethegamer.com/esports-news/the-mongolz-controlez-budapest-major-2025/,The MongolZ Confirms Controlez for StarLadder Budapest Major 2025,esports-news,2025-11-02T01:14:46
https://www.shanethegamer.com/esports-news/t1-vs-anyones-legend-worlds-2025-viewership-record/,T1 vs Anyone’s Legend Becomes the Most-Watched Quarterfinal at Worlds 2025,esports-news,2025-11-02T00:51:24
https://www.shanethegamer.com/esports-news/honor-of-kings-international-championship-2025-philippines-preview/,"Honor of Kings International Championship 2025 in Philippines: Format, Teams, and What to Expect",esports-news,2025-11-02T00:34:31
https://www.shanethegamer.com/esports-news/king-pro-league-2025-grand-final-tickets-sold-out/,Honor of Kings King Pro League 2025 Grand Final Tickets Sell Out in Just 12 Seconds,esports-news,2025-11-02T00:25:06
https://www.shanethegamer.com/esports-news/esic-certified-talent-agents-program-launch/,ESIC Launches Certified Talent Agents Program to Protect Esports Players and Creators,esports-news,2025-11-02T02:01:36
https://www.shanethegamer.com/esports-news/league-of-legends-worlds-2025-opening-ceremony-anyma/,Anyma to Co-Direct and Perform at League of Legends Worlds 2025 Opening Ceremony,esports-news,2025-11-02T01:47:08
https://www.shanethegamer.com/esports-news/youtube-gambling-violence-policy-update-2025/,YouTube Tightens Rules on Gambling and Violent Gaming Content Ahead of GTA 6 and Esports Season,esports-news,2025-10-31T03:06:49
https://www.shanethegamer.com/esports-news/ioc-cancels-12-year-olympic-esports-games-deal-saudi-arabia/,IOC Cancels 12-Year Olympic Esports Games Deal With Saudi Arabia,esports-news,2025-10-31T02:48:57
https://www.shanethegamer.com/esports-news/faceit-windows-11-requirement-2026/,FACEIT to Require Windows 11 for All CS2 Players by 2026,esports-news,2025-10-31T02:41:46
https://www.shanethegamer.com/esports-news/gen-g-valorant-tryouts-2026/,Gen.G Opens Player Recruitment for VALORANT Roster Ahead of the 2026 Season - Here’s How You Can Join,esports-news,2025-10-31T02:27:40
https://www.shanethegamer.com/esports-news/playstation-plus-november-2025-games-stray-ea-sports-wrc-24-tabs/,"PlayStation Plus November Line-Up Brings Stray, EA Sports WRC 24, and Totally Accurate Battle Simulator",esports-news,2025-10-31T02:05:54
https://www.shanethegamer.com/esports-news/pubg-mobile-usc-partnership-world-of-wonder/,PUBG Mobile Partners With University of Southern California USC Games to Empower the Next Generation of Game Creators,esports-news,2025-10-31T06:45:00
https://www.shanethegamer.com/esports-news/jetbrains-cloud9-ai-partnership/,JetBrains Joins Forces with Cloud9 as Official AI Coding Partner,esports-news,2025-10-31T05:44:56
https://www.shanethegamer.com/esports-news/call-of-duty-league-2026-schedule-format-twitch/,"Call of Duty League 2026 Reveals Global Schedule, Format Changes, and a Return to Twitch",esports-news,2025-10-31T05:40:21
https://www.shanethegamer.com/esports-news/animal-crossing-new-horizons-switch-2-update/,Animal Crossing: New Horizons Gets a Nintendo Switch 2 Edition and Massive Free Update This January,esports-news,2025-10-31T01:55:53
https://www.shanethegamer.com/esports-news/nba-the-run-ps5-pc-xbox-release/,"NBA The Run Brings Streetball Spirit Back to Gaming on PC, PS5, and Xbox",esports-news,2025-10-31T01:49:28
https://www.shanethegamer.com/esports-news/m7-world-championship-2026-jakarta-tickets-format-carnival/,"M7 World Championship 2026 Heads to Jakarta with New Format, Carnival Event, and $1 Million Prize",esports-news,2025-11-03T20:25:48
https://www.shanethegamer.com/esports-news/boaster-resigns-fnatic-valorant-2026/,Boaster Stays With FNATIC for Another Year in 2026 VALORANT Season,esports-news,2025-10-29T23:40:03
https://www.shanethegamer.com/esports-news/league-of-legends-nova-series-prelude-french-womens-esports/,"Riot Games Launches Nova Series, a New Women’s League of Legends Event",esports-news,2025-10-29T19:29:25
https://www.shanethegamer.com/esports-news/blast-premier-open-2026-europe-announcement/,BLAST Premier Open 2026 Heads to Europe for Its Second Event,esports-news,2025-10-29T19:15:30
https://www.shanethegamer.com/esports-news/coldzera-leaves-oddik-brazilian-cs2/,Coldzera Parts Ways with ODDIK After Three Months,esports-news,2025-10-29T02:39:02
https://www.shanethegamer.com/esports-news/blast-rivals-hong-kong-2025-opening-matches/,Spirit vs Falcons to Open BLAST Rivals Hong Kong as Eight Teams Battle for the Final Title of 2025,esports-news,2025-10-29T01:56:47
https://www.shanethegamer.com/esports-news/dziuseppe-cct-cheating-bans-akros-anti-cheat/,CCT Bans Dziuseppe Players After Hardware Cheating Scandal Confirmed by Akros Anti-Cheat,esports-news,2025-10-29T01:01:12
https://www.shanethegamer.com/esports-news/mibr-acquired-by-spun-media-ezor-esports-division/,"MIBR Acquired by Spun Media, Launching New Era Under EZOR Esports Division",esports-news,2025-10-29T00:46:44
https://www.shanethegamer.com/esports-news/karmine-corp-kcx-5-adidas-arena-paris/,Karmine Corp Celebrates 5 Years with KCX 5 at Paris Adidas Arena,esports-news,2025-10-29T00:31:48
https://www.shanethegamer.com/esports-news/aespa-ningning-miss-this-life-wild-rift-5th-anniversary/,aespa’s NINGNING Shines in ‘Miss This Life’ - Wild Rift’s 5th Anniversary Anthem,esports-news,2025-10-29T00:25:27
https://www.shanethegamer.com/esports-news/wild-rift-exclusive-champion-2026/,LoL Wild Rift to Get Its First-Ever Exclusive Champion in 2026,esports-news,2025-10-29T00:26:49
https://www.shanethegamer.com/esports-news/ninjas-in-pyjamas-25th-anniversary-showmatch/,Ninjas in Pyjamas Celebrate 25 Years of Counter-Strike with Epic Showmatch in Stockholm,esports-news,2025-10-29T00:03:40
https://www.shanethegamer.com/esports-news/gamerlegion-leonbet-partnership-esports/,GamerLegion Teams Up with LEON.Bet,esports-news,2025-10-28T23:55:24
https://www.shanethegamer.com/esports-news/spacestation-gaming-brawl-stars-partner-program/,Spacestation Gaming Departs Brawl Stars Partner Program Ahead of World Finals,esports-news,2025-10-28T23:51:56
https://www.shanethegamer.com/esports-news/toronto-koi-rebrand-call-of-duty-league-2026/,Toronto Ultra Rebrands to Toronto KOI Ahead of Black Ops 7 Season,esports-news,2025-10-28T23:43:47
https://www.shanethegamer.com/esports-news/battlefield-6-redsec-battle-royale-release-time/,Battlefield 6’s Long-Awaited Battle Royale “RedSec” Launches October 28 - Free-to-Play Across All Platforms,esports-news,2025-10-28T23:35:26
https://www.shanethegamer.com/esports-news/lec-2026-format-update/,"LEC 2026 Format Changes Revealed: New Tournament, Unified Splits, and ERL Invites Shake Up the Season",esports-news,2025-10-28T02:03:03
https://www.shanethegamer.com/esports-news/razer-raiju-v3-pro-controller-ps5/,Razer Unveils Raiju V3 Pro Bringing Pro-Level Precision to PlayStation 5 and PC,esports-news,2025-10-28T01:55:17
https://www.shanethegamer.com/esports-news/duet-night-abyss-codes-for-october-2025-how-to-redeem-them/,Duet Night Abyss Codes for October 2025 – How to Redeem Them,esports-news,2025-10-28T23:27:19
https://www.shanethegamer.com/esports-news/clash-royale-6-7-wizard-emote-how-to-claim/,How to Get the Limited Brainrot 67 Wizard Emote in Clash Royale,esports-news,2026-01-30T10:42:32
https://www.shanethegamer.com/esports-news/dress-to-impress-codes-october-2025/,Dress to Impress Codes for October 2025 - How to Redeem Them for Free Clothes and Accessories,esports-news,2025-10-25T00:39:56
https://www.shanethegamer.com/video-gaming/plants-vs-zombies-replanted-review/,Plants vs. Zombies: Replanted Review - A Nostalgic Comeback That Misses Its Bloom,video-gaming,2025-10-25T00:26:42
https://www.shanethegamer.com/esports-news/fallout-new-vegas-15th-anniversary-bundle/,Fallout: New Vegas 15th Anniversary Bundle Celebrates 15 Years of the Mojave Wasteland,esports-news,2025-10-24T22:42:10
https://www.shanethegamer.com/esports-news/fallout-4-anniversary-edition-nintendo-switch-2-release/,"Fallout 4: Anniversary Edition Brings Creations, All DLCs, and a Nintendo Switch 2 Release Next Year",esports-news,2025-10-24T22:34:00
https://www.shanethegamer.com/esports-news/controlez-the-mongolz-iem-chengdu-2025/,Controlez Joins The MongolZ as Stand-In for IEM Chengdu After Senzu’s Shock Benching,esports-news,2025-10-24T08:00:52
https://www.shanethegamer.com/esports-news/cs2-knife-trade-up-retakes-update/,Knife Trade-Ups and Retakes Return in Massive CS2 Update,esports-news,2025-10-24T07:51:08
https://www.shanethegamer.com/esports-news/northern-lights-esic-suspension/,Northern Lights Suspended by ESIC After Match-Fixing Allegations Rock Swedish CS2 Scene,esports-news,2025-10-24T07:33:44
https://www.shanethegamer.com/esports-news/senzu-benched-by-the-mongolz-counter-strike-2/,Senzu Benched by The MongolZ in Shock Roster Move Ahead of IEM Chengdu,esports-news,2025-10-24T08:02:02
https://www.shanethegamer.com/esports-news/s1mple-not-going-to-india-bcgame-big-skyesports-chennai/,s1mple’s Not Going to India - BIG Crush BC.Game to Take the Spot Instead,esports-news,2025-10-23T22:16:33
https://www.shanethegamer.com/esports-news/blast-r6-apac-regional-finals-2025-sydney-format-teams-schedule/,"BLAST R6 APAC Regional Finals 2025: Format, Teams, Schedule, and Everything You Need to Know",esports-news,2025-10-23T02:46:18
https://www.shanethegamer.com/esports-news/team-spirit-sexist-comments-imperial-valkyries/,Team Spirit Academy Player Sparks Outrage After Sexist Comments Toward Imperial Valkyries,esports-news,2025-10-23T02:41:50
https://www.shanethegamer.com/esports-news/esl-pro-tour-2028-counter-strike-2-calendar-no-dallas/,"ESL Reveals 2028 CS2 Event Calendar, Six Tournaments Confirmed",esports-news,2025-10-22T23:58:50
https://www.shanethegamer.com/esports-news/envy-performance-lab-texas/,Envy Unveils New Esports Performance Lab in Texas,esports-news,2025-10-22T23:40:40
https://www.shanethegamer.com/esports-news/walmart-dreamhack-atlanta-2025-lofi-play/,Walmart and DreamHack Team Up for Retro Lo-Fi Play Experience at Atlanta 2025 - Here’s How Fans Can Join,esports-news,2025-10-22T23:27:07
https://www.shanethegamer.com/esports-news/geng-practicum-abroad-how-to-join/,Gen.G Expands Its Esports Practicum Abroad With 13 Partner Universities - Here’s How Students Can Join,esports-news,2025-10-22T23:16:46
https://www.shanethegamer.com/esports-news/valorant-mobile-lan-china/,ACE PRIME CORE Crowned First VALORANT Mobile LAN Champions in China,esports-news,2025-10-22T23:07:50
https://www.shanethegamer.com/esports-news/blast-r6-siege-munich-major-2025-format-teams-schedule/,"BLAST R6 Siege X Munich Major 2025: Format, Schedule, and 16 Teams Revealed",esports-news,2025-10-22T22:59:09
https://www.shanethegamer.com/esports-news/pgl-masters-bucharest-2025-opening-matches/,PGL Masters Bucharest 2025 Opening Matches Revealed With Legacy to Clash with Liquid in Early Rematch,esports-news,2025-10-22T06:52:23
https://www.shanethegamer.com/esports-news/wild-rift-aespa-ningning-collaboration-song-october-23/,aespa’s NingNing to Drop Exclusive Collab Song with League of Legends: Wild Rift,esports-news,2025-10-22T06:39:19
https://www.shanethegamer.com/esports-news/dos9-leaves-boom-esports-2025/,Dos9 Departs BOOM Esports After Memorable VCT Pacific Season,esports-news,2025-10-22T06:27:57
https://www.shanethegamer.com/esports-news/aws-internet-outage-esports-impact/,"AWS Internet Outage Brings Major Esports Titles, Gaming Platforms, and More to a Halt",esports-news,2025-10-22T06:12:29
https://www.shanethegamer.com/esports-news/paper-rex-mindfreak-departs-2025/,Paper Rex Farewells Mindfreak After Five Legendary Years,esports-news,2025-10-21T23:52:14
https://www.shanethegamer.com/esports-news/dragon-ranger-gaming-wins-china-ascension-2025/,Dragon Ranger Gaming Dominates China Ascension 2025 to Reclaim VCT China Spot,esports-news,2025-10-21T23:49:15
https://www.shanethegamer.com/esports-news/japanese-twins-2winz-taking-over-2xko/,Japanese Twins Toshi & Haru 2WINz Are Taking Over 2XKO And The FGC Is Loving Every Second,esports-news,2025-10-21T23:35:12
https://www.shanethegamer.com/video-gaming/ninja-gaiden-4-ps5-pro-review/,Ninja Gaiden 4 Launch & Review: Legendary Series Slashes Back Strong with PS5 Pro Launch,video-gaming,2025-10-21T23:17:16
https://www.shanethegamer.com/esports-news/virtus-pro-bench-icy-promote-b1st-cs2/,"Virtus.pro Bench ICY, Promote Academy Star b1st to Main CS2 Line-up",esports-news,2025-10-21T22:58:33
https://www.shanethegamer.com/esports-news/furia-reverse-sweep-navi-twc-2025/,FURIA Pull Off Stunning Reverse Sweep Against NAVI To Win Thunderpick World Championship 2025,esports-news,2025-10-21T22:40:47
https://www.shanethegamer.com/esports-news/counter-strike-asia-championships-2027-announced/,Perfect World Confirms Counter-Strike Asia Championships 2027 Dates,esports-news,2025-10-21T22:57:44
https://www.shanethegamer.com/esports-news/legacy-win-cs-asia-championships-2025/,Legacy Finally Clinch First International CS2 Trophy at CS Asia Championships 2025 With Stunning Comeback Against 3DMAX,esports-news,2025-10-21T22:15:13
https://www.shanethegamer.com/esports-news/daniel-naroditsky-death-cause-grandmaster-dies-aged-29/,Daniel Naroditsky Death Cause? Beloved Chess Grandmaster and Streamer Dies Aged 29,esports-news,2025-10-21T21:56:39
https://www.shanethegamer.com/esports-news/team-liquid-third-place-cs-asia-championships-2025/,Team Liquid Secure Third Place at CS Asia Championships After Dominant Win Over Heroic,esports-news,2025-10-19T21:06:37
https://www.shanethegamer.com/esports-news/bcgame-signs-electronic-reunites-with-s1mple/,electroNic Reunites with s1mple as BC.Game Esports Locks in Star Signing,esports-news,2025-10-19T21:01:35
https://www.shanethegamer.com/esports-news/s1mple-chennai-esports-global-championship-2025/,S1mple Could Be Headed to India for the Chennai Esports Global Championship 2025,esports-news,2025-10-19T20:50:13
https://www.shanethegamer.com/esports-news/how-you-can-join-epic46-counter-strike-2-tournament/,EPIC.LAN Reveals Full Details for EPIC46 Counter-Strike 2 Tournament This October - How You Can Join,esports-news,2025-10-19T02:06:09
https://www.shanethegamer.com/esports-news/league-of-legends-winter-map-patch-25-23/,Winter Map Returns to Summoner’s Rift in League of Legends Patch 25.23,esports-news,2025-10-19T01:50:24
https://www.shanethegamer.com/esports-news/marvel-rivals-marvel-zombies-pve-mode/,Marvel Rivals Unleashes First-Ever PvE Mode: Marvel Zombies Coming This October,esports-news,2025-10-19T01:41:27
https://www.shanethegamer.com/esports-news/marvel-rivals-ignite-grand-finals-group-stage-draw-dreamhack-atlanta/,Marvel Rivals Ignite Grand Finals: Group Stage Draw Revealed Ahead of $1 Million Showdown at DreamHack Atlanta,esports-news,2025-10-19T01:28:29
https://www.shanethegamer.com/esports-news/esports-global-50m-investment-fund/,Esports Global Launches $50 Million Fund to Power the Next Generation of Gaming and Esports Companies,esports-news,2025-10-19T01:21:03
https://www.shanethegamer.com/esports-news/overactive-media-debt-financing-activevoices/,OverActive Media Secures C$1 Million Debt Financing to Boost ActiveVoices Growth,esports-news,2025-10-19T01:16:02
https://www.shanethegamer.com/esports-news/mariuscow-gentle-mates-fncs-2026-contract-renewal/,MariusCOW Stays With Gentle Mates for FNCS 2026,esports-news,2025-10-19T00:05:49
https://www.shanethegamer.com/esports-news/tsm-fnatic-join-the-finals-dreamhack-stockholm-major/,"TSM and Fnatic Officially Join The Finals, Ahead of DreamHack Stockholm Major",esports-news,2025-10-18T23:53:39
https://www.shanethegamer.com/esports-news/xiao-hai-joins-team-falcons-2025/,Xiao Hai Joins Team Falcons After Evo France Triumph,esports-news,2025-10-18T23:39:16
https://www.shanethegamer.com/esports-news/lenun-world-series-of-warzone-champion-free-agency-2026/,World Series of Warzone Champion Lenun Announces Free Agency Ahead of 2026 Season,esports-news,2025-10-18T23:29:28
https://www.shanethegamer.com/esports-news/100-thieves-pokemon-25-collection/,100 Thieves and Pokemon Reunite for Premium ‘25 Collection,esports-news,2025-10-18T23:20:54
https://www.shanethegamer.com/esports-news/esports-awards-2025-finalists-how-to-vote/,Esports Awards 2025 Finalists Revealed - Here’s How You Can Vote for Your Favourites,esports-news,2025-10-18T23:05:51
https://www.shanethegamer.com/esports-news/mlbb-esports-youtube-channel-suspended-hack/,MLBB Esports YouTube Channel Suspended Following Reported Hack,esports-news,2025-10-18T22:33:34
https://www.shanethegamer.com/esports-news/esl-blast-youtube-hack-solana-memecoin/,Major Esports YouTube Channels Hacked to Promote Fake Solana “Memecoin” Giveaway,esports-news,2025-10-18T22:23:44
https://www.shanethegamer.com/esports-news/rog-falchion-ace-zywoo-edition-keyboard-asus-rog-launch/,ASUS ROG and ZywOo Unveil the Falchion Ace HFX ZywOo Edition - The Chosen Keyboard for Champions,esports-news,2025-10-18T21:49:22
https://www.shanethegamer.com/esports-news/t1-cafe-malaysia-thailand/,T1 Opens Pop-Up Cafes in Malaysia and Thailand This October,esports-news,2025-10-18T21:36:16
https://www.shanethegamer.com/esports-news/faze-swagg-twitchcon-san-diego-2025-lan/,"FaZe Swagg Brings $25,000 Call of Duty LAN to TwitchCon San Diego 2025",esports-news,2025-10-18T21:20:01
https://www.shanethegamer.com/esports-news/gentle-mates-vanyak3k-fncs-2026-contract-renewal/,Gentle Mates Re-Signs Vanyak3k for FNCS 2026 Season,esports-news,2025-10-18T21:16:13
https://www.shanethegamer.com/esports-news/rhilech-joins-navi-lec-2026/,NAVI Signs Turkish Jungler Rhilech Ahead of 2026 LEC Season,esports-news,2025-10-16T06:57:09
https://www.shanethegamer.com/esports-news/fut-esports-beat-faze-cs-asia-championships-2025/,FUT Esports Stun FaZe in CS Asia Championships Opener,esports-news,2025-10-16T06:50:36
https://www.shanethegamer.com/esports-news/red-bull-wololo-2026-london-age-of-empires/,Red Bull Wololo Returns in 2026: Age of Empires Battles Head to London’s Royal Albert Hall,esports-news,2025-10-16T06:41:59
https://www.shanethegamer.com/esports-news/rainbow-six-siege-north-america-league-finals-2025-philadelphia/,Rainbow Six Siege North America League Finals Head to Philadelphia This December,esports-news,2025-10-16T06:35:58
https://www.shanethegamer.com/esports-news/m80-rebrand-2025-classic-logo-return/,M80 Brings Back Its Classic Firecracker Logo in Nostalgic Rebrand,esports-news,2025-10-16T06:30:54
https://www.shanethegamer.com/esports-news/the-league-awards-2025-caedrel-sjokz-return/,The League Awards 2025: Caedrel and Sjokz Return to Celebrate the Best of LoL Esports,esports-news,2025-10-16T06:24:30
https://www.shanethegamer.com/esports-news/apeks-valorant-exit-2025/,"Apeks Pauses Out of VALORANT After Three Years, Citing Riot’s System Changes",esports-news,2025-10-16T06:17:23
https://www.shanethegamer.com/esports-news/crossfire-legends-pre-registration-sea/,Crossfire Legends Opens Pre-Registration in SEA With Exclusive Rewards - Here's How You Can Join,esports-news,2025-10-16T06:07:11
https://www.shanethegamer.com/esports-news/clash-royale-league-2025-awards-voting-opens/,"CRL 2025 Awards: Vote Your Favourite Players and Moments Ahead of the $500,000 Clash Royale World Finals",esports-news,2025-10-16T05:53:58
https://www.shanethegamer.com/esports-news/fragpunk-punk-clash-cup-twitchcon-san-diego-2025/,FragPunk Brings the Punk Clash Cup to TwitchCon San Diego 2025,esports-news,2025-10-16T05:44:58
https://www.shanethegamer.com/esports-news/big-levlup-partnership-german-esports/,BIG Joins Forces with LevlUp as New Performance Drink Partner,esports-news,2025-10-16T05:37:10
https://www.shanethegamer.com/esports-news/notail-returns-to-og-dota-2-roster/,N0tail Returns to OG’s Dota 2 Roster After Three Years Away,esports-news,2025-10-16T02:50:44
https://www.shanethegamer.com/esports-news/hp-omen-league-of-legends-laptop-monitor-worlds-2025/,HP Unveils Limited OMEN League of Legends Laptop and 360Hz Monitor at Worlds 2025,esports-news,2025-10-16T02:41:30
https://www.shanethegamer.com/esports-news/valorant-act-6-premier-schedule-map-rotation-2025/,"VALORANT Act 6 Premier: Schedule, Map Rotation, and Competitive Updates",esports-news,2026-01-30T08:57:13
https://www.shanethegamer.com/esports-news/rainbow-six-siege-anti-toxicity-update-voice-chat-moderation/,Rainbow Six Siege X Rolls Out Major Anti-Toxicity Update With Voice Chat Moderation,esports-news,2025-10-16T02:06:05
https://www.shanethegamer.com/esports-news/team-falcons-win-r6-europe-mena-league-2025/,Team Falcons Crowned Rainbow Six Siege Europe MENA League Champions,esports-news,2025-10-16T00:34:45
https://www.shanethegamer.com/esports-news/shenandoah-university-geng-esports-partnership/,Shenandoah University Partners With Gen.G Esports To Boost Global Esports Education,esports-news,2025-10-16T00:20:42
https://www.shanethegamer.com/esports-news/flyquest-t1-worlds-2025-charity-campaign/,FlyQuest and T1 Launch Worlds 2025 Charity Campaign Supporting Wildlife and Community Causes,esports-news,2025-10-16T00:13:13
https://www.shanethegamer.com/esports-news/razer-faker-gigantus-v2-edition/,Razer Celebrates Faker with New Gigantus V2 Mouse Mat,esports-news,2025-10-14T07:46:56
https://www.shanethegamer.com/esports-news/heroic-win-fissure-universe-episode-7/,HEROIC Claim FISSURE Universe: Episode 7 Title to Open Dota 2’s New Season,esports-news,2025-10-14T07:36:41
https://www.shanethegamer.com/esports-news/avatar-legends-the-fighting-game-announced-2026/,"Avatar Legends: The Fighting Game Brings Aang, Korra, Zuko and more to the Arena in 2026",esports-news,2025-10-14T07:33:20
https://www.shanethegamer.com/esports-news/league-of-legends-worlds-2025-anthem-sacrifice-gem/,G.E.M. Soars with League of Legends Worlds 2025 Anthem “Sacrifice”,esports-news,2025-10-14T07:06:06
https://www.shanethegamer.com/esports-news/pgl-cancels-august-2026-cs2-event/,PGL Cancels August 2026 CS2 Event After Esports World Cup Expansion Sparks Scheduling Clash,esports-news,2025-10-14T06:52:13
https://www.shanethegamer.com/esports-news/100-thieves-marvel-rivals-ignite-stage-2-americas-win/,100 Thieves Reclaim the Throne with Marvel Rivals Ignite Stage 2 Americas Victory,esports-news,2025-10-14T06:37:34
https://www.shanethegamer.com/esports-news/red-bull-solo-legends-2025-registration-guide/,"Red Bull Solo Legends 2025: How to Register, Dates, and Format For The Biggest Solo BGMI Tournament",esports-news,2025-10-14T06:28:54
https://www.shanethegamer.com/esports-news/wawa-wins-2xko-evo-france-2025/,Wawa Becomes First 2XKO Champion at EVO France 2025,esports-news,2025-10-14T06:18:21
https://www.shanethegamer.com/esports-news/evo-france-2026-return-nice/,Evo France Confirms 2026 Return After a Historic Debut,esports-news,2025-10-14T06:30:30
https://www.shanethegamer.com/esports-news/vitality-esl-pro-league-season-22-victory/,Vitality End Title Drought with Dominant ESL Pro League Season 22 Victory,esports-news,2025-10-14T00:10:40
https://www.shanethegamer.com/esports-news/svenska-elitserien-northern-lights-match-fixing/,Svenska Elitserien Bans Northern Lights Players for Cheating and Match-Fixing,esports-news,2025-10-11T22:14:17
https://www.shanethegamer.com/esports-news/valve-cs2-gambling-sponsor-ban/,"Valve Reportedly Tighten Rules on ""Skin Gambling"" Sponsors in CS2 VRS Tournaments",esports-news,2025-10-11T21:58:07
https://www.shanethegamer.com/esports-news/sentinels-join-lcs-2026/,"Sentinels Join the LCS in 2026, Reigniting Their League of Legends Legacy",esports-news,2025-10-11T21:29:36
https://www.shanethegamer.com/esports-news/lynn-vision-esl-ban-virtuspro-ruling/,Lynn Vision Handed ESL Event Ban After Pro League Visa Mishap,esports-news,2025-10-11T21:21:42
https://www.shanethegamer.com/esports-news/counter-strike-2-ewc-2026-upgrade/,CS2 Gets Major Upgrade for Esports World Cup 2026 with $2 Million Prize Pool and Expanded Format,esports-news,2025-10-11T21:01:53
https://www.shanethegamer.com/esports-news/razer-riot-games-2xko-collection-official-collaboration/,"Razer and Riot Games Launch Official 2XKO Collection Featuring Ahri, Jinx, and More",esports-news,2025-10-11T20:47:20
https://www.shanethegamer.com/esports-news/a-minecraft-movie-2-release-date-2027/,"A Minecraft Movie 2 Officially Announced, Coming to Theatres in 2027",esports-news,2025-10-11T20:26:23
https://www.shanethegamer.com/esports-news/blast-rivals-hong-kong-2025-invited-teams-revealed/,BLAST Rivals: Hong Kong 2025 Invited Teams Revealed,esports-news,2025-10-11T20:31:08
https://www.shanethegamer.com/esports-news/faze-vs-roblox-counter-blox-faze-cs2-vs-counter-blox-roblox-counter-blox-vs-cs2/,FaZe CS2 Team Gets Beaten by Roblox’s Top Counter Blox Squad,esports-news,2025-10-11T20:16:35
https://www.shanethegamer.com/esports-news/miposhka-retires-team-spirit-panto-joins-dota2/,"TI Champion Miposhka Steps Away from Dota 2, Panto Joins Team Spirit as New Support",esports-news,2025-10-11T17:53:50
https://www.shanethegamer.com/esports-news/manchester-university-gen-g-esports-programme/,Manchester University Partners with Gen.G for Esports Study Trip to South Korea,esports-news,2025-10-11T17:46:32
https://www.shanethegamer.com/esports-news/marvel-rivals-season-4-5-update-daredevil-jade-scrolls-event/,"Marvel Rivals Season 4.5 Is Here with Daredevil, Jade Scrolls Event, and Major Updates",esports-news,2025-10-11T16:50:26
https://www.shanethegamer.com/esports-news/marvel-rivals-season-4-5-twitch-drops-all-rewards-how-to-claim/,Marvel Rivals Season 4.5 Twitch Drops: All Rewards and How to Claim Them,esports-news,2025-10-11T16:41:08
https://www.shanethegamer.com/esports-news/cod-mobile-world-championship-2025-groups-revealed/,"COD Mobile World Championship 2025 Groups Revealed With Elevate, Wolves, and Qing Jiu Leading the Charge",esports-news,2025-10-11T16:57:32
https://www.shanethegamer.com/esports-news/jeondding-team-vitality-2030-contract/,Tekken 8 Star Jeondding Signs Record-Breaking Contract with Team Vitality Until 2030,esports-news,2025-10-11T16:15:35
https://www.shanethegamer.com/esports-news/team-liquid-ace-tofu-dota2-roster-2025/,Team Liquid Reunites With Former Rivals Ace and tOfu for the New Dota 2 Season,esports-news,2025-10-11T16:11:47
https://www.shanethegamer.com/esports-news/complexity-shuts-down-content-creator-programme/,Complexity Shuts Down Content Creator Programme After a Decade,esports-news,2025-10-11T16:04:07
https://www.shanethegamer.com/esports-news/mobile-legends-9th-anniversary/,MLBB 9th Anniversary Celebrates with “9th to Meet You” Festival and New Fanny Skin For Free,esports-news,2025-10-11T15:58:23
https://www.shanethegamer.com/esports-news/team-monesy-vs-team-donk-all-star-by-esl/,Team m0NESY vs Team donk CS2 All-Star by ESL,esports-news,2025-10-11T15:45:44
https://www.shanethegamer.com/esports-news/thunderpick-world-championship-2025-talent-opening-matches-announced/,Thunderpick World Championship 2025: Opening Matches and Talent Lineup Revealed,esports-news,2025-10-11T15:26:31
https://www.shanethegamer.com/esports-news/esl-pro-league-season-22-playoffs-teams-schedule/,Eight Teams Locked In as ESL Pro League Season 22 Playoffs Begin,esports-news,2025-10-10T20:29:05
https://www.shanethegamer.com/esports-news/toronto-ultra-2026-call-of-duty-league-roster/,Toronto Ultra Reveal 2026 Call of Duty League Roster,esports-news,2025-10-10T20:18:08
https://www.shanethegamer.com/esports-news/madden-nfl-26-esports-international-madrid-challenge/,Madden NFL 26 Esports Heads to Madrid for $50K International Challenge,esports-news,2025-10-10T20:07:47
https://www.shanethegamer.com/esports-news/summit-disqualified-lta-north-estral-esports/,Summit Disqualified from LTA North After Watching His Own Match VOD During Pause,esports-news,2025-10-10T19:57:43
https://www.shanethegamer.com/esports-news/riot-delays-worlds-2025-anthem-bwipo-removed/,Riot Delays Worlds 2025 Anthem After Cutting Bwipo from Music Video,esports-news,2025-10-10T19:44:37
https://www.shanethegamer.com/esports-news/riot-games-forsaken-bushido-wildcats-emaa-masters-investigation/,Riot Games Issues Warnings to Forsaken and Bushido Wildcats After EMEA Masters Controversy,esports-news,2025-10-10T16:57:07
https://www.shanethegamer.com/esports-news/esports-world-cup-2026-games-lineup/,Esports World Cup 2026 Reveals 20 Games With Four Still to Come,esports-news,2025-10-10T16:48:17
https://www.shanethegamer.com/esports-news/the-mongolz-eliminated-esl-pro-league-2025-navi/,The MongolZ Crash Out of ESL Pro League as Lack of Practice Catches Up,esports-news,2025-10-10T11:53:19
https://www.shanethegamer.com/esports-news/sentinels-valorant-roster-trials-2026/,Sentinels Begin Trials with Cubert Academy for VCT 2026 Roster,esports-news,2025-10-10T02:41:56
https://www.shanethegamer.com/esports-news/riot-games-riftbound-worlds-bundle-2025/,Riot Games Reveals the Riftbound Worlds Bundle 2025 for League of Legends Fans,esports-news,2025-10-10T02:32:12
https://www.shanethegamer.com/esports-news/skyesports-cancels-masters-2025-tier-one-cs2-events/,"Skyesports Cancels Masters 2025 and Tier One CS2 Plans, Shifts Focus to Tier-Two Growth",esports-news,2025-10-10T02:01:07
https://www.shanethegamer.com/esports-news/insania-retires-from-dota-2/,Team Liquid Captain Insania Retires After a Decade in Dota 2,esports-news,2025-10-10T01:55:42
https://www.shanethegamer.com/esports-news/martinezsa-gentle-mates-apology-racist-remark-the-mongolz/,Gentle Mates MartinezSa Apologises After Racist “Jackie Chan” Remark Toward The MongolZ,esports-news,2025-10-09T23:25:01
https://www.shanethegamer.com/esports-news/chipotle-x-2xko-challenger-bundle-how-to-unlock/,Chipotle x 2XKO is Here and How to Unlock the Exclusive Chipotle Challenger Bundle,esports-news,2025-10-09T23:07:19
https://www.shanethegamer.com/esports-news/blast-premier-2026-improvements/,"BLAST Premier Addresses Team Concerns, Promises Major Improvements Ahead of 2026 Season",esports-news,2025-10-09T22:53:16
https://www.shanethegamer.com/esports-news/gentle-mates-replace-koi-vct-emea-2026/,Gentle Mates Replace KOI in VCT EMEA After Riot’s Selection Process,esports-news,2025-10-09T22:48:56
https://www.shanethegamer.com/esports-news/team-liquid-bleach-thousand-year-blood-war-collaboration/,Team Liquid Unveils BLEACH: Thousand-Year Blood War Apparel Collection,esports-news,2025-10-09T22:32:43
https://www.shanethegamer.com/esports-news/vici-gaming-returns-to-dota-2-2025/,Vici Gaming Makes Triumphant Return to Dota 2 with Star-Studded Roster,esports-news,2025-10-09T22:28:00
https://www.shanethegamer.com/esports-news/fragpunk-redeem-codes-october-2025/,All Active Fragpunk Redeem Codes for October 2025 and How to Redeem Them,esports-news,2025-10-08T02:55:57
https://www.shanethegamer.com/esports-news/steam-and-riot-games-knocked-offline-by-massive-ddos-attack/,Steam and Riot Games Knocked Offline by Massive DDoS Attack,esports-news,2025-10-08T02:46:56
https://www.shanethegamer.com/esports-news/2xko-season-0-patch-notes/,"2XKO Season 0 Patch Notes Bring Battle Pass, Ranked Mode and Two New Champions",esports-news,2025-10-08T02:19:25
https://www.shanethegamer.com/esports-news/toronto-ultra-hot-drop-2025-warzone-tournament/,"Toronto Ultra and Monster Gaming Team Up for $25,000 Warzone Hot Drop",esports-news,2025-10-08T02:04:52
https://www.shanethegamer.com/esports-news/estral-summit-suspended-lta-promotion-tournament/,Estral’s Summit Suspended After Cheating Allegations Disrupt LTA Promotion Match,esports-news,2025-10-08T01:58:44
https://www.shanethegamer.com/esports-news/call-of-duty-black-ops-7-anti-cheat-update/,Activision’s Ricochet Anti-Cheat Stops 97% of Hackers in Call of Duty: Black Ops 7 Beta,esports-news,2025-10-08T01:51:34
https://www.shanethegamer.com/esports-news/fl0m-announces-30000-cs-lan-las-vegas-2026/,"fl0m Announces $30,000 Counter-Strike Mythical LAN in Las Vegas This January",esports-news,2025-10-08T01:33:12
https://www.shanethegamer.com/esports-news/secretlab-on-stage-standard-esports-precision/,Secretlab’s On-Stage Standard Sets a New Benchmark for Esports Precision,esports-news,2025-10-08T01:19:40
https://www.shanethegamer.com/esports-news/2xko-cinematic-trailer-ties-that-bind-warwick-courtney-laplante/,Riot Games Drops Explosive 2XKO Cinematic Featuring Spiritbox’s Courtney LaPlante and Warwick Reveal,esports-news,2025-10-08T01:20:07
https://www.shanethegamer.com/esports-news/team-falcons-ffws-sea-fall-2025-champions/,Team Falcons Secure Historic Double at FFWS SEA Fall 2025 in Bangkok,esports-news,2025-10-08T00:59:17
https://www.shanethegamer.com/esports-news/shopify-rebellion-hcs-charlotte-2025-champions/,Shopify Rebellion Crowned Back-to-Back Halo Champions at HCS Charlotte Major,esports-news,2025-10-08T00:52:24
https://www.shanethegamer.com/esports-news/virtus-pro-crowned-marvel-rivals-ignite-stage-2-emea-champions/,Virtus.pro Crowned Marvel Rivals Ignite Stage 2 EMEA Champions,esports-news,2025-10-08T00:48:21
https://www.shanethegamer.com/esports-news/starladder-budapest-major-2025-teams-confirmed/,All 32 Teams Confirmed for CS2 StarLadder Budapest Major,esports-news,2025-10-06T18:01:59
https://www.shanethegamer.com/esports-news/fnatic-win-fragadelphia-blocktober-2025-major-qualification/,Fnatic Win Fragadelphia Blocktober and Qualify for the Budapest Major,esports-news,2025-10-06T17:49:18
https://www.shanethegamer.com/esports-news/nocries-esl-pro-league-interview/,Nocries Confirms ESL Pro League Teams Have Reached Out After FACEIT Clearance,esports-news,2025-10-06T17:27:38
https://www.shanethegamer.com/esports-news/valorant-agent-29-veto-release-date-abilities-meta/,"VALORANT Unveils Veto, The 29th Agent Who Breaks Abilities and Redefines the Meta",esports-news,2025-10-06T14:39:17
https://www.shanethegamer.com/esports-news/nrg-wins-valorant-champions-2025-ohnepixel-fnatic-grand-final/,NRG Crowned VALORANT Champions 2025 After Thrilling Five-Map Showdown Against Fnatic,esports-news,2025-10-06T14:23:00
https://www.shanethegamer.com/esports-news/nocries-team-falcons-rumours/,Could Nocries Join Team Falcons?,esports-news,2025-10-06T02:31:03
https://www.shanethegamer.com/esports-news/hikaru-nakamura-throws-gukesh-king-controversy/,Hikaru Nakamura Sparks Outrage After Throwing Gukesh’s King Into Crowd at Checkmate Clash,esports-news,2025-10-06T01:54:41
https://www.shanethegamer.com/esports-news/ohnepixel-valorant-memes/,"OhnePixel Valorant Stream and Gameplay Sparks Memes, Reactions and a Culture Clash",esports-news,2025-10-06T01:32:29
https://www.shanethegamer.com/esports-news/team-raad-removed-from-vct-emea-ascension-joblife-replaces/,"Team RAAD Dropped from VCT EMEA Ascension, Joblife Steps In as Fans Call Decision “Unfair”",esports-news,2025-10-06T00:49:13
https://www.shanethegamer.com/esports-news/cs2-transit-map-removed-racial-slur-crypto-ads/,"CS2 Transit Map Removed After Racial Slur, Crypto Ads, and Copyright Scandal",esports-news,2025-10-06T00:26:41
https://www.shanethegamer.com/esports-news/wildcard-dota-2-roster-disband-apex-genesis/,"Wildcard Disbands Dota 2 Roster After Promising Season, Players Reform as Apex Genesis",esports-news,2025-10-06T00:14:04
https://www.shanethegamer.com/esports-news/faze-rain-returns-esl-pro-league-2025/,FaZe Bring rain Back for ESL Pro League After Lineup Dispute,esports-news,2025-10-06T00:03:05
https://www.shanethegamer.com/esports-news/gaimin-gladiators-lawsuit-dota-2-players/,Gaimin Gladiators Sue Dota 2 Players for $7.5 Million After The International Fallout,esports-news,2025-10-05T23:53:06
https://www.shanethegamer.com/esports-news/hotu-gentle-mates-esl-pro-league-upsets/,HOTU and Gentle Mates Stun The MongolZ and Vitality in Massive Upsets on ESL Pro League,esports-news,2025-10-05T22:53:06
https://www.shanethegamer.com/esports-news/riot-games-2xko-warwick-leak/,Riot Games Accidentally Leaks Warwick as 2XKO’s Next Playable Character,esports-news,2025-10-05T22:33:20
https://www.shanethegamer.com/esports-news/esl-impact-shutdown-womens-counter-strike-community-reacts/,ESL Shuts Down Women’s Counter-Strike Circuit ESL Impact - Causing Fans Furious,esports-news,2025-10-05T22:06:04
https://www.shanethegamer.com/esports-news/valorant-harbor-rework-weakest-agent-patch-11-10/,VALORANT Weakest Agent Harbor is Getting Major Rework in Patch 11.10,esports-news,2025-10-05T21:08:49
https://www.shanethegamer.com/esports-news/valorant-skirmish-mode-launch-how-to-play/,VALORANT Skirmish Mode Is Now Live: Fast 1v1 to 5v5 Duels Without the Spike,esports-news,2025-10-05T20:58:26
https://www.shanethegamer.com/esports-news/marvel-rivals-courage-clash-winners-necros-clayster/,"Necros and Clayster Lead Team to Victory in $100,000 CouRage Clash Marvel Rivals Tournament",esports-news,2025-10-05T20:43:57
https://www.shanethegamer.com/esports-news/fnatic-defeat-drx-valorant-champions-2025-grand-final/,Fnatic Crush DRX 3-1 to Reach VALORANT Champions 2025 Grand Final,esports-news,2025-10-05T20:38:31
https://www.shanethegamer.com/esports-news/99-nights-in-the-forest-codes-free-diamonds-october-2025/,99 Nights in the Forest Codes for October 2025 and How to Redeem Them for Free Diamonds,esports-news,2025-10-05T20:28:21
https://www.shanethegamer.com/esports-news/drx-vs-paper-rex-valorant-champions-2025/,"DRX Eliminates Paper Rex, Sets Up VALORANT Champions 2025 Lower Final Against Fnatic",esports-news,2025-10-04T18:58:50
https://www.shanethegamer.com/esports-news/nrg-sweep-fnatic-valorant-champions-2025-grand-final/,NRG Crush Fnatic to Reach VALORANT Champions 2025 Grand Final,esports-news,2025-10-04T18:33:11
https://www.shanethegamer.com/esports-news/cct-bans-cs2-players-cheating-2025/,CCT Bans CS2 Players for Cheating and Account Sharing in Europe Season 3,esports-news,2025-10-04T18:22:07
https://www.shanethegamer.com/esports-news/detonation-focusme-vct-pacific-2026-recruitment/,DetonatioN FocusMe Opens Recruitment for VCT Pacific 2026,esports-news,2025-10-04T18:12:59
https://www.shanethegamer.com/esports-news/faceit-clears-nocries-integrity-review/,Free! FACEIT Clears Rising CS2 Star Nocries After Full Integrity Review,esports-news,2025-10-04T18:28:16
https://www.shanethegamer.com/esports-news/vct-2026-masters-champions-locations-format-changes/,Riot Unveils VCT 2026 Locations and Format Changes,esports-news,2025-10-04T17:47:54
https://www.shanethegamer.com/esports-news/karmine-corp-fires-apples/,Karmine Corp Finally Fires Assistant Coach Apples After Investigation Into Misconduct Allegations,esports-news,2025-10-04T17:29:03
https://www.shanethegamer.com/esports-news/world-solitaire-championship-2026-miami/,"First Ever World Solitaire Championship Announced for Miami 2026 with $300,000 Prize Pool",esports-news,2025-10-04T13:49:35
https://www.shanethegamer.com/esports-news/league-of-legends-worlds-unlocked-2025-collectors-edition/,Riot Games Unveils Worlds Unlocked 2025 Collector’s Edition for League of Legends Fans,esports-news,2025-10-03T23:21:41
https://www.shanethegamer.com/esports-news/cloud9-inero-league-of-legends-head-coach/,Cloud9 Names Inero as New League of Legends Head Coach After Reapered’s Exit,esports-news,2025-10-03T23:16:48
https://www.shanethegamer.com/esports-news/cs2-october-2025-update-new-maps-cosmetics/,"CS2 October Update Adds Four New Maps, Fresh Cosmetics and Gameplay Tweaks",esports-news,2025-10-03T23:12:54
https://www.shanethegamer.com/esports-news/team-vision-win-world-series-of-warzone-2025-global-final/,Team Vision Crowned World Series of Warzone 2025 Global Champions,esports-news,2025-10-03T22:56:00
https://www.shanethegamer.com/esports-news/riot-games-internship-2026-game-dev-resources/,Riot Games Highlights Free Game Dev Resources and Opens Internship Applications,esports-news,2025-10-02T22:29:41
https://www.shanethegamer.com/esports-news/fortnite-kpop-demon-hunters-collaboration/,"Fortnite x KPop Demon Hunters Collab Brings New Skins, Items, and Demon Rush Mode",esports-news,2025-10-02T18:28:13
https://www.shanethegamer.com/esports-news/fnatic-alfajer-vct-champions-2025-return/,Fnatic’s Alfajer Returns for VCT Champions Paris 2025,esports-news,2025-10-02T18:38:47
https://www.shanethegamer.com/esports-news/ubisoft-vantage-studios-launch-assassins-creed-far-cry-rainbow-six/,"Ubisoft Launches Vantage Studios to Oversee Assassin’s Creed, Far Cry and Rainbow Six",esports-news,2025-10-02T19:39:05
https://www.shanethegamer.com/esports-news/realme-15-pro-mlbb-m7-world-championship/,realme 15 Pro Named Official Phone of MLBB M7 World Championship,esports-news,2025-10-02T21:14:16
https://www.shanethegamer.com/esports-news/dreamleague-season-27-invited-teams/,DreamLeague Season 27: Invited Teams Revealed for $1M Dota 2 Showdown,esports-news,2025-10-02T21:34:22
https://www.shanethegamer.com/esports-news/illuvium-pro-league-ipl-1000-launch/,"Illuvium and Immutable Launch $20K IPL 1000 Tournament, Kicking Off Web3 Esports Push",esports-news,2025-10-02T21:22:05
https://www.shanethegamer.com/esports-news/valorant-veto-agent-leak/,New Valorant Sentinel Agent Leak: Veto,esports-news,2025-10-01T07:28:39
https://www.shanethegamer.com/esports-news/valorant-skirmish-mode/,Valorant Introduces New Skirmish Game Mode,esports-news,2025-10-01T07:18:03
https://www.shanethegamer.com/esports-news/reason-esports-cs2-roster-departure/,Reason Esports Parts Ways With Polish CS2 Roster After Struggles,esports-news,2025-10-01T06:28:26
https://www.shanethegamer.com/esports-news/chaosground-acquires-epulze-web3-esports/,"ChaosGround Acquires Epulze After Bankruptcy, Promises Web3-Powered Esports Revival",esports-news,2025-10-02T22:44:58
https://www.shanethegamer.com/esports-news/blast-slam-iv-dota-2-teams/,BLAST Slam IV Dota 2 All 12 Teams Revealed,esports-news,2025-10-02T21:41:13
https://www.shanethegamer.com/esports-news/teemo-2xko-tenth-fighter/,Teemo Confirmed as Tenth Fighter in Riot Games’ 2XKO,esports-news,2025-10-02T23:20:52
https://www.shanethegamer.com/esports-news/esports-charts-media-value-metric/,Esports Charts Rolls Out Free Media Value Metric for Tournament Sponsorship Insights,esports-news,2025-10-02T21:50:43
https://www.shanethegamer.com/esports-news/ea-55bn-saudi-pif-acquisition/,"EA to Go Private in $55 Billion Sale to Saudi PIF, Silver Lake and Affinity Partners, Impacting Apex Legends, EA Sports FC and The Sims",esports-news,2025-10-02T23:33:26
https://www.shanethegamer.com/esports-news/tottenham-hotspur-playvs-game-to-glory/,Tottenham Hotspur and PlayVS Team Up for ‘Game to Glory’ Youth Gaming Challenge,esports-news,2025-10-02T23:39:51
https://www.shanethegamer.com/esports-news/pgl-masters-bucharest-2025-teams-lineup/,PGL Masters Bucharest 2025: Full Line-up Confirmed and $1.25m Prize Pool on the Line,esports-news,2025-10-02T23:46:04
https://www.shanethegamer.com/esports-news/faze-clan-benches-rain-cs2-roster-twistzz-return/,"FaZe Clan Benches rain After Nearly a Decade,",esports-news,2025-10-03T00:59:17
https://www.shanethegamer.com/esports-news/league-of-legends-worlds-2025-format-teams-schedule/,"Riot Games Reveals Worlds 2025 Format, Teams, and How to Watch",esports-news,2025-10-01T21:30:29
https://www.shanethegamer.com/esports-news/flyquest-lta-2025-champions/,FlyQuest Crowned LTA 2025 Champions After Beating Vivo Keyd Stars,esports-news,2025-10-01T06:47:57
https://www.shanethegamer.com/esports-news/faze-clan-subathon-ii-october-2025/,"FaZe Clan Announces Subathon II, a Month-Long Livestream Starting October 1",esports-news,2025-10-01T06:42:29
https://www.shanethegamer.com/esports-news/karmine-corp-suspends-lec-coach-apples-investigation/,Karmine Corp Suspends LEC Assistant Coach Apples Amid Misconduct Investigation,esports-news,2025-10-01T06:22:34
https://www.shanethegamer.com/esports-news/fortnite-kpop-demon-hunters-collab-zoey-skin-leak/,Fortnite x KPop Demon Hunters Collab Confirmed After Teasers and Leaks,esports-news,2025-09-29T18:16:43
https://www.shanethegamer.com/esports-news/valorant-fans-outrage-kai-cenat-1m-subs-subtember/,VALORANT Fans Outrage Over Kai Cenat’s 1M Sub Record,esports-news,2025-09-29T18:06:08
https://www.shanethegamer.com/esports-news/nrg-vs-mibr-valorant-champions-2025/,"NRG Edges Out MIBR in Thrilling Valorant Champions 2025 Semifinal, Set to Face FNATIC",esports-news,2025-09-29T08:54:03
https://www.shanethegamer.com/esports-news/world-63-hotu-upset-furia-esl-pro-league-s22/,World #63 Ranked Team HOTU Shock FURIA in ESL Pro League Season 22 Opener,esports-news,2025-09-29T17:49:55
https://www.shanethegamer.com/esports-news/fissure-playground-2-dota-invited-teams/,Eight Teams Receive Direct Invites for Dota FISSURE Playground 2,esports-news,2025-09-29T07:53:21
https://www.shanethegamer.com/esports-news/fnatic-vs-paper-rex-vct-2025-revenge-comeback/,Fnatic Stun Paper Rex With Stand-In to Reach VCT 2025 Top Three,esports-news,2025-09-29T07:14:31
https://www.shanethegamer.com/esports-news/team-spirit-donks-10-million-price/,Team Spirit Donk’s $10 Million Price Tag Has Team Falcons Dreaming of Recruiting Him,esports-news,2025-09-29T08:39:14
https://www.shanethegamer.com/esports-news/royal-ghost-skeleton-army-evolutions-clash-royale/,Royal Ghost and Skeleton Army Evolutions Look Absolutely Broken in Clash Royale October Update,esports-news,2025-09-29T08:17:28
https://www.shanethegamer.com/esports-news/juicy-leaves-wolves-esports-2026-vct/,Valorant Star Juicy Set to Explore Options After Wolves Esports Departure,esports-news,2025-09-29T18:24:49
https://www.shanethegamer.com/esports-news/valorant-champions-2025-necklace/,VALORANT Champions 2025 Winners to Receive 22-Carat Gold Necklace,esports-news,2025-09-29T07:26:31
https://www.shanethegamer.com/esports-news/fnatic-alfajer-misses-vct-2025-doma-steps-in/,"Fnatic’s Alfajer Misses VCT 2025 Clash with Paper Rex, Doma Steps In",esports-news,2025-09-29T07:02:51
https://www.shanethegamer.com/esports-news/fortnite-peacemaker-emote-disabled/,Fortnite Disables Peacemaker Dance Emote After Nazi Allegation Controversy,esports-news,2025-09-29T06:44:18
https://www.shanethegamer.com/esports-news/kanon-gaming-fined-swedish-gambling-authority-2025/,"Kanon Gaming Fined Over $500,000 by Swedish Gambling Authority for iGaming Violations",esports-news,2025-09-29T07:42:59
https://www.shanethegamer.com/esports-news/mlbb-sora-hero-luffy-gear-5-collab/,New MLBB Hero Sora Looks Like a Luffy Gear 5 Collab Waiting to Happen,esports-news,2025-09-28T14:42:17
https://www.shanethegamer.com/esports-news/team-heretics-eliminate-giantx-valorant-champions-2025/,Team Heretics Eliminate GIANTX in VALORANT Champions 2025 Thriller,esports-news,2025-09-28T14:32:27
https://www.shanethegamer.com/esports-news/torzsi-signs-mouz-contract-extension/,torzsi Extends His Stay with MOUZ Ahead of Budapest Major,esports-news,2025-09-28T13:49:22
https://www.shanethegamer.com/esports-news/minecraft-live-2025-copper-age-mounts-of-mayhem-dragon-ball-z/,"Minecraft Live September 2025: Copper Age Release Date, Mounts of Mayhem, and Dragon Ball Z DLC Revealed",esports-news,2025-09-28T10:16:33
https://www.shanethegamer.com/esports-news/fortnite-daft-punk-experience-quests-rewards/,"Fortnite’s Daft Punk Experience: How to Join, Complete Quests, and Unlock Rewards",esports-news,2025-09-28T10:23:36
https://www.shanethegamer.com/esports-news/plants-vs-brainrots-codes-september-2025/,Plants vs Brainrots Codes for September 2025 Free Cash and Handy Items,esports-news,2025-09-28T10:37:12
https://www.shanethegamer.com/esports-news/esl-pro-league-replacements-gentle-mates-ence/,Gentle Mates and ENCE Step In at ESL Pro League as Lynn Vision and Virtus.pro Withdraw,esports-news,2025-09-28T15:18:58
https://www.shanethegamer.com/esports-news/furia-tuyz-explores-new-team/,FURIA’s tuyz Allowed to Seek New Team Amid Struggles,esports-news,2025-09-28T13:08:47
https://www.shanethegamer.com/esports-news/birch-cup-2025-controversy-vins-valve-vrs/,Wildcard Coach vinS Criticizes Birch Cup 2025 Over Technical Chaos,esports-news,2025-09-28T13:44:51
https://www.shanethegamer.com/esports-news/black-ops-7-beta-twitch-drops-early-access/,How to Get Black Ops 7 Beta Early For Free with Twitch Drops,esports-news,2025-09-28T15:11:05
https://www.shanethegamer.com/esports-news/xbox-tokyo-game-show-2025-announcements/,"All Games Revealed in Xbox Tokyo Game Show 2025: Forza Horizon 6, Ninja Gaiden 4, Bruce Lee in Hitman, and More",esports-news,2025-09-28T14:54:21
https://www.shanethegamer.com/esports-news/drx-eliminate-g2-valorant-champions-2025/,DRX Knock G2 Out of VALORANT Champions 2025 in Paris,esports-news,2025-09-28T13:27:37
https://www.shanethegamer.com/esports-news/furia-considered-signing-s1mple-before-molodoy/,FURIA Coach Reveals s1mple Was Considered Before Signing molodoy,esports-news,2025-09-28T12:55:54
https://www.shanethegamer.com/esports-news/mibr-nrg-valorant-champions-paris-playoffs/,"MIBR and NRG Dominate at VALORANT Champions Paris, Send Heretics and GIANTX to Lower Bracket",esports-news,2025-09-28T12:44:50
https://www.shanethegamer.com/esports-news/sheydos-announces-free-agency-after-koi-exit/,sheydos Announces Free Agency After KOI Exit,esports-news,2025-09-28T12:46:56
https://www.shanethegamer.com/esports-news/nocries-faceit-fpl-cs2/,Nocries Clears Cheating Allegations and Shines in FACEIT FPL Debut,esports-news,2025-09-28T12:01:55
https://www.shanethegamer.com/esports-news/australia-under-16-social-media-ban-twitch-roblox-steam/,"Twitch, Roblox, and Steam Could Be Banned for Under 16s in Australia",esports-news,2025-09-28T15:01:57
https://www.shanethegamer.com/esports-news/doug-bowser-nintendo-retirement-devon-pritchard/,"Doug Bowser to Retire as Nintendo of America President, Devon Pritchard Steps In",esports-news,2025-09-28T12:36:56
https://www.shanethegamer.com/esports-news/courage-clash-marvel-rivals-tournament/,"CouRageJD Returns to Casting with $100,000 Marvel Rivals Tournament",esports-news,2025-09-28T12:30:57
https://www.shanethegamer.com/esports-news/faze-kaysan-call-of-duty-twitchcon-san-diego/,FaZe Kaysan Brings 2v2 Call of Duty Showdown to TwitchCon San Diego,esports-news,2025-09-28T12:28:04
https://www.shanethegamer.com/esports-news/gen-g-warzone-roster-2025/,Gen.G Expands Into Call of Duty: Warzone With Former All Gamers Roster,esports-news,2025-09-28T12:25:15
https://www.shanethegamer.com/esports-news/los-angeles-thieves-cdl-2026-roster-kenny-abez/,Former World Champions Kenny and aBeZy Join Los Angeles Thieves to Complete CDL 2026 Roster,esports-news,2025-09-28T12:19:47
https://www.shanethegamer.com/esports-news/metastack-cs2-tactical-platform-gooseman-heroic/,"Metastack, New Tactical and Analytical Platform for CS2 Teams Backed by Gooseman and Ex-HEROIC Coach",esports-news,2025-09-28T12:16:05
https://www.shanethegamer.com/esports-news/minecraft-counter-strike-2-map/,Minecraft Comes to Counter-Strike 2 Thanks to Creative Map Maker,esports-news,2025-09-28T12:08:25
https://www.shanethegamer.com/esports-news/nintendo-dreamhack-stockholm-2025/,Nintendo Joins DreamHack Stockholm 2025 with Dedicated Booth,esports-news,2025-09-28T12:02:32
https://www.shanethegamer.com/esports-news/pubg-global-championship-2025-bangkok-schedule-format-prize-pool/,PUBG Global Championship 2025 Heads to Bangkok with New Format and $1.5m Prize Pool,esports-news,2025-09-28T11:40:38
https://www.shanethegamer.com/esports-news/nocries-faceit-cheating-allegations/,New NA FACEIT Star Nocries Heads to HQ to Prove He's Not Cheating,esports-news,2025-09-28T11:30:29
https://www.shanethegamer.com/esports-news/pubg-skibidi-toilet-halloween-collab/,PUBG Teams Up With Skibidi Toilet For Spooky Halloween Event,esports-news,2025-09-28T11:21:52
https://www.shanethegamer.com/esports-news/nivera-3dmax-esl-pro-league-s22/,Nivera Steps In for Maka as 3DMAX Begin ESL Pro League Season 22,esports-news,2025-09-28T11:16:49
https://www.shanethegamer.com/esports-news/marvel-rivals-twitch-drops-rocket-raccoon/,How to Unlock Rocket Raccoon’s Twitch Drops in Marvel Rivals Ignite Stage 2,esports-news,2025-09-28T11:12:15
https://www.shanethegamer.com/esports-news/elige-returns-to-team-liquid-fragadelphia-2025/,EliGE Returns to Team Liquid for Fragadelphia Blocktober,esports-news,2025-09-28T11:07:03
https://www.shanethegamer.com/esports-news/absurd-anime-gta-ananta-gameplay/,"Ananta: Absurd Anime GTA Meets Spider-Man, Yakuza, and More in Wild New Gameplay",esports-news,2025-09-25T09:45:32
https://www.shanethegamer.com/esports-news/call-of-duty-american-dad-skin-cancellation/,Call of Duty Cancels American Dad Skin Collab Amid Fan Backlash,esports-news,2025-09-25T10:05:51
https://www.shanethegamer.com/esports-news/hades-2-global-release-melinoe/,Hades 2 Global Launch and Review: Melinoë’s Roguelike Adventure Awaits,esports-news,2025-09-28T10:26:24
https://www.shanethegamer.com/esports-news/fragpunk-september-update-grand-tournament/,FragPunk’s September Update Brings Invite Your Friends Grand Tournament,esports-news,2025-09-25T07:48:12
https://www.shanethegamer.com/esports-news/world-series-warzone-2025-twitch-drops-rewards/,World Series of Warzone 2025 All Twitch Drops Rewards and How to Claim Them,esports-news,2025-09-25T07:39:17
https://www.shanethegamer.com/esports-news/dreamhack-atlanta-2025-esports-schedule-tickets/,DreamHack Atlanta 2025: Full Lineup of Esports Events and Tickets Available Now,esports-news,2025-09-25T09:26:19
https://www.shanethegamer.com/esports-news/oracle-red-bull-all-female-british-f4-esports-team/,Oracle Red Bull Sim Racing Launches All-Female British F4 Esports Team,esports-news,2025-09-25T08:02:43
https://www.shanethegamer.com/esports-news/fortnitemares-2025-leaks/,"Fortnitemares 2025: Jason Voorhees, Scooby Doo, and Everything Else Coming This October",esports-news,2025-09-25T08:10:40
https://www.shanethegamer.com/esports-news/yu-gi-oh-genesys-format-launch/,Yu-Gi-Oh! Launches Genesys Format to Bring Back Old and New Duelists,esports-news,2025-09-25T10:01:14
https://www.shanethegamer.com/esports-news/s1mple-first-cs2-trophy-bcgame/,S1mple Finally Back on Top as BC.Game Lift First CS2 Trophy,esports-news,2025-09-25T08:25:12
https://www.shanethegamer.com/esports-news/league-of-legends-team-emotes-2025/,"League of Legends Rolls Out New Team Emotes for LEC, LCK, LPL, LTA and LCP",esports-news,2025-09-25T07:30:52
https://www.shanethegamer.com/esports-news/faze-clan-rollbit-sponsorship-deal-2025/,FaZe Clan Expands Rollbit Sponsorship in Record $3.25M Deal,esports-news,2025-09-25T08:42:07
https://www.shanethegamer.com/esports-news/fragadelphia-miami-cs2-2026/,Fragadelphia Brings First CS2 LAN of 2026 to Miami,esports-news,2025-09-25T08:14:58
https://www.shanethegamer.com/esports-news/riot-games-2xko-first-impact-tournaments-2025/,Riot Games Backs 22 Community-Led 2XKO Tournaments With First Impact Programme,esports-news,2025-09-25T07:58:41
https://www.shanethegamer.com/esports-news/fortnite-daft-punk-experience/,Fortnite Gets a Legendary Upgrade with Daft Punk Experience,esports-news,2025-09-25T09:20:39
https://www.shanethegamer.com/esports-news/riot-games-partner-program-2025/,"Riot Games Unveils New Creator Partner Program for League, TFT, and VALORANT",esports-news,2025-09-25T08:32:42
https://www.shanethegamer.com/esports-news/2xko-early-access-october-7/,2XKO Early Access Drops on October With New Champion and Riot’s Esports Support,esports-news,2025-09-25T07:54:27
https://www.shanethegamer.com/esports-news/ricochet-anti-cheat-call-of-duty-black-ops-7/,Ricochet Anti-Cheat Powers Up for Call of Duty: Black Ops 7 Beta,esports-news,2025-09-25T08:55:43
https://www.shanethegamer.com/esports-news/undertale-10th-anniversary-sans-fight-new-content/,How to Fight Pacifist Sans and All New Undertale Content From the 10th Anniversary Stream,esports-news,2025-09-23T10:29:42
https://www.shanethegamer.com/esports-news/marvel-rivals-ignite-grand-finals-dreamhack-atlanta-2025/,Marvel Rivals Ignite Grand Finals Bring $1 Million Prize Pool to DreamHack Atlanta Tickets Available Now,esports-news,2025-09-25T09:06:12
https://www.shanethegamer.com/esports-news/esc-radar-hack-allegations-cct-win-bcgame-loss/,ESC Face Radar Hack Allegations After CCT Triumph and Loss to s1mple’s BC.Game,esports-news,2025-09-23T09:43:02
https://www.shanethegamer.com/esports-news/gaimin-gladiators-return-counter-strike-brazilian-roster/,Gaimin Gladiators Return to Counter-Strike With Brazilian ex-W7M Roster,esports-news,2025-09-23T09:13:29
https://www.shanethegamer.com/esports-news/valorant-champions-2025-playoffs-bracket-revealed/,Valorant Champions 2025 Playoffs Bracket Revealed,esports-news,2025-09-23T08:35:38
https://www.shanethegamer.com/esports-news/call-of-duty-black-ops-7-multiplayer-reveal/,"Call of Duty: Black Ops 7 Multiplayer Reveal Brings Big Changes to Maps, Weapons and Esports",esports-news,2025-09-23T10:12:22
https://www.shanethegamer.com/esports-news/vct-emea-new-partner-team-selection/,Riot Opens VCT EMEA Partner Team Selection After KOI’s Exit,esports-news,2025-09-23T08:41:42
https://www.shanethegamer.com/esports-news/impact-leaves-team-liquid/,LoL Impact Parts Ways With Team Liquid After 13-Year Career,esports-news,2025-09-23T07:44:24
https://www.shanethegamer.com/esports-news/fissure-playground-3-shenzhen-format-prize-pool/,FISSURE Playground 3 Heads to Shenzhen With $1.5M Prize Pool and New Format,esports-news,2025-09-23T09:20:32
https://www.shanethegamer.com/esports-news/cs2-crowd-cheating-controversy-fissure/,FISSURE Playground 2 Sparks CS2 Crowd Cheating Controversy,esports-news,2025-09-23T09:09:41
https://www.shanethegamer.com/esports-news/saberlight-leaves-team-liquid-joins-avulus/,"SabeRLight- Leaves Team Liquid, Joins AVULUS Ahead of DreamLeague 27",esports-news,2025-09-23T10:38:15
https://www.shanethegamer.com/esports-news/the-finals-esports-bundles-grand-major-2025/,Esports Team Bundles Coming to The Finals Ahead of The Grand Major,esports-news,2025-09-23T09:04:36
https://www.shanethegamer.com/esports-news/furia-win-fissure-playground-2/,FURIA Finally Lift First Big Event Trophy at FISSURE Playground 2,esports-news,2025-09-23T08:57:40
https://www.shanethegamer.com/esports-news/blg-wins-lpl-2025-championship/,BLG Crowned LPL Champions After Five-Game Thriller Against TES,esports-news,2025-09-28T15:24:50
https://www.shanethegamer.com/esports-news/ctbc-flying-oyster-lcp-champions/,CTBC Flying Oyster Crowned First-Ever LCP Champions in Da Nang,esports-news,2025-09-28T15:28:30
https://www.shanethegamer.com/esports-news/navi-win-starseries-fall-2025/,NAVI Take Down NIP to Win StarLadder StarSeries Fall 2025,esports-news,2025-09-23T09:29:55
https://www.shanethegamer.com/esports-news/peanut-leaving-league-of-legends-2026/,Peanut Confirms League of Legends Exit in 2026 for Military Service,esports-news,2025-09-23T07:32:56
https://www.shanethegamer.com/esports-news/mouz-dota-2-roster-2026/,MOUZ Unveils New Dota 2 Roster for 2026 Season,esports-news,2025-09-28T15:30:03
https://www.shanethegamer.com/esports-news/aurora-gaming-signs-8-year-old-cs2-prodigy-shalun/,"Aurora Gaming Signs 8-Year-Old CS2 Prodigy ShaLun, Sparks Debate in Esports",esports-news,2025-09-23T10:55:50
https://www.shanethegamer.com/esports-news/donk-team-spirit-transfer-rumours-donk-spirit-fake-news-spirit-esl-pro-league-22/,Donk Transfer Rumours Dismissed as Spirit Prepare for ESL Pro League,esports-news,2025-09-23T10:46:15
https://www.shanethegamer.com/esports-news/snk-world-championship-2025-dreamhack-atlanta/,SNK World Championship 2025 to Drop $4.1 Million Prize Pool at DreamHack Atlanta,esports-news,2025-09-25T09:25:56
https://www.shanethegamer.com/esports-news/mesa-unpaid-prize-money-teams-talent/,"Mongolian TO MESA Accused of Owing $200,000 in Unpaid Prize Money and Talent Fees",esports-news,2025-09-19T23:46:26
https://www.shanethegamer.com/esports-news/cs2-show-off-update-pro-reactions/,“CS feels broken and ridiculous”: CS2 pros slam Show Off update,esports-news,2025-09-28T15:33:21
https://www.shanethegamer.com/esports-news/valorant-mobile-verification-smurfing/,Riot Games Rolls Out Mobile Verification Beta to Tackle VALORANT Smurfing,esports-news,2025-09-19T21:37:04
https://www.shanethegamer.com/esports-news/team-vitality-psg-esports-psgvitality-partnership/,Team Vitality and PSG Esports Join Forces to Create PSG.Vitality,esports-news,2025-09-19T21:24:02
https://www.shanethegamer.com/esports-news/quinn-dota-2-retires/,Quinn Callahan Retires From Competitive Dota 2 After Nine-Year Career,esports-news,2025-09-19T21:30:56
https://www.shanethegamer.com/esports-news/roblox-steal-a-brainrot-tung-tung-sahur-removed/,Roblox Hit Steal A Brainrot Loses Its Iconic Mascot Tung Tung Tung Sahur After Copyright Clash,esports-news,2025-09-23T14:39:32
https://www.shanethegamer.com/esports-news/godsent-bankruptcy-2025/,GODSENT Declared Bankrupt After Years of Financial Struggles,esports-news,2025-09-17T22:12:36
https://www.shanethegamer.com/esports-news/cs2-update-subtick-genesis-collection/,"CS2 Update Brings Subtick Fixes, Grenade Overhaul, and the Genesis Skin Collection",esports-news,2025-09-17T21:54:59
https://www.shanethegamer.com/esports-news/valorant-replays-system/,"Valorant Replays System is Here, But They’re Missing Key Features",esports-news,2025-09-17T14:03:13
https://www.shanethegamer.com/esports-news/navi-marvel-rivals-roster/,NAVI Joins Marvel Rivals Esports With Championship-Winning Roster,esports-news,2025-09-17T14:16:56
https://www.shanethegamer.com/esports-news/cs2-esports-world-cup-2027/,CS2 Named as First Game for Esports World Cup 2027,esports-news,2025-09-17T21:33:54
https://www.shanethegamer.com/esports-news/gamer-pillow-tech-co-performance/,Cambridge Sleep Sciences Launches High-Tech Performance Pillow for Gamers and Athletes,esports-news,2025-09-17T14:22:53
https://www.shanethegamer.com/esports-news/g2-esports-logitech-g-play-2025/,"G2 Esports Teams Up with Logitech G for G PLAY 2025, Featuring Women in Esports",esports-news,2025-09-17T21:17:22
https://www.shanethegamer.com/esports-news/faze-clan-temperrr-rain-controversy/,FaZe Clan Cuts Ties With Former Members After Rain and Temperrr Controversy,esports-news,2025-09-17T14:17:22
https://www.shanethegamer.com/esports-news/mongolz-blitz-wicadia-controversy/,The MongolZ Clarify Blitz’s Comments on Aurora’s Wicadia After Livestream Controversy,esports-news,2025-09-16T14:18:20
https://www.shanethegamer.com/esports-news/mlbb-spongebob-collab/,MLBB x SpongeBob Collab Event Brings Free Spongebob Cyclops Skin,esports-news,2025-09-17T13:47:56
https://www.shanethegamer.com/esports-news/100-thieves-valorant-roster-rebuild-2025/,100 Thieves Begin Major VALORANT Rebuild as Seven Contracts Expire,esports-news,2025-09-16T14:32:06
https://www.shanethegamer.com/esports-news/falcons-force-counter-strike-2-academy-team/,"Falcons Esports Launch CS2 Academy Team, Falcons Force",esports-news,2025-09-16T14:25:27
https://www.shanethegamer.com/esports-news/team-falcons-wins-the-international-2025/,Team Falcons Crowned Champions at The International 2025 After Epic Five-Game Final,esports-news,2025-09-16T13:58:34
https://www.shanethegamer.com/esports-news/rlcs-2026-roadmap-kickoff-lan-paris-major/,"RLCS 2026 Roadmap Revealed: Kick-Off LAN, Paris Major, and New 2v2 Format",esports-news,2025-09-16T14:45:04
https://www.shanethegamer.com/esports-news/nrg-crowned-rocket-league-world-champions-2025-in-lyon/,NRG Crowned Rocket League World Champions 2025 in Lyon,esports-news,2025-09-16T14:46:09
https://www.shanethegamer.com/esports-news/zeta-division-valorant-roster-2026-applications/,ZETA Division Opens VALORANT Applications Ahead of VCT Pacific 2026,esports-news,2025-09-17T21:41:58
https://www.shanethegamer.com/esports-news/wolves-esports-call-of-duty-mobile-major-2025-champions/,Wolves Esports Crowned Call of Duty Mobile Major 2025 Champions,esports-news,2025-09-16T14:52:27
https://www.shanethegamer.com/esports-news/twistzz-faze-return-esl-pro-league/,Twistzz Makes Shock Return to FaZe Clan Ahead of ESL Pro League,esports-news,2025-09-17T13:44:01
https://www.shanethegamer.com/esports-news/falcons-destroy-virtus-pro-fissure-playground-2/,Falcons Destroy Virtus.pro in FISSURE Playground 2 Opener,esports-news,2025-09-13T15:27:05
https://www.shanethegamer.com/esports-news/worlds-2025-tickets-sales-prices/,"LoL Worlds 2025 Tickets: Dates, Prices, and How to Get Yours",esports-news,2025-09-13T17:53:26
https://www.shanethegamer.com/esports-news/pubg-mobile-super-league-csa-fall-2025-online/,PUBG Mobile Super League CSA Fall 2025 Moves Online Amid Nepal Protests,esports-news,2025-09-13T10:45:41
https://www.shanethegamer.com/esports-news/valorant-champions-2025-day-1-recap/,Paper Rex and GIANTX Start Strong at VALORANT Champions 2025 - Day 1 Recap,esports-news,2025-09-13T16:42:25
https://www.shanethegamer.com/esports-news/gooseman-cs2-subtick-charms-pets/,"Counter Strike Co-Creator Gooseman Weighs In on CS2 Subtick, Charms, and the Rumoured Pets",esports-news,2025-09-13T17:42:14
https://www.shanethegamer.com/esports-news/the-mongolz-pubg-mobile-roster-2025/,The MongolZ Step Into PUBG Mobile With Former Team GGs Roster,esports-news,2025-09-13T17:37:22
https://www.shanethegamer.com/esports-news/rainbow-six-siege-apl-major-qualifier-pax-melbourne-2025/,Rainbow Six Siege APL Major Qualifier Heads to PAX Melbourne 2025,esports-news,2025-09-13T17:30:09
https://www.shanethegamer.com/esports-news/tundra-esports-ti-2025-elimination/,Tundra Esports Eliminated from TI 2025 Playoffs First,esports-news,2025-09-13T15:07:57
https://www.shanethegamer.com/esports-news/100-thieves-sign-nuk-marvel-rivals/,100 Thieves Sign Nuk for Marvel Rivals Roster Ahead of Ignite Stage 2,esports-news,2025-09-13T17:13:53
https://www.shanethegamer.com/esports-news/1xbet-9z-team-sponsorship/,1xBet Signs Two-Year Sponsorship Deal with 9z Team,esports-news,2025-09-13T16:53:57
https://www.shanethegamer.com/esports-news/blast-slam-dota-iv-2025-schedule-update/,DOTA 2 BLAST Slam IV Reschedules Group Stage to Avoid Clash with FISSURE PLAYGROUND 2,esports-news,2025-09-13T16:59:56
https://www.shanethegamer.com/esports-news/fnatic-leo-retires-valorant/,Fnatic Leo Retires from Competitive VALORANT After Health Struggles,esports-news,2025-09-13T17:54:12
https://www.shanethegamer.com/esports-news/shopify-rebellion-disbands-sr-black-valorant/,Shopify Rebellion Disbands SR Black VALORANT Roster,esports-news,2025-09-13T15:35:22
https://www.shanethegamer.com/esports-news/ropz-car-accident-porsche-vitality/,Team Vitality Star ropz Walks Away Unharmed After Porsche Track Crash,esports-news,2025-09-23T10:00:40
https://www.shanethegamer.com/esports-news/team-spirit-benches-zont1x-signs-tn1r-cs2/,Team Spirit Finally Sign TN1R and Bench zont1x Due to Personal Reasons,esports-news,2025-09-09T05:53:37
https://www.shanethegamer.com/esports-news/humanoid-leaves-fnatic/,Humanoid Departs Fnatic After Three Years,esports-news,2025-09-12T10:50:24
https://www.shanethegamer.com/esports-news/arcane-season-2-wins-four-emmys/,"Arcane Season 2 Wins Four Emmys, Cementing Its Legacy",esports-news,2025-09-09T05:27:41
https://www.shanethegamer.com/esports-news/fncs-2025-global-championship-winners/,"Queasy, SwizzY and Merstach Crowned FNCS 2025 Global Champions in France",esports-news,2025-09-12T11:02:41
https://www.shanethegamer.com/esports-news/g2-win-blast-open-london-2025/,G2 Esports Beat Vitality in Five-Map Thriller to Win BLAST Open London 2025,esports-news,2025-09-09T06:13:07
https://www.shanethegamer.com/esports-news/fissure-playground-2-opening-matchups-liquid-furia/,FISSURE Playground 2 Opening Matchups Revealed With Liquid Facing FURIA in Fiery Opener,esports-news,2025-09-07T23:04:44
https://www.shanethegamer.com/esports-news/wildcard-roster-shuffle-chatgpt-phzy-returns/,ChatGPT Involved in Wildcard’s Roster Shuffle? phzy Speaks Out,esports-news,2025-09-07T23:52:49
https://www.shanethegamer.com/esports-news/pyrolll-leaves-karmine-corp/,Pyrolll Parts Ways with Karmine Corp After Brief Two-Match Run,esports-news,2025-09-08T00:04:01
https://www.shanethegamer.com/esports-news/teamfight-tactics-ao-shins-ascent-pve-mode/,Teamfight Tactics Brings First-Ever PvE Mode with Ao Shin’s Ascent This September,esports-news,2025-09-07T23:15:05
https://www.shanethegamer.com/esports-news/blast-open-london-2025-grand-final-vitality-vs-g2/,Vitality and G2 Set for BLAST Open London Grand Final Showdown,esports-news,2025-09-07T22:44:20
https://www.shanethegamer.com/esports-news/riot-terminates-movistar-koi-vct-emea-2026/,Riot Ends Movistar KOI’s VCT EMEA Partnership Ahead of 2026 Season,esports-news,2025-09-07T22:02:27
https://www.shanethegamer.com/esports-news/valorant-global-power-rankings-g2-esports-2025/,VALORANT Release Global Power Rankings with G2 Esports on Top,esports-news,2025-09-07T21:34:35
https://www.shanethegamer.com/esports-news/flyquest-von-dutch-collaboration/,FlyQuest Trolls League of Legends Exit Rumours With Von Dutch Collab,esports-news,2025-09-07T02:53:12
https://www.shanethegamer.com/esports-news/esl-updates-rulebook-iem-chengdu/,ESL Updates Rulebook To Clarify Team Withdrawals Ahead of IEM Chengdu,esports-news,2025-09-07T00:33:38
https://www.shanethegamer.com/esports-news/thunderpick-world-championship-2025/,"Thunderpick World Championship 2025 Locks in NAVI, The MongolZ, FURIA, and Aurora",esports-news,2025-09-07T00:10:29
https://www.shanethegamer.com/esports-news/heroic-academy-cs2-roster-benched/,HEROIC Academy CS2 Roster Benched in Restructure,esports-news,2025-09-07T23:59:25
https://www.shanethegamer.com/esports-news/rblz-gaming-sign-epl-champion-tekkz/,RBLZ Gaming Sign ePremier League Champion Tekkz for FC26,esports-news,2025-09-06T23:47:34
https://www.shanethegamer.com/esports-news/ange1-retires/,"ANGE1 Retires After 20 Years in Esports, Eyes VALORANT Coaching Career",esports-news,2025-09-06T23:41:32
https://www.shanethegamer.com/esports-news/magic-chess-go-go-in-game-qualifiers/,Magic Chess: Go Go In Game Qualifiers Open Path To World Championship,esports-news,2025-09-06T01:13:54
https://www.shanethegamer.com/esports-news/brawl-stars-x-subway-surfers/,Subway Surfers Collabs With Brawl Stars Bringing Racing and Competitive Modes,esports-news,2025-09-06T23:25:19
https://www.shanethegamer.com/esports-news/dragon-ranger-gaming-signs-demon1/,Dragon Ranger Gaming Signs Demon1,esports-news,2025-09-06T23:13:59
https://www.shanethegamer.com/esports-news/leviatan-players-2026-vct-season/,Leviatán Players Granted Permission to Seek New Teams for 2026 VCT Season,esports-news,2025-09-06T23:27:38
https://www.shanethegamer.com/esports-news/cs2-china-match-fixing-scandal/,CS2 China Match-Fixing Scandal Whistleblower Exposes Massive Network,esports-news,2025-09-05T23:16:14
https://www.shanethegamer.com/esports-news/hollow-knight-silksong-crashes-steam/,Hollow Knight Silksong Crashes Steam and Console Stores on Launch Day,esports-news,2025-09-06T00:49:07
https://www.shanethegamer.com/esports-news/marvel-rivals-season-4-twitch-drops/,Marvel Rivals Season 4 Twitch Drops - All Rewards and How to Claim Them,esports-news,2025-09-06T00:18:13
https://www.shanethegamer.com/esports-news/lec-summer-2025-playoffs/,LEC Summer 2025 Playoffs Teams and Format,esports-news,2025-09-06T00:07:43
https://www.shanethegamer.com/esports-news/blast-premier-open-rotterdam-2026/,BLAST Premier Open Rotterdam Announced for March 2026,esports-news,2025-09-05T00:32:50
https://www.shanethegamer.com/esports-news/yatoro-rampage-the-international-2025/,Team Spirit Yatoro Rampage Kicks Off The International 2025 In Style,esports-news,2025-09-05T01:41:03
https://www.shanethegamer.com/esports-news/esl-boycott-pgl-bucharest/,ESL Forcing Teams to Boycott PGL Bucharest?,esports-news,2025-09-05T01:21:59
https://www.shanethegamer.com/esports-news/cookierun-ovenbreak-world-championship-2025/,CookieRun OvenBreak World Championship 2025 Kicks Off This September,esports-news,2025-09-05T00:22:26
https://www.shanethegamer.com/esports-news/raidiant-rally-point-rainbow-six-siege-tournament/,"Raidiant Launches Rally Point, a Women’s Rainbow Six Siege Tournament",esports-news,2025-09-05T00:21:26
https://www.shanethegamer.com/esports-news/mail09-overtakes-donk-faceit-champion/,"16 Year Old MaiL09 Overtakes donk on FACEIT, Could Become Youngest FACEIT Champion",esports-news,2025-09-04T17:53:21
https://www.shanethegamer.com/esports-news/marvel-rivals-season-4-angela-daredevil-heroes/,Marvel Rivals Season 4 Confirms Angela and Daredevil as New Heroes,esports-news,2025-09-04T17:31:56
https://www.shanethegamer.com/esports-news/valorant-stage-2-most-picked-agents-2025/,Most Picked Agents in VCT Stage 2: Omen Dominates,esports-news,2025-09-04T15:18:51
https://www.shanethegamer.com/esports-news/blast-premier-london-open-2025/,London Mayor Says BLAST Open London Expected to Boost Economy by £30m,esports-news,2025-09-04T13:53:20
https://www.shanethegamer.com/esports-news/blast-open-london-2025-playoffs-bracket/,BLAST Open London 2025 Playoffs Bracket Locked In,esports-news,2025-09-04T15:20:32
https://www.shanethegamer.com/esports-news/valorant-champions-2025-pick-ems-return/,Pick ‘Ems Return for VALORANT Champions Paris 2025,esports-news,2025-09-03T23:25:56
https://www.shanethegamer.com/esports-news/blitzcrank-2xko-gameplay-trailer-closed-beta/,Blitzcrank Joins 2XKO Roster with New Gameplay Trailer,esports-news,2025-09-03T23:04:48
https://www.shanethegamer.com/esports-news/parivision-dispute-september-valve-regional-standings/,Parivision Dispute September Valve Regional Standings,esports-news,2025-09-03T23:21:16
https://www.shanethegamer.com/esports-news/the-international-2025-opening-fixtures-format-and-late-drama/,"The International 2025: Opening Fixtures, Format, and Late Drama",esports-news,2025-09-03T22:53:46
https://www.shanethegamer.com/esports-news/team-spirit-tops-september-2025-cs2-vrs/,Team Spirit Takes Top Spot in September CS2 VRS Rankings,esports-news,2025-09-03T22:38:31
https://www.shanethegamer.com/esports-news/rad-esports-unveils-new-marvel-rivals-roster-for-ignite-stage-2/,RAD Esports Unveils New Marvel Rivals Roster for Ignite Stage 2,esports-news,2025-09-03T01:01:29
https://www.shanethegamer.com/esports-news/ex-oblivione-disbands-marvel-rivals-roster-ahead-of-ignite-stage-2/,Ex Oblivione Disbands Marvel Rivals Roster Ahead of Ignite Stage 2,esports-news,2025-09-03T00:29:25
https://www.shanethegamer.com/esports-news/twisted-minds-apex-legends-roster-exit/,Twisted Minds Parts Ways with Apex Legends Roster After ALGS Midseason,esports-news,2025-09-03T00:06:24
https://www.shanethegamer.com/esports-news/whitemon-tundra-esports-roster-change-ti2025/,Indonesian Star Whitemon Misses The International 2025 as Tundra Esports Confirm Late Roster Change,esports-news,2025-09-02T23:49:53
https://www.shanethegamer.com/esports-news/mobile-legends-m7-world-championship-slot-allocation/,Mobile Legends M7 World Championship Slot Allocation Revealed,esports-news,2025-09-02T23:30:59
https://www.shanethegamer.com/esports-news/new-virtus-pro-player-to0ro-main-cs2-roster/,Virtus.pro Promote tO0RO from VP.Prodigy to Main CS2 Roster,esports-news,2025-09-02T22:57:30
https://www.shanethegamer.com/esports-news/pubg-teams-up-with-g-dragon-for-a-huge-september-collab/,PUBG Teams Up with G-DRAGON for a Huge September Collab,esports-news,2025-09-02T02:27:55
https://www.shanethegamer.com/esports-news/perfecto-virtuspro-igl-captain/,Perfecto Takes Over as Virtus.pro Captain After electroNic Benched,esports-news,2025-09-02T02:28:20
https://www.shanethegamer.com/esports-news/valorant-replay-system-launching-patch-11-06/,VALORANT Replay System Finally Launching in September with Patch 11.06,esports-news,2025-09-02T02:29:00
https://www.shanethegamer.com/esports-news/magisk-returns-to-astralis-after-leaving-falcons/,Magisk Returns to Astralis After Leaving Falcons as Stavn Steps Away,esports-news,2025-09-01T23:12:57
https://www.shanethegamer.com/esports-news/valorant-champions-paris-2025-all-teams-groups-announced/,VALORANT Champions Paris 2025 All Teams and Groups Announced,esports-news,2025-09-01T22:35:23
https://www.shanethegamer.com/esports-news/g2-esports-sweep-nrg-to-win-vct-americas-stage-2/,G2 Esports Sweep NRG to Win VCT Americas Stage 2,esports-news,2025-09-01T21:26:57
https://www.shanethegamer.com/esports-news/valorant-champions-2025-bundle-trailer/,Riot Games Reveals Go For Gold VALORANT Champions 2025 Bundle Trailer,esports-news,2025-09-01T20:58:31
https://www.shanethegamer.com/esports-news/team-liquid-win-vct-emea-stage-2/,Team Liquid Sweep GIANTX to Win VCT EMEA Stage 2 and Reclaim the Throne,esports-news,2025-09-01T20:35:39
https://www.shanethegamer.com/esports-news/navi-disbands-tekken-8-roster/,NAVI Disbands Tekken 8 Roster After Esports World Cup,esports-news,2025-09-01T20:05:03
https://www.shanethegamer.com/esports-news/paper-rex-vct-pacific-stage-2-champions-2025/,Paper Rex Crowned VCT Pacific Stage 2 Champions After 3-1 Win Over RRQ,esports-news,2025-09-01T22:47:06
https://www.shanethegamer.com/esports-news/valorant-vct-emea-ascension-2025-format-update/,VALORANT VCT EMEA Ascension Expands to 8 Teams with New Format,esports-news,2025-08-31T00:03:03
https://www.shanethegamer.com/esports-news/100-thieves-demon-slayer-collaboration/,100 Thieves Demon Slayer Collaboration Teased as Apparel Leak Surfaces,esports-news,2025-08-30T22:06:30
https://www.shanethegamer.com/esports-news/the-international-2025-group-stage-rules-change/,Valve Changes The International 2025 Group Stage Rules,esports-news,2025-08-31T00:13:40
https://www.shanethegamer.com/esports-news/valorant-champions-2025-bundle-leak-release-date-skins-price/,"Valorant Champions 2025 Bundle Leak: Release Date, Skins, Price, and More",esports-news,2025-08-30T23:44:51
https://www.shanethegamer.com/esports-news/virtuspro-bench-electronic-blast-open-london/,Virtus.pro Bench electroNic After BLAST Open London Exit,esports-news,2025-08-30T23:21:43
https://www.shanethegamer.com/esports-news/blast-r6-stage-2-twitch-drops/,BLAST R6 Stage 2 Kicks Off This September and Here’s How to Claim Your Twitch Drops,esports-news,2025-08-30T22:54:29
https://www.shanethegamer.com/esports-news/lec-summer-split-format-2025-dropped/,LEC Summer Split Format Confirmed To Be Dropped For 2026,esports-news,2025-08-30T22:34:35
https://www.shanethegamer.com/esports-news/tekkz-departs-man-city-esports-epl-champion/,Tekkz Departs Man City Esports After Making ePremier League History,esports-news,2025-08-30T00:12:00
https://www.shanethegamer.com/esports-news/avulus-dota-2-roster-disband/,AVULUS Disbands Dota 2 Roster but Promises Return Next Season,esports-news,2025-08-30T00:05:20
https://www.shanethegamer.com/esports-news/call-of-duty-black-ops-7-beta/,Call of Duty Black Ops 7 Beta: How and When You Can Play Early,esports-news,2025-08-29T23:28:11
https://www.shanethegamer.com/esports-news/fragpunk-toyland-map-copies-cs2-inferno/,FragPunk’s New Map Toyland Accused of Copying CS2’s Inferno,esports-news,2025-08-29T23:13:37
https://www.shanethegamer.com/esports-news/talon-esports-loan-repayment-2025/,Talon Esports Confirms Full Loan Repayment After Loan Dispute,esports-news,2025-08-29T18:37:42
https://www.shanethegamer.com/esports-news/raidiant-invitational-fortnite-2025/,Raidiant Invitational Brings Women’s Fortnite Tournament to NA and EU,esports-news,2025-08-29T16:45:14
https://www.shanethegamer.com/esports-news/march-of-giants-closed-alpha-amazon-games-moba/,March of Giants Closed Alpha: How to Play Amazon Games’ New MOBA,esports-news,2025-08-29T23:52:58
https://www.shanethegamer.com/esports-news/blast-dota-2-slam-v-chengdu-2025/,BLAST Dota 2 Slam V Heads to Chengdu This December for First-Ever China Tournament,esports-news,2025-08-29T16:38:03
https://www.shanethegamer.com/esports-news/yakutou-brothers-replace-gaimin-gladiators-at-the-international-2025/,Yakutou Brothers Replace Gaimin Gladiators at The International 2025,esports-news,2025-08-28T23:22:33
https://www.shanethegamer.com/esports-news/jcobbbs-tough-debut-as-faze-beat-ecstatic-at-blast-open-london-2025/,jcobbb’s Tough Debut as FaZe Beat ECSTATIC at BLAST Open London 2025,esports-news,2025-08-28T23:52:12
https://www.shanethegamer.com/esports-news/is-the-tn1r-transfer-to-team-spirit-cancelled-zont1x-still-in-the-roster-for-iem-chengdu-2025/,Is the tN1R Transfer to Team Spirit Cancelled? zont1x Still in the Roster for IEM Chengdu 2025,esports-news,2025-08-28T22:51:35
https://www.shanethegamer.com/esports-news/twitch-subtember-2025-brings-discounts-bonus-gift-subs-and-valorant-sponsorship/,"Twitch SUBtember 2025 Brings Discounts, Bonus Gift Subs, and VALORANT Sponsorship",esports-news,2025-08-28T19:11:02
https://www.shanethegamer.com/esports-news/gamdom-imperial-launches-european-cs2-academy-roster/,Gamdom Imperial Launches European CS2 Academy Roster,esports-news,2025-08-28T23:03:29
https://www.shanethegamer.com/esports-news/roblox-will-disable-all-unrated-games-on-september-30/,Roblox Will Disable All Unrated Games on September 30,esports-news,2025-08-28T02:44:00
https://www.shanethegamer.com/esports-news/ishowspeed-is-rolling-stones-most-influential-creator-of-2025/,IShowSpeed Is Rolling Stone’s Most Influential Creator of 2025,esports-news,2025-08-28T02:24:30
https://www.shanethegamer.com/esports-news/2xko-closed-beta-start-time-invites-regions-and-whats-new/,"2XKO Closed Beta: Start Time, Invites, Regions and What’s New",esports-news,2025-08-28T01:48:54
https://www.shanethegamer.com/esports-news/duet-night-abyss-release-date-platforms-and-story/,"Duet Night Abyss Release Date, Platforms, and Story - No Gacha System",esports-news,2025-08-27T23:37:39
https://www.shanethegamer.com/esports-news/chinese-esports-club-charges-1400-to-cure-kids-gaming-addiction/,"Chinese Esports Club Charges $1,400 to Cure Kids Gaming Addiction",esports-news,2025-08-28T00:48:56
https://www.shanethegamer.com/esports-news/shroud-calls-deadlock-one-of-the-best-games-ever-made-but-warns-about-player-counts/,Shroud Calls Deadlock One of the Best Games Ever Made but Warns About Player Counts,esports-news,2025-08-28T01:07:37
https://www.shanethegamer.com/esports-news/retake-mode-and-volatile-cases-could-be-coming-soon-to-cs2/,Retake Mode and Volatile Cases Could Be Coming Soon to CS2,esports-news,2025-08-28T00:49:32
https://www.shanethegamer.com/esports-news/blast-open-london-2025-schedule-format-and-teams-you-need-to-know/,"BLAST Open London 2025: Schedule, Format, and Teams You Need to Know",esports-news,2025-08-28T00:50:16
https://www.shanethegamer.com/esports-news/all-t1-worlds-2024-skins-revealed-faker-gumayusi-zeus-oner-and-keria-picks/,"All T1 Worlds 2024 Skins Revealed – Faker, Gumayusi, Zeus, Oner and Keria Picks",esports-news,2025-08-27T22:56:07
https://www.shanethegamer.com/esports-news/apex-legends-reveals-creator-tournament-series/,Apex Legends Reveals Creator Tournament Series,esports-news,2025-08-27T22:07:44
https://www.shanethegamer.com/esports-news/pubg-americas-series-6-format-schedule-prize-pool-how-to-watch/,"PUBG Americas Series 6: Format, Schedule, Prize Pool & How to Watch",esports-news,2025-08-27T22:37:49
https://www.shanethegamer.com/esports-news/iem-chengdu-2025-all-16-invited-teams-revealed/,IEM Chengdu 2025: All 16 Invited Teams Revealed,esports-news,2025-08-26T23:57:31
https://www.shanethegamer.com/esports-news/snax-leaves-g2-after-a-month-on-the-bench/,Snax Leaves G2 After a Month on the Bench,esports-news,2025-08-26T23:58:32
https://www.shanethegamer.com/esports-news/gentle-mates-enter-counter-strike-2-with-iberian-soul-roster/,Gentle Mates Enter Counter-Strike 2 With Iberian Soul Roster,esports-news,2025-08-26T23:12:33
https://www.shanethegamer.com/esports-news/one-punch-man-x-fortnite-collab-revealed-release-date-skins-and-more/,"One Punch Man x Fortnite Collab Revealed – Release Date, Skins, and More",esports-news,2025-08-27T01:00:59
https://www.shanethegamer.com/esports-news/gears-of-war-reloaded-launches-26-august-heres-everything-you-need-to-know/,Gears of War: Reloaded Launches 26 August – Here’s Everything You Need To Know,esports-news,2025-08-26T19:40:34
https://www.shanethegamer.com/esports-news/riot-reveals-valorant-mobiles-first-national-series-in-china-with-418k-prize-pool/,Riot Reveals VALORANT Mobile’s First National Series in China With $418K Prize Pool,esports-news,2025-08-26T19:29:02
https://www.shanethegamer.com/esports-news/bilibili-gaming-crowned-vct-china-stage-2-champions-after-3-1-win-over-drg/,Bilibili Gaming Crowned VCT China Stage 2 Champions After 3-1 Win Over DRG,esports-news,2025-08-26T23:31:52
https://www.shanethegamer.com/esports-news/hollow-knight-silksong-announcement-release-date-confirmed-for-4-september-2025/,Hollow Knight Silksong Announcement – Release Date Confirmed for 4 September 2025,esports-news,2025-08-26T00:16:30
https://www.shanethegamer.com/esports-news/fortnite-x-demon-slayer-collab-rumoured-to-arrive-later-this-season/,Fortnite x Demon Slayer Collab Rumoured To Arrive Later This Season,esports-news,2025-08-25T23:14:32
https://www.shanethegamer.com/esports-news/who-won-the-admin-abuse-war-jandel-vs-sammy-roblox-showdown-results/,Who Won the Admin Abuse War? Jandel vs Sammy Roblox Showdown Results,esports-news,2025-08-26T00:06:02
https://www.shanethegamer.com/esports-news/esports-awards-2025-decade-celebration-full-winners-list-featuring-faker-zywoo-xqc-and-league-of-legends/,"Esports Awards 2025 Full Winners List Featuring Faker, ZywOo, xQc, and League of Legends",esports-news,2025-08-25T22:49:13
https://www.shanethegamer.com/esports-news/helldivers-2-launches-on-xbox-august-26-everything-you-need-to-know/,Helldivers 2 Launches on Xbox August 26 – Everything You Need to Know,esports-news,2025-08-25T22:03:08
https://www.shanethegamer.com/esports-news/team-falcons-sweep-team-spirit-3-0-to-win-dota-2-fissure-universe-episode-6/,Team Falcons Sweep Team Spirit 3-0 to Win Dota 2 FISSURE Universe Episode 6,esports-news,2025-08-25T23:28:37
https://www.shanethegamer.com/esports-news/the-mongolz-dominate-aurora-3-0-to-win-cs2-ewc-2025/,The MongolZ Dominate Aurora 3-0 to Win CS2 EWC 2025,esports-news,2025-08-25T08:42:06
https://www.shanethegamer.com/esports-news/ag-al-crowned-first-crossfire-champions-at-the-2025-esports-world-cup/,AG.AL Crowned First CROSSFIRE Champions at the 2025 Esports World Cup,esports-news,2025-08-25T19:46:19
https://www.shanethegamer.com/esports-news/xiaohai-back-to-back-champion-at-the-esports-world-cup-street-fighter-6/,Xiaohai Back-to-Back Champion at the Esports World Cup Street Fighter 6,esports-news,2025-08-25T19:37:08
https://www.shanethegamer.com/esports-news/falcons-defeat-vitality-to-claim-third-place-at-esports-world-cup-2025/,Falcons Defeat Vitality to Claim Third Place at Esports World Cup 2025,esports-news,2025-08-24T23:38:37
https://www.shanethegamer.com/esports-news/g2-leaf-leaves-hospital-after-crohns-disease-treatment-targets-valorant-champions-return/,"G2 Leaf Leaves Hospital After Crohn’s Disease Treatment, Targets VALORANT Champions Return",esports-news,2025-08-24T22:26:39
https://www.shanethegamer.com/esports-news/ewc-scandal-falcons-fans-accused-of-shining-lasers-at-aurora-players/,EWC Scandal: Falcons Fans Accused of Shining Lasers at Aurora Players,esports-news,2025-08-24T21:24:12
https://www.shanethegamer.com/esports-news/confusion-grows-as-gaimin-gladiators-pulls-out-of-ti-2025/,Confusion Grows as Gaimin Gladiators Pulls Out of TI 2025,esports-news,2025-08-24T20:13:26
https://www.shanethegamer.com/esports-news/s1mples-first-final-with-bc-game-ends-in-grand-final-heartbreak/,S1mple’s First Final with BC.Game Ends in Grand Final Heartbreak,esports-news,2025-08-24T23:14:04
https://www.shanethegamer.com/esports-news/aurora-sweep-falcons-to-reach-esports-world-cup-2025-grand-final/,Aurora Sweep Falcons to Reach Esports World Cup 2025 Grand Final,esports-news,2025-08-24T19:03:21
https://www.shanethegamer.com/esports-news/extra-valorant-champions-paris-grand-finals-tickets-announced-get-yours-before-theyre-gone/,Extra VALORANT Champions Paris Grand Finals Tickets Announced - Get Yours Before They’re Gone,esports-news,2025-08-24T18:39:40
https://www.shanethegamer.com/esports-news/the-mongolz-take-down-vitality-again-to-book-spot-in-ewc-grand-final/,The MongolZ Take Down Vitality Again to Book Spot in EWC Grand Final,esports-news,2025-08-24T18:40:36
https://www.shanethegamer.com/esports-news/ewc-announced-esports-nations-cup-tournament-where-players-represent-their-countries/,EWC Announced Esports Nations Cup – Tournament Where Players Represent Their Countries,esports-news,2025-08-24T01:57:31
https://www.shanethegamer.com/esports-news/zywoo-faces-online-harassment-after-body-shooting-tyloos-jee-at-esports-world-cup-2025/,ZywOo Faces Online Harassment After Body-Shooting TYLOO’s Jee at Esports World Cup 2025,esports-news,2025-08-24T01:45:01
https://www.shanethegamer.com/esports-news/gaimin-gladiators-withdraw-from-the-international-2025-amid-contract-dispute/,Gaimin Gladiators Withdraw From The International 2025 Amid Contract Dispute,esports-news,2025-08-23T21:23:24
https://www.shanethegamer.com/esports-news/overwatch-now-lets-console-players-use-mouse-and-keyboard-in-season-18/,Overwatch Now Lets Console Players Use Mouse and Keyboard in Season 18,esports-news,2025-08-23T21:23:43
https://www.shanethegamer.com/esports-news/sentinels-team-up-with-haikyuu-for-anime-themed-merch-drop/,Sentinels Team Up With Haikyuu!! for Anime-Themed Merch Drop,esports-news,2025-08-23T20:47:50
https://www.shanethegamer.com/esports-news/lol-ti-pro-faker-surprise-cameo-in-stray-kids-new-music-video/,LoL TI Pro Faker Surprise Cameo in Stray Kids’ New Music Video,esports-news,2025-08-23T16:31:58
https://www.shanethegamer.com/esports-news/cod-world-series-of-warzone-heads-back-to-las-vegas/,CoD World Series of Warzone Heads Back to Las Vegas,esports-news,2025-08-23T20:25:21
https://www.shanethegamer.com/esports-news/faze-sign-rising-polish-talent-jcobbb/,FaZe Sign Rising Polish Talent jcobbb,esports-news,2025-08-23T16:08:46
https://www.shanethegamer.com/esports-news/faze-bench-elige-after-struggles-to-find-their-old-spark/,FaZe Bench EliGE After Struggles to Find Their Old Spark,esports-news,2025-08-23T15:43:55
https://www.shanethegamer.com/esports-news/vitality-star-ropz-lack-of-anti-cheat-isnt-the-problem-fps-is/,"Vitality Star ropz: “Lack of Anti-Cheat Isn’t the Problem, FPS Is”",esports-news,2025-08-23T15:47:14
https://www.shanethegamer.com/esports-news/team-falcons-take-ewc-2025-club-championship-after-pay-to-win-spending-spree-across-esports/,Team Falcons Take EWC 2025 Club Championship After Pay to Win Spending Spree Across Esports,esports-news,2025-08-22T18:38:59
https://www.shanethegamer.com/esports-news/fortnite-blitz-mobile-cup-how-to-win-free-nite-unit-marksman-skin-pickaxe-emote-back-bling/,"Fortnite Blitz Mobile Cup: How To Win Free NITE Unit Marksman Skin, Pickaxe, Emote & Back Bling",esports-news,2025-08-22T18:42:14
https://www.shanethegamer.com/esports-news/marvel-rivals-devs-finally-explain-controversial-matchmaking-system/,Marvel Rivals Devs Finally Explain Controversial Matchmaking System,esports-news,2025-08-22T14:38:32
https://www.shanethegamer.com/esports-news/guild-esports-shuts-down-after-financial-collapse-leaving-players-and-creators-unpaid/,"Guild Esports Shuts Down After Financial Collapse, Leaving Players and Creators Unpaid",esports-news,2025-08-22T19:14:51
https://www.shanethegamer.com/esports-news/niko-and-m0nesy-crush-former-team-as-falcons-dump-g2-out-of-ewc-2025/,NiKo and m0NESY Crush Former Team as Falcons Dump G2 Out of EWC 2025,esports-news,2025-08-22T08:11:11
https://www.shanethegamer.com/esports-news/valorant-act-5-premier-schedule-format-and-how-to-qualify/,"VALORANT Act 5 Premier: Schedule, Format, and How to Qualify",esports-news,2025-08-22T06:27:19
https://www.shanethegamer.com/esports-news/why-the-esports-world-cup-2025-cs2-format-has-fans-questioning-its-fairness/,Why the Esports World Cup 2025 CS2 Format Has Fans Questioning Its Fairness,esports-news,2025-08-22T01:57:53
https://www.shanethegamer.com/esports-news/valorant-mobile-breaks-records-with-1m-launch-in-china/,VALORANT Mobile Breaks Records With $1M Launch in China,esports-news,2025-08-22T01:26:07
https://www.shanethegamer.com/esports-news/navi-spirit-and-faze-all-crash-out-early-in-shocking-esports-world-cup-2025-upsets/,"NAVI, Spirit, and FaZe All Crash Out Early in Shocking Esports World Cup 2025 Upsets",esports-news,2025-08-22T01:22:38
https://www.shanethegamer.com/esports-news/donk-joins-tyloo-for-5m/,Donk Joins TYLOO for $5M?,esports-news,2025-08-22T00:32:52
https://www.shanethegamer.com/esports-news/you-just-hold-mouse-1-and-dropshot-shroud-says-call-of-duty-isnt-built-for-esports/,“You Just Hold Mouse 1 and Dropshot”: Shroud Says Call of Duty Isn’t Built for Esports,esports-news,2025-08-21T23:22:37
https://www.shanethegamer.com/esports-news/vertiqal-studios-buys-luminosity-gaming-in-645k-deal/,Vertiqal Studios Buys Luminosity Gaming in $645k Deal,esports-news,2025-08-21T22:59:54
https://www.shanethegamer.com/esports-news/bilibili-gaming-becomes-first-vct-china-team-locked-for-valorant-champions-paris/,Bilibili Gaming Becomes First VCT China Team Locked for VALORANT Champions Paris,esports-news,2025-08-21T22:29:49
https://www.shanethegamer.com/esports-news/mesa-nomadic-masters-loses-valve-ranking-over-sign-up-scandal/,MESA Nomadic Masters Loses Valve Ranking Over Sign-Up Scandal,esports-news,2025-08-21T22:38:12
https://www.shanethegamer.com/esports-news/marvel-rivals-esports-is-starting-to-get-boring/,Marvel Rivals Esports Is Starting To Get Boring,esports-news,2025-08-21T00:30:11
https://www.shanethegamer.com/esports-news/gamescom-opening-night-live-2025-every-game-reveal-trailer-and-update/,"Gamescom Opening Night Live 2025: Every Game Reveal, Trailer, and Update",esports-news,2025-08-21T00:30:54
https://www.shanethegamer.com/esports-news/gen-g-parts-ways-with-four-marvel-rivals-players-after-mid-season-finals/,Gen.G Parts Ways with Four Marvel Rivals Players After Mid Season Finals,esports-news,2025-08-21T01:24:25
https://www.shanethegamer.com/esports-news/cs2-passion-ua-announce-complexity-2-0-line-up-with-familiar-faces/,CS2 Passion UA Announce “Complexity 2.0” Line-up with Familiar Faces,esports-news,2025-08-20T19:26:29
https://www.shanethegamer.com/esports-news/sentinels-release-three-marvel-rivals-players-after-mid-season-finals/,Sentinels Release Three Marvel Rivals Players After Mid Season Finals,esports-news,2025-08-21T00:58:45
https://www.shanethegamer.com/esports-news/complexity-disband-cs2-team-after-20-years-due-to-economic-struggles/,Complexity Disband CS2 Team After 20 Years Due to Economic Struggles,esports-news,2025-08-20T19:46:45
https://www.shanethegamer.com/esports-news/street-fighter-6-ewc-2025-groups-1000000-prize-pool-and-players-to-watch/,"Street Fighter 6 EWC 2025: Groups, $1,000,000 Prize Pool, and Players to Watch",esports-news,2025-08-20T13:15:55
https://www.shanethegamer.com/esports-news/chopper-sparks-backlash-after-calling-falcons-fans-at-esports-world-cup-hired-workers/,Chopper Sparks Backlash After Calling Falcons Fans at Esports World Cup “Hired Workers”,esports-news,2025-08-20T22:47:19
https://www.shanethegamer.com/esports-news/i-have-to-enlist-in-the-military-apex-legends-global-series-algs-champion-sangjoon-retires/,“I have to enlist in the military” Apex Legends Global Series (ALGS) Champion SangJoon Retires,esports-news,2025-08-20T13:47:17
https://www.shanethegamer.com/esports-news/kai-cenat-lights-up-the-las-vegas-sphere-with-fortnite-skin-reveal-and-mafiathon-3-tease/,Kai Cenat Lights Up the Las Vegas Sphere With Fortnite Skin Reveal and Mafiathon 3 Tease,esports-news,2025-08-19T19:25:45
https://www.shanethegamer.com/esports-news/sayf-returns-to-team-vitality-for-vct-emea-playoffs/,Sayf Returns to Team Vitality for VCT EMEA Playoffs,esports-news,2025-08-20T14:12:19
https://www.shanethegamer.com/esports-news/lacks-competitive-tools-why-fortnite-was-left-out-of-the-esports-world-cup-2025/,“Lacks Competitive Tools”: Why Fortnite Was Left Out of the Esports World Cup 2025,esports-news,2025-08-20T13:30:05
https://www.shanethegamer.com/esports-news/ea-sports-brings-365000-fc-pro-esports-showcase-to-shanghai/,"EA Sports Brings $365,000 FC Pro Esports Showcase to Shanghai",esports-news,2025-08-20T12:50:57
https://www.shanethegamer.com/esports-news/valorant-mobile-launches-in-china-with-bbno-track/,VALORANT Mobile Launches in China with bbno$ Track,esports-news,2025-08-19T19:07:44
https://www.shanethegamer.com/esports-news/dreamhack-knockout-offers-direct-route-to-esl-pro-league-season-23-heres-how-you-can-join/,DreamHack Knockout Offers Direct Route to ESL Pro League Season 23 – Here’s How You Can Join,esports-news,2025-08-19T18:52:02
https://www.shanethegamer.com/esports-news/karmine-corp-win-rocket-league-title-at-the-2025-esports-world-cup/,Karmine Corp Win Rocket League Title at the 2025 Esports World Cup,esports-news,2025-08-18T13:17:25
https://www.shanethegamer.com/esports-news/donks-10th-mvp-outpacing-s1mple-zywoo-and-the-cs2-legends-at-just-18/,"donk’s 10th MVP: Outpacing s1mple, ZywOo and the CS2 Legends at Just 18",esports-news,2025-08-18T12:48:54
https://www.shanethegamer.com/esports-news/rrq-crazyguy-donates-all-his-vct-pacific-stage-2-winnings-to-charity/,RRQ crazyguy Donates All His VCT Pacific Stage 2 Winnings to Charity,esports-news,2025-08-18T11:47:00
https://www.shanethegamer.com/esports-news/peru-unite-win-2025-pokemon-unite-world-championship/,Peru UNITE Win 2025 Pokemon UNITE World Championship,esports-news,2025-08-18T12:49:33
https://www.shanethegamer.com/esports-news/team-spirit-sweep-the-mongolz-3-0-to-win-blast-bounty-fall-finals/,Team Spirit Sweep The MongolZ 3-0 to Win BLAST Bounty Fall Finals,esports-news,2025-08-18T10:09:42
https://www.shanethegamer.com/esports-news/gamescom-2025-call-of-duty-black-ops-7-resident-evil-requiem-silent-hill-f-and-more-reveals-incoming/,"Gamescom 2025: Call of Duty Black Ops 7, Resident Evil Requiem, Silent Hill f and More Reveals Incoming",esports-news,2025-08-18T06:01:34
https://www.shanethegamer.com/esports-news/were-not-playing-like-we-used-to-ropz-after-vitalitys-2-0-loss-to-the-mongolz/,“We’re Not Playing Like We Used To” – Ropz After Vitality’s 2–0 Loss to The MongolZ,esports-news,2025-08-18T06:05:17
https://www.shanethegamer.com/esports-news/leak-suggests-dota-2s-next-hero-bard-frog-will-have-a-unique-ability-panel-like-invoker/,Leak Suggests Dota 2’s Next Hero Bard Frog Will Have a Unique Ability Panel Like Invoker,esports-news,2025-08-25T20:25:20
https://www.shanethegamer.com/esports-news/riot-games-launches-competitive-operations-hub-for-esports-integrity/,Riot Games Launches Competitive Operations Hub for Esports Integrity,esports-news,2025-08-18T06:05:33
https://www.shanethegamer.com/esports-news/magic-chess-go-go-announces-first-global-esports-tournament-with-season-3/,Magic Chess: Go Go Announces First Global Esports Tournament with Season 3,esports-news,2025-08-18T02:21:15
https://www.shanethegamer.com/esports-news/ulsan-becomes-back-to-back-tekken-8-esports-world-cup-champion/,Ulsan Becomes Back-to-Back Tekken 8 Esports World Cup Champion,esports-news,2025-08-18T03:47:29
https://www.shanethegamer.com/esports-news/twisted-minds-crowned-pubg-champions-at-esports-world-cup-2025-after-nail-biting-final/,Twisted Minds Crowned PUBG Champions at Esports World Cup 2025 After Nail-Biting Final,esports-news,2025-08-18T03:02:04
https://www.shanethegamer.com/esports-news/boombl4-gets-the-better-of-s1mple-as-betboom-edge-past-bc-game-to-reach-semifinals/,Boombl4 Gets the Better of s1mple as BetBoom Edge Past BC.Game to Reach Semifinals,esports-news,2025-08-17T10:46:41
https://www.shanethegamer.com/esports-news/the-mongolz-beat-the-worlds-best-vitality-2-0-to-secure-blast-bounty-final-spot/,The MongolZ Beat the World’s Best Vitality 2–0 to Secure BLAST Bounty Final Spot,esports-news,2025-08-17T09:40:37
https://www.shanethegamer.com/esports-news/ex-pro-caedrel-says-league-of-legends-new-wasd-controls-give-free-grandmaster-spacing/,Ex-Pro Caedrel Says League of Legends New WASD Controls Give Free Grandmaster Spacing,esports-news,2025-08-17T10:13:25
https://www.shanethegamer.com/esports-news/spirit-beat-mouz-again-to-reach-blast-bounty-grand-final/,Spirit Beat MOUZ Again to Reach BLAST Bounty Grand Final,esports-news,2025-08-17T09:07:19
https://www.shanethegamer.com/esports-news/fnatic-replace-heroic-at-blast-open-london-after-visa-issue/,Fnatic Replace HEROIC at BLAST Open London After Visa Issue,esports-news,2025-08-17T09:53:19
https://www.shanethegamer.com/esports-news/roblox-players-call-for-ceos-removal-after-banning-vigilante-who-exposed-child-predators/,Roblox Players Call for CEO’s Removal After Banning Vigilante Who Exposed Child Predators,esports-news,2025-08-17T01:04:32
https://www.shanethegamer.com/esports-news/mrbeast-adin-ross-xqc-smash-world-record-with-12m-charity-stream/,"MrBeast, Adin Ross & xQc Smash World Record With $12M Charity Stream",esports-news,2025-08-17T00:52:44
https://www.shanethegamer.com/esports-news/weibo-gaming-win-teamfight-tactics-champions-title-at-esports-world-cup-2025/,Weibo Gaming Win Teamfight Tactics Champions Title at Esports World Cup 2025,esports-news,2025-08-17T00:11:45
https://www.shanethegamer.com/esports-news/paper-rex-becomes-first-pacific-team-to-qualify-for-valorant-champions-paris-2025/,Paper Rex Becomes First Pacific Team to Qualify for VALORANT Champions Paris 2025,esports-news,2025-08-17T00:19:46
https://www.shanethegamer.com/esports-news/katowice-to-host-call-of-duty-mobile-world-championship-2025/,Katowice to Host Call of Duty Mobile World Championship 2025,esports-news,2025-08-16T12:16:50
https://www.shanethegamer.com/esports-news/passion-ua-parts-ways-with-entire-cs2-roster-plans-to-rebuild/,"Passion UA Parts Ways with Entire CS2 Roster, Plans to Rebuild",esports-news,2025-08-16T12:03:29
https://www.shanethegamer.com/esports-news/cs2-update-brings-night-version-of-ancient-and-more/,CS2 Update Brings Night Version of Ancient and More,esports-news,2025-08-16T11:21:05
https://www.shanethegamer.com/esports-news/cs2-could-be-getting-chickens-eggs-and-auctions/,"CS2 Could Be Getting Chickens, Eggs, and Auctions",esports-news,2025-08-15T01:26:47
https://www.shanethegamer.com/esports-news/fnatic-becomes-first-emea-team-to-qualify-in-valorant-champions-paris/,Fnatic Becomes First EMEA Team to Qualify in VALORANT Champions Paris,esports-news,2025-08-14T17:42:16
https://www.shanethegamer.com/esports-news/breaking-leak-wnba-stars-join-myteam-in-nba-2k26/,Breaking leak: WNBA Stars Join MyTEAM in NBA 2K26,esports-news,2025-08-14T21:04:34
https://www.shanethegamer.com/esports-news/chinese-cs2-star-z4kr-faces-allegations-of-cheating-and-blackmail/,Chinese CS2 Star z4kr Faces Allegations of Cheating and Blackmail,esports-news,2025-08-14T10:13:40
https://www.shanethegamer.com/esports-news/blast-bounty-fall-2025-quarter-final-bracket-revealed-mouz-vs-astralis-to-kick-things-off/,BLAST Bounty Fall 2025 Quarter Final Bracket Revealed - MOUZ vs Astralis to Kick Things Off,esports-news,2025-08-14T09:49:45
https://www.shanethegamer.com/esports-news/former-wwe-star-samoa-joe-shares-honest-battlefield-6-impressions/,Former WWE Star Samoa Joe Shares Honest Battlefield 6 Impressions,esports-news,2025-08-14T08:34:32
https://www.shanethegamer.com/esports-news/no-more-weekly-updates-grow-a-garden-dev-teases-a-new-era/,No More Weekly Updates? Grow a Garden Dev Teases a “New Era”,esports-news,2025-08-14T07:56:55
https://www.shanethegamer.com/esports-news/lck-grand-finals-to-hit-korean-national-tv-for-the-first-time/,LCK Grand Finals to Hit Korean National TV for the First Time,esports-news,2025-08-14T07:30:13
https://www.shanethegamer.com/esports-news/blast-slam-iv-dota-2-singapores-direct-invites-have-been-announced/,BLAST Slam IV Dota 2 Singapore’s Direct Invites Have Been Announced,esports-news,2025-08-14T03:08:46
https://www.shanethegamer.com/esports-news/lol-faker-becomes-first-player-to-hit-700-lck-wins/,LoL Faker Becomes First Player to Hit 700 LCK Wins,esports-news,2025-08-14T01:06:17
https://www.shanethegamer.com/esports-news/funplus-phoenix-fpx-jungler-milkyway-indefinitely-suspended-over-match-fixing-allegations/,FunPlus Phoenix FPX Jungler Milkyway Indefinitely Suspended Over Match-Fixing Allegations,esports-news,2025-08-14T01:49:02
https://www.shanethegamer.com/esports-news/tn1r-replaces-zont1x-in-huge-1-5m-cs2-move-to-team-spirit/,tN1R Replaces zont1x in Huge $1.5M CS2 Move to Team Spirit,esports-news,2025-08-13T04:12:27
https://www.shanethegamer.com/esports-news/pain-gaming-removed-from-blast-open-london-over-wrong-rule/,"paiN Gaming Removed From BLAST Open London Over ""Wrong"" Rule",esports-news,2025-08-13T02:56:07
https://www.shanethegamer.com/esports-news/new-philippines-server-coming-to-valorant-on-19-august/,New Philippines Server Coming to VALORANT on 19 August,esports-news,2025-08-13T02:30:19
https://www.shanethegamer.com/esports-news/mrbeast-teams-up-with-xqc-adin-ross-for-huge-charity-stream-on-kick/,MrBeast Teams Up with xQc and Adin Ross for Huge Charity Stream on Kick,esports-news,2025-08-13T01:43:34
https://www.shanethegamer.com/esports-news/esl-pro-league-finals-return-to-katowice-in-2026/,ESL Pro League Finals Return to Katowice in 2026,esports-news,2025-08-13T02:30:54
https://www.shanethegamer.com/esports-news/pokemon-unite-2025-world-championships-kicks-off-this-weekend/,Pokemon UNITE 2025 World Championships Kicks Off This Weekend,esports-news,2025-08-13T01:01:33
https://www.shanethegamer.com/esports-news/marvel-rivals-dev-responds-to-gooner-game-label/,Marvel Rivals Dev Responds to “Gooner Game” Label,esports-news,2025-08-13T00:23:54
https://www.shanethegamer.com/esports-news/rainbow-six-siege-x-seasonal-series-brings-year-round-esports-for-everyone/,Rainbow Six Siege X Seasonal Series Brings Year-Round Esports for Everyone,esports-news,2025-08-13T00:19:55
https://www.shanethegamer.com/esports-news/overwatch-collegiate-returns-with-over-140k-in-scholarships-how-to-join-the-action/,Overwatch Collegiate Returns with Over $140K in Scholarships - How to Join the Action,esports-news,2025-08-13T00:05:44
https://www.shanethegamer.com/esports-news/navi-junior-cs2-season-3-now-taking-applications-heres-how-you-can-join/,NAVI Junior CS2 Season 3 Now Taking Applications – Here’s How You Can Join,esports-news,2025-08-13T00:24:54
https://www.shanethegamer.com/esports-news/valorant-denies-rumours-of-vct-south-americas/,VALORANT Denies Rumours of VCT South Americas,esports-news,2025-08-12T23:43:31
https://www.shanethegamer.com/esports-news/league-of-legends-is-finally-getting-wasd-controls-heres-whats-changing-in-patch-25-17/,League of Legends is Finally Getting WASD Controls – Here’s What’s Changing in Patch 25.17,esports-news,2025-08-12T22:54:10
https://www.shanethegamer.com/esports-news/pubg-mobiles-6m-next-star-program-goes-global-heres-how-you-can-join/,PUBG Mobile’s $6M Next Star Global Creator Recruitment – Here’s How You Can Join,esports-news,2025-08-12T04:55:35
https://www.shanethegamer.com/esports-news/zain-wins-record-breaking-supernova-2025-smash-melee-tournament/,Zain Wins Record Breaking Supernova 2025 Smash Melee Tournament,esports-news,2025-08-12T06:55:15
https://www.shanethegamer.com/esports-news/rad-win-marvel-rivals-ignite-mid-season-finals-becoming-the-first-international-champions/,Rad Win Marvel Rivals IGNITE Mid Season Finals Becoming The First International Champions,esports-news,2025-08-11T23:16:23
https://www.shanethegamer.com/esports-news/navi-and-faze-knocked-out-early-at-blast-bounty-season-2-playoff-teams-revealed/,"NAVI and FaZe Knocked Out Early at BLAST Bounty Season 2, Playoff Teams Revealed",esports-news,2025-08-11T22:53:40
https://www.shanethegamer.com/esports-news/tekken-8-ewc-2025-lcq-wraps-up-full-player-line-up-revealed-for-1-million-showdown/,"TEKKEN 8 EWC 2025: LCQ Wraps Up, Full Player Line-Up Revealed for $1 Million Showdown",esports-news,2025-08-11T22:33:19
https://www.shanethegamer.com/esports-news/dota-2-fissure-universe-episode-6-the-last-dance-before-ti-2025/,DOTA 2 FISSURE Universe Episode 6: The Last Dance Before TI 2025,esports-news,2025-08-11T22:33:02
https://www.shanethegamer.com/esports-news/s1mple-wins-first-match-with-bc-game-despite-performance-struggles-and-anti-cheat-issues/,s1mple Wins First Match with BC.Game Despite Performance Struggles and Anti-Cheat Issues,esports-news,2025-08-11T07:52:55
https://www.shanethegamer.com/esports-news/cs2-streamer-dima_wallhacks-banned-on-twitch-because-of-s1mple/,CS2 Streamer dima_wallhacks Banned on Twitch Because of S1mple?,esports-news,2025-08-11T05:38:18
https://www.shanethegamer.com/esports-news/rocket-league-is-back-at-ewc-2025-with-1000000-prize-pool/,"Rocket League Is Back at EWC 2025 With $1,000,000 Prize Pool",esports-news,2025-08-11T07:11:26
https://www.shanethegamer.com/esports-news/lol-prime-league-kicks-cgn-esports-from-division-1-over-lineup-violations/,LoL Prime League Disqualifies CGN Esports From Division 1 Over Lineup Violations,esports-news,2025-08-11T05:49:26
https://www.shanethegamer.com/esports-news/donks-29-game-positive-rating-is-over-as-spirit-defeat-g2-at-blast-bounty-season-2/,donk’s 29 Game Positive Rating Is Over as Spirit Defeat G2 at BLAST Bounty Season 2,esports-news,2025-08-11T04:24:16
https://www.shanethegamer.com/esports-news/team-secret-sweep-g2-to-win-rainbow-six-siege-x-at-ewc-2025/,Team Secret Sweep G2 to Win Rainbow Six Siege X at EWC 2025,esports-news,2025-08-10T23:52:34
https://www.shanethegamer.com/esports-news/twisted-minds-claim-warzone-champion-at-ewc-2025-with-stunning-comeback/,Twisted Minds Claim Warzone Champion at EWC 2025 with Stunning Comeback,esports-news,2025-08-11T00:14:46
https://www.shanethegamer.com/esports-news/astralis-era-is-back-astralis-beat-navi-the-first-successful-bounty-hunters-at-blast-bounty-2025-season-2/,"Astralis Era is Back? Astralis Beat NAVI, The First Successful Bounty Hunters at BLAST Bounty 2025 Season 2",esports-news,2025-08-10T03:55:05
https://www.shanethegamer.com/esports-news/legendary-game-designer-hideo-kojima-heading-to-riyadh-for-the-esports-world-cup-festival/,Legendary Game Designer Hideo Kojima Heading to Riyadh for the Esports World Cup Festival,esports-news,2025-08-10T02:30:18
https://www.shanethegamer.com/esports-news/cs2-returns-at-ewc-with-1-25m-prize-pool-falcons-vs-g2-to-kick-things-off/,"CS2 Returns at EWC with $1.25M Prize Pool, Falcons vs G2 to Kick Things Off",esports-news,2025-08-09T23:53:46
https://www.shanethegamer.com/esports-news/mouz-bring-the-online-blast-bounty-qualifier-to-life-in-hamburg/,MOUZ Bring the Online BLAST Bounty Qualifier to Life in Hamburg,esports-news,2025-08-09T23:02:26
https://www.shanethegamer.com/esports-news/pubg-is-back-at-the-esports-world-cup-2025-with-2-million-prize-pool/,PUBG Is Back at the Esports World Cup 2025 with $2 Million Prize Pool,esports-news,2025-08-09T23:27:24
https://www.shanethegamer.com/esports-news/the-finals-the-grand-major-2025-everything-you-need-to-know/,THE FINALS The Grand Major 2025: Everything You Need to Know,esports-news,2025-08-09T20:33:01
https://www.shanethegamer.com/esports-news/teamfight-tactics-heads-back-to-riyadh-for-the-2025-esports-world-cup/,Teamfight Tactics Heads Back to Riyadh for the 2025 Esports World Cup,esports-news,2025-08-09T10:04:43
https://www.shanethegamer.com/esports-news/football-legends-kaka-and-ronaldo-to-face-off-at-esports-world-cup-2025/,Football Legends Kaká and Ronaldo to Face Off at Esports World Cup 2025,esports-news,2025-08-09T07:05:44
https://www.shanethegamer.com/esports-news/freeze-humanity-and-bring-salvation-freezia-launches-today-on-steam/,"Freeze humanity and bring salvation! ""FREEZIA"" launches today on Steam",esports-news,2025-08-09T04:33:59
https://www.shanethegamer.com/esports-news/nongshim-redforce-punch-their-ticket-to-vct-pacific-stage-2-playoffs/,Nongshim RedForce Punch Their Ticket to VCT Pacific Stage 2 Playoffs,esports-news,2025-08-09T02:18:29
https://www.shanethegamer.com/esports-news/marvel-rivals-esports-will-stay-open-for-all-teams-no-franchise-model-for-now/,"Marvel Rivals Esports Will Stay Open for All Teams, No Franchise Model - For Now",esports-news,2025-08-09T02:16:02
https://www.shanethegamer.com/esports-news/hicksy-retires-from-competitive-call-of-duty-lived-it-loved-it/,"Hicksy Retires from Competitive Call of Duty: ""Lived it. Loved it.""",esports-news,2025-08-09T00:06:48
https://www.shanethegamer.com/esports-news/team-spirit-zweih-got-locked-out-of-steam-another-pro-hack-after-m0nesy/,"Team Spirit zweih Got Locked Out of Steam, Another Pro Hack After m0NESY?",esports-news,2025-08-09T02:16:08
https://www.shanethegamer.com/esports-news/tft-pro-circuit-2025-to-debut-in-set-15-and-riots-big-changes-for-competitive-teamfight-tactics/,TFT Pro Circuit 2025 To Debut in Set 15 and Riot’s Big Changes for Competitive Teamfight Tactics,esports-news,2025-08-08T23:49:41
https://www.shanethegamer.com/esports-news/former-cloud9-major-winner-rush-retires-from-pro-counter-strike-eyes-coaching-career/,"Former Cloud9 Major Winner RUSH Retires From Pro Counter-Strike, Eyes Coaching Career",esports-news,2025-08-08T10:21:21
https://www.shanethegamer.com/esports-news/gentle-mates-relegated-from-vct-emea-tough-blow-for-france/,Gentle Mates Relegated from VCT EMEA - Tough Blow for France,esports-news,2025-08-08T10:22:32
https://www.shanethegamer.com/esports-news/heroic-bench-gr1ks-after-just-over-a-month-bring-in-alkaren-on-loan-from-spirit-academy/,"HEROIC Bench gr1ks After Just Over a Month, Bring in Alkaren on Loan from Spirit Academy",esports-news,2025-08-08T06:58:03
https://www.shanethegamer.com/esports-news/ea-fc-worlds-number-one-anders-vejrgang-joins-team-falcons/,EA FC World's Number One Anders Vejrgang Joins Team Falcons,esports-news,2025-08-08T07:53:28
https://www.shanethegamer.com/esports-news/gen-g-get-their-revenge-in-a-reverse-sweep-over-t1-now-22-1-in-lck/,"Gen.G Get Their Revenge in a Reverse Sweep Over T1, Now 22-1 in LCK!",esports-news,2025-08-08T06:57:41
https://www.shanethegamer.com/esports-news/fortnite-might-be-getting-proximity-chat-but-its-still-just-a-leak-for-now/,Fortnite Might Be Getting Proximity Chat But It's Still Just a Leak (For Now),esports-news,2025-08-08T00:36:24
https://www.shanethegamer.com/esports-news/cs2-goes-full-naval-brazilian-tournament-circuito-ferjee-2025-to-be-held-on-an-aircraft-carrier-ship/,CS2 Goes Full Naval: Brazilian Tournament Circuito FERJEE 2025 To Be Held on an Aircraft Carrier Ship,esports-news,2025-08-08T00:04:28
https://www.shanethegamer.com/esports-news/fortnites-champions-road-2025-is-here-what-you-need-to-know/,Fortnite’s Champions Road 2025 Is Here – What You Need To Know,esports-news,2025-08-07T23:06:43
https://www.shanethegamer.com/esports-news/pokemon-unite-joins-scholastic-esports-thanks-to-playvs-partnership/,Pokémon UNITE Joins Scholastic Esports Thanks to PlayVS Partnership,esports-news,2025-08-07T19:30:29
https://www.shanethegamer.com/esports-news/apeks-relegated-from-vct-emea-after-winless-season/,Apeks Relegated from VCT EMEA After Winless Season,esports-news,2025-08-07T18:39:01
https://www.shanethegamer.com/esports-news/activevoices-instantly-translates-streamers-and-esports-content-for-global-audiences/,ActiveVoices - Instantly Translates Streamer's and Esports Content for Global Audiences,esports-news,2025-08-07T23:25:02
https://www.shanethegamer.com/esports-news/cs2-yalla-compass-shuts-down-leaves-players-and-staff-unpaid/,"CS2 YaLLa Compass Shuts Down, Leaves Players and Staff Unpaid",esports-news,2025-08-07T14:27:51
https://www.shanethegamer.com/esports-news/fissure-playground-2-teams-revealed-will-team-falcons-redeem/,FISSURE Playground 2 Teams Revealed - Will Team Falcons Redeem?,esports-news,2025-08-07T15:20:21
https://www.shanethegamer.com/esports-news/breaking-sekiro-anime-almost-confirmed-with-domain-registration/,Breaking: Sekiro Anime (Almost) Confirmed with Domain Registration,esports-news,2025-08-07T10:22:19
https://www.shanethegamer.com/esports-news/dying-light-the-beast-unveils-a-new-level-of-brutality-in-blood-guts-trailer/,"Dying Light: The Beast Unveils a New Level of Brutality in ""Blood & Guts"" Trailer",esports-news,2025-08-07T02:15:55
https://www.shanethegamer.com/esports-news/axis-football-2026-launches-september-8/,Axis Football 2026 Launches September 8,esports-news,2025-08-07T02:11:39
https://www.shanethegamer.com/esports-news/team-liquid-takes-over-the-mongolzs-spot-at-blast-open-london/,Team Liquid Takes Over The MongolZ's Spot at BLAST Open London,esports-news,2025-08-07T01:23:46
https://www.shanethegamer.com/esports-news/s1mon-leaves-edg-valorant-team-after-controversy-and-bench-drama/,S1Mon Leaves EDG VALORANT Team After Controversy and Bench Drama,esports-news,2025-08-06T23:06:11
https://www.shanethegamer.com/esports-news/valorants-new-shotcall-twitch-extension-turns-watching-vct-into-a-literal-game/,VALORANT’s New Shotcall Twitch Extension Turns Watching VCT into a Literal Game,esports-news,2025-08-07T01:40:45
https://www.shanethegamer.com/esports-news/jl-makes-surprise-cs2-return-but-falls-to-g2s-academy-team/,jL Makes Surprise CS2 Return But Falls to G2’s Academy Team,esports-news,2025-08-07T00:32:54
https://www.shanethegamer.com/esports-news/lakia-returns-to-gen-g-valorant-team-ready-for-champions-2026/,Lakia Returns to Gen.G VALORANT Team - Ready for Champions 2026,esports-news,2025-08-06T23:36:47
https://www.shanethegamer.com/esports-news/ea-fc-pro-world-championship-2025-at-esports-world-cup-with-1000000-prize-pool/,"EA FC Pro World Championship 2025 at Esports World Cup with $1,000,000 Prize Pool",esports-news,2025-08-06T23:16:48
https://www.shanethegamer.com/esports-news/valorant-mobile-gets-200-million-investment-ahead-of-massive-china-launch-reveal/,VALORANT Mobile Gets $200 Million Investment Ahead of Massive China Launch Reveal,esports-news,2025-08-05T18:35:33
https://www.shanethegamer.com/esports-news/falcon-2000000-kyousuke-shines-in-cs2-debut-despite-teams-early-exit-at-iem-cologne-2025/,"Falcon $2,000,000 Kyousuke Shines in CS2 Debut Despite Team's Early Exit at IEM Cologne 2025",esports-news,2025-08-05T12:16:56
https://www.shanethegamer.com/esports-news/faker-nemesis-and-the-pros-are-over-the-current-lol-meta-heres-what-they-want-changed/,"Faker, Nemesis, and the Pros Are Over the Current LoL Meta – Here’s What They Want Changed",esports-news,2025-08-05T10:45:42
https://www.shanethegamer.com/esports-news/all-qualified-trios-for-the-fortnite-2000000-fncs-2025-global-championship/,"All Qualified Trios for the Fortnite $2,000,000 FNCS 2025 Global Championship",esports-news,2025-08-05T10:07:19
https://www.shanethegamer.com/esports-news/warzone-drops-back-into-ewc-2025-with-1000000-up-for-grabs/,"Warzone Drops Back Into EWC 2025 With $1,000,000 up For Grabs",esports-news,2025-08-05T08:36:40
https://www.shanethegamer.com/esports-news/robloxs-grow-a-garden-breaks-record-with-almost-22-millions-active-players-how/,"Roblox's Grow a Garden Breaks Record with Almost 22 Millions Active Players, How?",esports-news,2025-08-05T03:52:07
https://www.shanethegamer.com/esports-news/bc-game-plan-to-buy-out-3-more-tier-1-players-after-s1mples-arrival/,BC.Game Plan to Buy Out 3 More Tier 1 Players After s1mple’s Arrival,esports-news,2025-08-05T03:00:01
https://www.shanethegamer.com/esports-news/team-spirit-win-iem-cologne-2025-by-sweeping-mouz-3-0/,Team Spirit Win IEM Cologne 2025 by Sweeping MOUZ 3 - 0,esports-news,2025-08-04T10:51:02
https://www.shanethegamer.com/esports-news/team-falcons-soar-to-victory-at-owcs-mid-season-championship-2025-esports-world-cup/,Team Falcons Soar to Victory at OWCS Mid Season Championship 2025 Esports World Cup,esports-news,2025-08-04T12:22:11
https://www.shanethegamer.com/esports-news/yangon-galacticos-yg-champion-of-pubg-mobile-world-cup-2025-a-historic-victory/,"Yangon Galacticos YG Champion of PUBG MOBILE World Cup 2025, a Historic Victory",esports-news,2025-08-04T08:38:36
https://www.shanethegamer.com/esports-news/3-million-viewers-mlbb-mid-season-cup-2025-breaks-viewership-record-at-esports-world-cup/,3 Million Viewers! MLBB Mid Season Cup 2025 Breaks Viewership Record at Esports World Cup,esports-news,2025-08-04T07:09:08
https://www.shanethegamer.com/esports-news/rainbow-six-siege-x-returns-to-esports-world-cup-2025-with-2000000-prize/,"Rainbow Six Siege X Returns to Esports World Cup 2025 With $2,000,000 Prize",esports-news,2025-08-04T02:15:52
https://www.shanethegamer.com/esports-news/team-liquid-ph-wins-mlbb-mid-season-cup-msc-at-ewc-2025/,Team Liquid PH Wins MLBB Mid Season Cup MSC at EWC 2025,esports-news,2025-08-04T00:47:54
https://www.shanethegamer.com/video-gaming/grounded-2-early-access-review-lets-get-small-again/,Grounded 2 (Early Access) Review - Let's Get Small Again,video-gaming,2025-08-03T23:46:09
https://www.shanethegamer.com/esports-news/finally-mouz-take-down-vitality-securing-the-grand-final-at-iem-cologne-2025/,Finally! MOUZ Take Down Vitality Securing the Grand Final at IEM Cologne 2025,esports-news,2025-08-03T22:17:53
https://www.shanethegamer.com/esports-news/spirit-beat-navi-to-book-spot-in-iem-cologne-2025-grand-final/,Spirit Beat NAVI to Book Spot in IEM Cologne 2025 Grand Final,esports-news,2025-08-03T22:20:03
https://www.shanethegamer.com/esports-news/valorant-champions-2026-announced-in-shanghai/,VALORANT Champions 2026 Announced in Shanghai,esports-news,2025-08-02T20:35:00
https://www.shanethegamer.com/esports-news/team-liquid-humbled-by-an-academy-team-vp-prodigy/,Team Liquid Humbled by an Academy Team VP.Prodigy,esports-news,2025-08-02T21:02:21
https://www.shanethegamer.com/esports-news/rocket-league-content-creator-sunlesskhan-launches-rocket-league-battle-series-rlbs/,Rocket League Content Creator SunlessKhan launches Rocket League Battle Series (RLBS) eSports League,esports-news,2025-08-02T20:04:04
https://www.shanethegamer.com/esports-news/mouz-survive-furia-securing-semifinal-spot-at-iem-cologne-2025/,MOUZ Survive FURIA Securing SemiFinal Spot at IEM Cologne 2025,esports-news,2025-08-02T16:22:03
https://www.shanethegamer.com/esports-news/magnus-carlsen-crowned-first-ever-chess-esports-world-cup-championmagnus-carlsen-crowned-first-ever-chess-esports-world-cup-champion/,Magnus Carlsen Crowned First-Ever Chess Esports World Cup Champion,esports-news,2025-08-02T14:58:50
https://www.shanethegamer.com/esports-news/navi-eliminate-the-mongolz-to-secure-semifinal-spot-at-iem-cologne-2025/,NAVI Eliminate The MongolZ to Secure Semifinal Spot at IEM Cologne 2025,esports-news,2025-08-02T14:07:41
https://www.shanethegamer.com/esports-news/cs-asia-championship-2025-details-announced-faze-against-4-chinese-teams/,"CS Asia Championship 2025 Details Announced: FaZe Against 4 Chinese Teams for $1,000,000 Prize",esports-news,2025-08-02T01:29:31
https://www.shanethegamer.com/esports-news/marvel-rivals-ignite-mid-season-finals-twitch-drops-rewards-revealed-free-star-lord-ignite-skin/,Marvel Rivals Ignite Mid Season Finals Twitch Drops Rewards Revealed – Free Star-Lord 'Ignite' Skin,esports-news,2025-09-06T00:09:12
https://www.shanethegamer.com/esports-news/lec-2025-summer-new-rosters-and-new-format/,LEC 2025 Summer New Rosters and New Format,esports-news,2025-08-01T19:38:05
https://www.shanethegamer.com/esports-news/marvel-rivals-heads-to-guangzhou-china-for-first-global-lan-at-ignite-2025-mid-season-finals/,Marvel Rivals Heads to Guangzhou China for First Global LAN at IGNITE 2025 Mid Season Finals,esports-news,2025-08-01T18:57:53
https://www.shanethegamer.com/esports-news/valorants-new-tournament-project-blender-brings-fresh-competition-to-emea-players/,VALORANT’s New Tournament Project Blender Brings Fresh Competition to EMEA Players,esports-news,2025-08-01T16:44:31
https://www.shanethegamer.com/esports-news/80-of-the-top-500-twitch-streamers-are-viewbotted/,"80% of the Top 500 Twitch Streamers are Viewbotted, according to in-depth writeup by Devin Nash",esports-news,2025-08-01T02:57:41
