url,title,category,lastmod
https://www.shanethegamer.com/esports-news/jack-black-yakuza-role/,Jack Black Yakuza Role,esports-news,2026-03-29T20:54:37+00:00
https://www.shanethegamer.com/esports-news/pokemon-showdown-vs-pokemon-champions/,Pokemon Showdown Vs Pokemon Champions,esports-news,2026-03-29T20:47:42+00:00
https://www.shanethegamer.com/esports-news/pokemon-champions-accessibility/,Pokemon Champions Accessibility,esports-news,2026-03-29T20:34:04+00:00
https://www.shanethegamer.com/esports-news/ps6-price-999-prediction/,Ps6 Price 999 Prediction,esports-news,2026-03-29T20:18:54+00:00
https://www.shanethegamer.com/esports-news/pokemon-champions-release-date-april-2026/,Pokemon Champions Release Date April 2026,esports-news,2026-03-29T19:22:51+00:00
https://www.shanethegamer.com/esports-news/ps5-price-increase-2026/,Ps5 Price Increase 2026,esports-news,2026-03-29T18:32:22+00:00
https://www.shanethegamer.com/esports-news/vitality-blast-open-rotterdam-2026/,Vitality Blast Open Rotterdam 2026,esports-news,2026-03-29T18:09:05+00:00
https://www.shanethegamer.com/esports-news/steam-pricing-update-regional-tools/,Steam Pricing Update Regional Tools,esports-news,2026-03-28T18:42:35+00:00
https://www.shanethegamer.com/esports-news/blast-premier-2028-dates/,Blast Premier 2028 Dates,esports-news,2026-03-28T18:17:01+00:00
https://www.shanethegamer.com/esports-news/honor-of-kings-world-cup-2026/,Honor Of Kings World Cup 2026,esports-news,2026-03-28T18:01:33+00:00
https://www.shanethegamer.com/esports-news/pubg-mobile-global-open-2026/,Pubg Mobile Global Open 2026,esports-news,2026-03-28T17:09:05+00:00
https://www.shanethegamer.com/esports-news/subway-surfers-competitive-mode-showdown-march-30/,Subway Surfers Competitive Mode Showdown March 30,esports-news,2026-03-26T14:00:53+00:00
https://www.shanethegamer.com/esports-news/epic-games-layoffs-1000-employees-fortnite/,Epic Games Layoffs 1000 Employees Fortnite,esports-news,2026-03-24T15:21:08+00:00
https://www.shanethegamer.com/esports-news/blast-open-rotterdam-2026-playoffs-bracket/,Blast Open Rotterdam 2026 Playoffs Bracket,esports-news,2026-03-24T15:09:35+00:00
https://www.shanethegamer.com/esports-news/dissidia-duellum-final-fantasy-release-date/,Dissidia Duellum Final Fantasy Release Date,esports-news,2026-03-21T16:29:38+00:00
https://www.shanethegamer.com/esports-news/crimson-desert-2-million-sales-launch/,Crimson Desert 2 Million Sales Launch,esports-news,2026-03-21T12:44:13+00:00
https://www.shanethegamer.com/esports-news/cs2-reload-update-ammo-changes/,Cs2 Reload Update Ammo Changes,esports-news,2026-03-19T08:07:32+00:00
https://www.shanethegamer.com/esports-news/fortnite-google-play-return-march-19/,Fortnite Google Play Return March 19,esports-news,2026-03-18T15:41:03+00:00
https://www.shanethegamer.com/esports-news/narrate-karmine-corp-return/,Narrate Karmine Corp Return,esports-news,2026-03-18T15:36:25+00:00
https://www.shanethegamer.com/esports-news/valorant-patch-12-05-miks-knockout-mode/,Valorant Patch 12 05 Miks Knockout Mode,esports-news,2026-03-18T15:31:33+00:00
https://www.shanethegamer.com/esports-news/clair-obscur-expedition-33-future/,Clair Obscur Expedition 33 Future,esports-news,2026-03-18T15:19:24+00:00
https://www.shanethegamer.com/esports-news/roblox-minecraft-players-aaa-games-study/,Roblox Minecraft Players Aaa Games Study,esports-news,2026-03-18T15:05:49+00:00
https://www.shanethegamer.com/esports-news/spider-man-brand-new-day-trailer/,Spider Man Brand New Day Trailer,esports-news,2026-03-18T14:57:19+00:00
https://www.shanethegamer.com/esports-news/arc-raiders-accessibility-ban-appeal/,Arc Raiders Accessibility Ban Appeal,esports-news,2026-03-18T14:07:05+00:00
https://www.shanethegamer.com/esports-news/xbox-gaming-copilot-consoles-2026/,Xbox Gaming Copilot Consoles 2026,esports-news,2026-03-18T13:55:24+00:00
https://www.shanethegamer.com/esports-news/arc-raiders-patch-1-20-0-il-toro-nerf/,Arc Raiders Patch 1 20 0 Il Toro Nerf,esports-news,2026-03-18T13:51:55+00:00
https://www.shanethegamer.com/esports-news/arc-raiders-and-the-finals-studio-rob-runesson-allegations/,Arc Raiders And The Finals Studio Rob Runesson Allegations,esports-news,2026-03-18T12:33:42+00:00
https://www.shanethegamer.com/esports-news/nvidia-dlss-5-backlash-ceo-response/,Nvidia Dlss 5 Backlash Ceo Response,esports-news,2026-03-18T10:02:36+00:00
https://www.shanethegamer.com/esports-news/cs2-salary-rumours-claim-zywoo-e100k-s1mple-120k-per-month/,Cs2 Salary Rumours Claim Zywoo E100K S1Mple 120K Per Month,esports-news,2026-03-18T09:26:25+00:00
https://www.shanethegamer.com/esports-news/switch-2-handheld-mode-boost-update/,Switch 2 Handheld Mode Boost Update,esports-news,2026-03-18T09:05:19+00:00
https://www.shanethegamer.com/esports-news/starfield-ps5-release-date-april-7/,Starfield Ps5 Release Date April 7,esports-news,2026-03-18T08:33:34+00:00
https://www.shanethegamer.com/esports-news/steam-malware-games-fbi-investigation/,Steam Malware Games Fbi Investigation,esports-news,2026-03-17T16:09:06+00:00
https://www.shanethegamer.com/esports-news/gamestop-ps3-xbox-360-wii-u-retro/,Gamestop Ps3 Xbox 360 Wii U Retro,esports-news,2026-03-17T15:53:12+00:00
https://www.shanethegamer.com/esports-news/dlss-5-ai-slop-backlash/,Dlss 5 Ai Slop Backlash,esports-news,2026-03-17T14:17:52+00:00
https://www.shanethegamer.com/esports-news/crimson-desert-launch-trailer/,Crimson Desert Launch Trailer,esports-news,2026-03-16T15:35:11+00:00
https://www.shanethegamer.com/esports-news/myrient-game-archive-saved/,Myrient Game Archive Saved,esports-news,2026-03-16T15:10:30+00:00
https://www.shanethegamer.com/esports-news/pokemon-go-data-delivery-robots/,Pokemon Go Data Delivery Robots,esports-news,2026-03-16T14:54:06+00:00
https://www.shanethegamer.com/esports-news/cs2-valorant-project-phoenix/,Cs2 Valorant Project Phoenix,esports-news,2026-03-16T14:02:40+00:00
https://www.shanethegamer.com/esports-news/valorant-masters-london-tickets/,Valorant Masters London Tickets,esports-news,2026-03-16T13:13:54+00:00
https://www.shanethegamer.com/esports-news/wb-games-montreal-layoffs/,Wb Games Montreal Layoffs,esports-news,2026-03-16T13:01:38+00:00
https://www.shanethegamer.com/esports-news/resident-evil-requiem-sales/,Resident Evil Requiem Sales,esports-news,2026-03-16T11:00:12+00:00
https://www.shanethegamer.com/esports-news/league-of-legends-voice-chat-confirmed/,League Of Legends Voice Chat Confirmed,esports-news,2026-03-16T10:50:42+00:00
https://www.shanethegamer.com/esports-news/valorant-knockout-mode/,Valorant Knockout Mode,esports-news,2026-03-16T10:45:33+00:00
https://www.shanethegamer.com/esports-news/nongshim-redforce-masters-santiago-paper-rex/,Nongshim Redforce Masters Santiago Paper Rex,esports-news,2026-03-16T10:21:40+00:00
https://www.shanethegamer.com/esports-news/valorant-agent-miks-abilities/,Valorant Agent Miks Abilities,esports-news,2026-03-16T10:04:14+00:00
https://www.shanethegamer.com/esports-news/mario-kart-world-racing-wheel-switch-2/,Mario Kart World Racing Wheel Switch 2,esports-news,2026-03-16T05:34:02+00:00
https://www.shanethegamer.com/esports-news/ghost-of-yotei-legends-ps5/,Ghost Of Yotei Legends Ps5,esports-news,2026-03-16T05:20:36+00:00
https://www.shanethegamer.com/esports-news/candy-crush-all-stars-2026/,Candy Crush All Stars 2026,esports-news,2026-03-16T05:01:36+00:00
https://www.shanethegamer.com/esports-news/playstation-plus-march-games/,Playstation Plus March Games,esports-news,2026-03-15T09:33:56+00:00
https://www.shanethegamer.com/esports-news/pgl-cs2-tier-1-program-2027-2028/,Pgl Cs2 Tier 1 Program 2027 2028,esports-news,2026-03-15T08:50:56+00:00
https://www.shanethegamer.com/esports-news/arc-raiders-ai-voices-replaced/,Arc Raiders Ai Voices Replaced,esports-news,2026-03-14T12:43:14+00:00
https://www.shanethegamer.com/esports-news/jeff-kaplan-overwatch-blizzard-exit/,Jeff Kaplan Overwatch Blizzard Exit,esports-news,2026-03-14T11:25:45+00:00
https://www.shanethegamer.com/esports-news/legend-of-california-game/,Legend Of California Game,esports-news,2026-03-14T11:15:16+00:00
https://www.shanethegamer.com/esports-news/team-liquid-na-move-cs2-major-controversy/,Team Liquid Na Move Cs2 Major Controversy,esports-news,2026-03-14T10:48:46+00:00
https://www.shanethegamer.com/esports-news/g2-liquid-roster-swap-nertz-malbsmd/,G2 Liquid Roster Swap Nertz Malbsmd,esports-news,2026-03-14T10:14:34+00:00
https://www.shanethegamer.com/esports-news/kpop-demon-hunters-2-confirmed/,Kpop Demon Hunters 2 Confirmed,esports-news,2026-03-14T09:59:43+00:00
https://www.shanethegamer.com/esports-news/fortnite-vbucks-price-increase/,Fortnite Vbucks Price Increase,esports-news,2026-03-13T02:54:55+00:00
https://www.shanethegamer.com/esports-news/pokemon-winds-and-waves-nintendo-switch-2/,Pokemon Winds And Waves Nintendo Switch 2,esports-news,2026-03-13T02:29:42+00:00
https://www.shanethegamer.com/esports-news/pickmon-pokemon-ripoff-controversy/,Pickmon Pokemon Ripoff Controversy,esports-news,2026-03-11T09:45:57+00:00
https://www.shanethegamer.com/esports-news/pokemon-pokopia-release-date-review-scores/,Pokemon Pokopia Release Date Review Scores,esports-news,2026-03-03T10:10:23+00:00
https://www.shanethegamer.com/esports-news/pokemon-pokopia-highest-rated-pokemon-game/,Pokemon Pokopia Highest Rated Pokemon Game,esports-news,2026-03-03T10:09:42+00:00
https://www.shanethegamer.com/esports-news/first-stand-2026-format-schedule-teams/,First Stand 2026 Format Schedule Teams,esports-news,2026-03-03T09:16:43+00:00
https://www.shanethegamer.com/esports-news/ukel-monthly-cups-march-21/,Ukel Monthly Cups March 21,esports-news,2026-03-03T08:43:34+00:00
https://www.shanethegamer.com/esports-news/shyvana-update-patch-26-6-league-of-legends/,Shyvana Update Patch 26 6 League Of Legends,esports-news,2026-03-03T08:18:44+00:00
https://www.shanethegamer.com/esports-news/30th-anniversary-ps5-pro-auction-nz/,30Th Anniversary Ps5 Pro Auction Nz,esports-news,2026-03-03T07:49:00+00:00
https://www.shanethegamer.com/esports-news/pixelheart-atari-hotels-adapt/,Pixelheart Atari Hotels Adapt,esports-news,2026-03-03T07:39:04+00:00
https://www.shanethegamer.com/esports-news/tung-tung-tung-sahur-rumoured-fortnite/,Tung Tung Tung Sahur Rumoured Fortnite,esports-news,2026-02-27T16:15:24+00:00
https://www.shanethegamer.com/esports-news/league-of-legends-team-voice-chat-pbe-16-5/,League Of Legends Team Voice Chat Pbe 16 5,esports-news,2026-02-27T16:04:44+00:00
https://www.shanethegamer.com/esports-news/esl-zowie-partnership-cs2-2027/,Esl Zowie Partnership Cs2 2027,esports-news,2026-02-27T10:56:52+00:00
https://www.shanethegamer.com/esports-news/stardew-valley-1-7-marriage-candidates-clint-sandy/,Stardew Valley 1 7 Marriage Candidates Clint Sandy,esports-news,2026-02-27T10:34:08+00:00
https://www.shanethegamer.com/esports-news/overwatch-rush-mobile-spin-off/,Overwatch Rush Mobile Spin Off,esports-news,2026-02-26T15:18:39+00:00
https://www.shanethegamer.com/esports-news/resident-evil-requiem-dlss-4-5-6x-frame-generation/,Resident Evil Requiem Dlss 4 5 6X Frame Generation,esports-news,2026-02-26T15:06:43+00:00
https://www.shanethegamer.com/esports-news/new-york-sues-valve-loot-boxes/,New York Sues Valve Loot Boxes,esports-news,2026-02-26T14:50:45+00:00
https://www.shanethegamer.com/esports-news/arc-raiders-update-1-17-0-patch-notes/,Arc Raiders Update 1 17 0 Patch Notes,esports-news,2026-02-26T14:27:39+00:00
https://www.shanethegamer.com/esports-news/xbox-app-spam-notifications-braze-test-message/,Xbox App Spam Notifications Braze Test Message,esports-news,2026-02-26T10:47:13+00:00
https://www.shanethegamer.com/esports-news/marathon-server-slam-release-date-rewards/,Marathon Server Slam Release Date Rewards,esports-news,2026-02-26T10:31:29+00:00
https://www.shanethegamer.com/esports-news/marvel-maximum-collection-x-men-arcade-ps5-switch-xbox/,Marvel Maximum Collection X Men Arcade Ps5 Switch Xbox,esports-news,2026-02-26T10:08:28+00:00
https://www.shanethegamer.com/esports-news/skeleton-banging-shield-meme-emote-clash-royale/,Skeleton Banging Shield Meme Emote Clash Royale,esports-news,2026-02-25T14:55:28+00:00
https://www.shanethegamer.com/esports-news/team-vitality-trackmania-pac-signing/,Team Vitality Trackmania Pac Signing,esports-news,2026-02-23T13:44:02+00:00
https://www.shanethegamer.com/esports-news/vitality-win-pgl-cluj-napoca-2026-againts-parivision-as-zywoo-claims-historic-30th-mvp/,Vitality Win Pgl Cluj Napoca 2026 Againts Parivision As Zywoo Claims Historic 30Th Mvp,esports-news,2026-02-23T13:34:32+00:00
https://www.shanethegamer.com/esports-news/clash-royale-update-changes-2026/,Clash Royale Update Changes 2026,esports-news,2026-02-21T10:30:13+00:00
https://www.shanethegamer.com/esports-news/for-retribution-player-card-valorant/,For Retribution Player Card Valorant,esports-news,2026-02-21T10:17:59+00:00
https://www.shanethegamer.com/esports-news/roblox-engagement-2025-playstation-steam/,Roblox Engagement 2025 Playstation Steam,esports-news,2026-02-21T10:07:56+00:00
https://www.shanethegamer.com/esports-news/victorian-virtual-grand-prix-student-esports/,Victorian Virtual Grand Prix Student Esports,esports-news,2026-02-21T09:57:05+00:00
https://www.shanethegamer.com/esports-news/ubisoft-toronto-layoffs-splinter-cell-remake/,Ubisoft Toronto Layoffs Splinter Cell Remake,esports-news,2026-02-21T09:18:41+00:00
https://www.shanethegamer.com/esports-news/grow-a-garden-stealing-pet-update/,Grow A Garden Stealing Pet Update,esports-news,2026-02-21T09:14:32+00:00
https://www.shanethegamer.com/esports-news/2xko-community-event-rewards-players-can-now-earn-in-game-credits-and-titles/,2Xko Community Event Rewards Players Can Now Earn In Game Credits And Titles,esports-news,2026-02-21T09:12:16+00:00
https://www.shanethegamer.com/esports-news/virtus-pro-gamers-outreach-fundraiser/,Virtus Pro Gamers Outreach Fundraiser,esports-news,2026-02-21T09:12:01+00:00
https://www.shanethegamer.com/esports-news/resident-evil-requiem-leaks-capcom-plea/,Resident Evil Requiem Leaks Capcom Plea,esports-news,2026-02-21T09:03:52+00:00
https://www.shanethegamer.com/esports-news/finji-tiktok-racist-genai-ads/,Finji Tiktok Racist Genai Ads,esports-news,2026-02-21T08:40:32+00:00
https://www.shanethegamer.com/esports-news/midsummer-studios-closure-burbank/,Midsummer Studios Closure Burbank,esports-news,2026-02-21T07:25:54+00:00
https://www.shanethegamer.com/esports-news/scopely-loom-games-acquisition/,Scopely Loom Games Acquisition,esports-news,2026-02-21T07:04:47+00:00
https://www.shanethegamer.com/esports-news/valorant-masters-santiago-2026/,Valorant Masters Santiago 2026,esports-news,2026-02-21T06:49:59+00:00
https://www.shanethegamer.com/esports-news/xbox-ai-slop-asha-sharma/,Xbox Ai Slop Asha Sharma,esports-news,2026-02-21T06:32:58+00:00
https://www.shanethegamer.com/esports-news/phil-spencer-retirement-asha-sharma-xbox-ceo/,Phil Spencer Retirement Asha Sharma Xbox Ceo,esports-news,2026-02-21T06:28:50+00:00
https://www.shanethegamer.com/esports-news/the-finals-esports-paused/,The Finals Esports Paused,esports-news,2026-02-21T06:12:43+00:00
https://www.shanethegamer.com/esports-news/tenz-first-stream-breakup/,Tenz First Stream Breakup,esports-news,2026-02-21T06:06:57+00:00
https://www.shanethegamer.com/esports-news/fortnite-solo-leveling-arise-crossover/,Fortnite Solo Leveling Arise Crossover,esports-news,2026-02-21T06:06:48+00:00
https://www.shanethegamer.com/esports-news/valorant-esports-nations-cup-2026/,Valorant Esports Nations Cup 2026,esports-news,2026-02-21T05:30:28+00:00
https://www.shanethegamer.com/esports-news/slay-the-spire-2-early-access-march-5/,Slay The Spire 2 Early Access March 5,esports-news,2026-02-20T12:39:40+00:00
https://www.shanethegamer.com/esports-news/fnatic-online-abuse-statement/,Fnatic Online Abuse Statement,esports-news,2026-02-20T12:32:18+00:00
https://www.shanethegamer.com/esports-news/playstation-close-bluepoint-games/,Playstation Close Bluepoint Games,esports-news,2026-02-20T09:58:20+00:00
https://www.shanethegamer.com/esports-news/pokemon-firered-leafgreen-switch-eshop/,Pokemon Firered Leafgreen Switch Eshop,esports-news,2026-02-20T09:26:49+00:00
https://www.shanethegamer.com/esports-news/god-of-war-trilogy-remake-new-fighting-system/,God Of War Trilogy Remake New Fighting System,esports-news,2026-02-20T08:17:43+00:00
https://www.shanethegamer.com/esports-news/elder-scrolls-6-creation-engine-3/,Elder Scrolls 6 Creation Engine 3,esports-news,2026-02-20T08:08:44+00:00
https://www.shanethegamer.com/esports-news/saudi-esports-federation-roc-team-stallions-partnerships/,Saudi Esports Federation Roc Team Stallions Partnerships,esports-news,2026-02-20T07:58:46+00:00
https://www.shanethegamer.com/esports-news/2xko-eu-community-series-season-1-roadmap/,2Xko Eu Community Series Season 1 Roadmap,esports-news,2026-02-20T07:54:29+00:00
https://www.shanethegamer.com/esports-news/apex-legends-bans-2000-accounts-xim-cheating/,Apex Legends Bans 2000 Accounts Xim Cheating,esports-news,2026-02-20T07:43:01+00:00
https://www.shanethegamer.com/esports-news/is-hellcase-still-legit/,Is Hellcase Still Legit,esports-news,2026-02-20T07:28:19+00:00
https://www.shanethegamer.com/esports-news/gta-game-lifecycle/,Gta Game Lifecycle,esports-news,2026-02-20T07:10:15+00:00
https://www.shanethegamer.com/esports-news/fortnite-game-of-thrones-collab-leak/,Fortnite Game Of Thrones Collab Leak,esports-news,2026-02-20T05:18:43+00:00
https://www.shanethegamer.com/esports-news/former-capcom-producer-spends-500k-monster-strike/,Former Capcom Producer Spends 500K Monster Strike,esports-news,2026-02-19T13:39:39+00:00
https://www.shanethegamer.com/esports-news/faze-falcons-call-of-duty-challengers-team/,Faze Falcons Call Of Duty Challengers Team,esports-news,2026-02-19T13:31:18+00:00
https://www.shanethegamer.com/esports-news/rainbow-six-mobile-early-launch-india/,Rainbow Six Mobile Early Launch India,esports-news,2026-02-19T13:26:19+00:00
https://www.shanethegamer.com/esports-news/valorant-masters-santiago-skirmish-series/,Valorant Masters Santiago Skirmish Series,esports-news,2026-02-19T13:12:10+00:00
https://www.shanethegamer.com/esports-news/ninjas-in-pyjamas-sign-meo-il-tekken-8/,Ninjas In Pyjamas Sign Meo Il Tekken 8,esports-news,2026-02-19T13:05:46+00:00
https://www.shanethegamer.com/esports-news/pgl-cluj-napoca-2026-playoff-bracket/,Pgl Cluj Napoca 2026 Playoff Bracket,esports-news,2026-02-19T10:48:09+00:00
https://www.shanethegamer.com/esports-news/nintendo-tells-pokemon-card-store-change-name/,Nintendo Tells Pokemon Card Store Change Name,esports-news,2026-02-19T10:42:31+00:00
https://www.shanethegamer.com/esports-news/pokemon-tcg-pocket-esport-plans/,Pokemon Tcg Pocket Esport Plans,esports-news,2026-02-19T09:40:15+00:00
https://www.shanethegamer.com/esports-news/kristen-bell-amy-rose-sonic-4-frozen-anna/,Kristen Bell Amy Rose Sonic 4 Frozen Anna,esports-news,2026-02-19T09:29:59+00:00
https://www.shanethegamer.com/esports-news/highguard-tencent-funding-report/,Highguard Tencent Funding Report,esports-news,2026-02-19T09:10:42+00:00
https://www.shanethegamer.com/esports-news/escape-from-tarkov-2026-roadmap/,Escape From Tarkov 2026 Roadmap,esports-news,2026-02-18T13:36:32+00:00
https://www.shanethegamer.com/esports-news/xbox-game-pass-february-2026-wave-2-lineup/,Xbox Game Pass February 2026 Wave 2 Lineup,esports-news,2026-02-18T13:21:58+00:00
https://www.shanethegamer.com/esports-news/final-fantasy-9-vivi-book-may-2026-release/,Final Fantasy 9 Vivi Book May 2026 Release,esports-news,2026-02-18T12:33:17+00:00
https://www.shanethegamer.com/esports-news/fortnite-solo-leveling-collab-release-date/,Fortnite Solo Leveling Collab Release Date,esports-news,2026-02-17T13:34:01+00:00
https://www.shanethegamer.com/esports-news/shutaro-ida-death-castlevania-bloodstained/,Shutaro Ida Death Castlevania Bloodstained,esports-news,2026-02-17T13:14:21+00:00
https://www.shanethegamer.com/esports-news/nintendo-dmca-switch-emulators-github/,Nintendo Dmca Switch Emulators Github,esports-news,2026-02-17T13:07:02+00:00
https://www.shanethegamer.com/esports-news/anchor-point-studios-independent-from-netease/,Anchor Point Studios Independent From Netease,esports-news,2026-02-17T12:41:15+00:00
https://www.shanethegamer.com/esports-news/meta-ai-patent-facebook-after-death/,Meta Ai Patent Facebook After Death,esports-news,2026-02-17T12:31:14+00:00
https://www.shanethegamer.com/esports-news/abyss-codes-february-2026/,Abyss Codes February 2026,esports-news,2026-02-17T12:13:49+00:00
https://www.shanethegamer.com/esports-news/pubg-esports-nations-cup-2026/,Pubg Esports Nations Cup 2026,esports-news,2026-02-17T12:04:51+00:00
https://www.shanethegamer.com/esports-news/valorant-2026-vct-season-capsule/,Valorant 2026 Vct Season Capsule,esports-news,2026-02-17T11:53:23+00:00
https://www.shanethegamer.com/esports-news/razer-niko-collection/,Razer Niko Collection,esports-news,2026-02-17T11:41:15+00:00
https://www.shanethegamer.com/esports-news/rainbow-six-majors-2026-us-japan-brazil/,Rainbow Six Majors 2026 Us Japan Brazil,esports-news,2026-02-17T11:01:40+00:00
https://www.shanethegamer.com/esports-news/passion-ua-outbid-navi-for-senzu/,Passion Ua Outbid Navi For Senzu,esports-news,2026-02-17T10:56:12+00:00
https://www.shanethegamer.com/esports-news/senzu-and-try-join-passion-ua-cs2-roster/,Senzu And Try Join Passion Ua Cs2 Roster,esports-news,2026-02-17T08:45:57+00:00
https://www.shanethegamer.com/esports-news/zowie-apex-partnership-team-vitality-igl/,Zowie Apex Partnership Team Vitality Igl,esports-news,2026-02-17T08:31:22+00:00
https://www.shanethegamer.com/esports-news/brawl-cup-2026-berlin-blast/,Brawl Cup 2026 Berlin Blast,esports-news,2026-02-17T08:25:04+00:00
https://www.shanethegamer.com/esports-news/warzone-mobile-shutdown-date-april-17-2026/,Warzone Mobile Shutdown Date April 17 2026,esports-news,2026-02-17T08:19:33+00:00
https://www.shanethegamer.com/esports-news/solid-snake-rainbow-six-siege/,Solid Snake Rainbow Six Siege,esports-news,2026-02-17T08:11:31+00:00
https://www.shanethegamer.com/esports-news/rainbow-six-siege-year-11-roadmap/,Rainbow Six Siege Year 11 Roadmap,esports-news,2026-02-17T08:11:06+00:00
https://www.shanethegamer.com/esports-news/2xko-akali-senna-2026-update/,2Xko Akali Senna 2026 Update,esports-news,2026-02-17T07:45:42+00:00
https://www.shanethegamer.com/esports-news/mewtwo-pokemon-go-fest-2026/,Mewtwo Pokemon Go Fest 2026,esports-news,2026-02-14T12:24:05+00:00
https://www.shanethegamer.com/esports-news/bytedance-sell-moonton-mobile-legends-6-billion/,Bytedance Sell Moonton Mobile Legends 6 Billion,esports-news,2026-02-14T12:17:26+00:00
https://www.shanethegamer.com/esports-news/marvel-tokon-fighting-souls-release-date-ps5-pc/,Marvel Tokon Fighting Souls Release Date Ps5 Pc,esports-news,2026-02-14T12:06:04+00:00
https://www.shanethegamer.com/esports-news/crimson-moon-action-rpg-2026/,Crimson Moon Action Rpg 2026,esports-news,2026-02-14T11:50:02+00:00
https://www.shanethegamer.com/esports-news/project-windless-ps5-open-world-rpg-announced/,Project Windless Ps5 Open World Rpg Announced,esports-news,2026-02-14T11:27:28+00:00
https://www.shanethegamer.com/esports-news/metal-gear-solid-master-collection-vol-2-release-date/,Metal Gear Solid Master Collection Vol 2 Release Date,esports-news,2026-02-14T11:22:18+00:00
https://www.shanethegamer.com/esports-news/team-vitality-returns-to-fortnite-fncs-world-champions/,Team Vitality Returns To Fortnite Fncs World Champions,esports-news,2026-02-14T11:08:00+00:00
https://www.shanethegamer.com/esports-news/marathon-server-slam-february-26/,Marathon Server Slam February 26,esports-news,2026-02-13T13:48:58+00:00
https://www.shanethegamer.com/esports-news/castlevania-belmonts-curse-release-date-ps5-2026/,Castlevania Belmonts Curse Release Date Ps5 2026,esports-news,2026-02-13T13:41:42+00:00
https://www.shanethegamer.com/esports-news/silent-hill-townfall-first-person-gameplay-2026/,Silent Hill Townfall First Person Gameplay 2026,esports-news,2026-02-13T13:35:23+00:00
https://www.shanethegamer.com/esports-news/john-wick-game-ps5-keanu-reeves-confirmed/,John Wick Game Ps5 Keanu Reeves Confirmed,esports-news,2026-02-13T13:21:45+00:00
https://www.shanethegamer.com/esports-news/god-of-war-greek-trilogy-remake-sons-of-sparta-ps5/,God Of War Greek Trilogy Remake Sons Of Sparta Ps5,esports-news,2026-02-13T13:21:09+00:00
https://www.shanethegamer.com/esports-news/team-vitality-expands-shooter-division-ewc-2026/,Team Vitality Expands Shooter Division Ewc 2026,esports-news,2026-02-13T11:52:31+00:00
https://www.shanethegamer.com/esports-news/sega-la-live-partnership/,Sega La Live Partnership,esports-news,2026-02-13T11:39:46+00:00
https://www.shanethegamer.com/esports-news/pubg-mobile-esports-2026-roadmap-pmgo-pmgc/,Pubg Mobile Esports 2026 Roadmap Pmgo Pmgc,esports-news,2026-02-13T09:24:57+00:00
https://www.shanethegamer.com/esports-news/free-cyberpunk-game-steam-d1al-ogue/,Free Cyberpunk Game Steam D1Al Ogue,esports-news,2026-02-10T00:51:17+00:00
https://www.shanethegamer.com/esports-news/riot-games-2xko-layoffs/,Riot Games 2Xko Layoffs,esports-news,2026-02-10T00:38:29+00:00
https://www.shanethegamer.com/esports-news/tenz-responds-kyedae-cheating-rumours/,Tenz Responds Kyedae Cheating Rumours,esports-news,2026-02-09T23:18:16+00:00
https://www.shanethegamer.com/esports-news/call-of-duty-league-championship-2026-las-vegas/,Call Of Duty League Championship 2026 Las Vegas,esports-news,2026-02-06T08:25:29+00:00
https://www.shanethegamer.com/esports-news/itachi-minato-mlbb-naruto-collab-leaks/,Itachi Minato Mlbb Naruto Collab Leaks,esports-news,2026-02-05T23:59:38+00:00
https://www.shanethegamer.com/esports-news/overwatch-new-heroes-reign-of-talon/,Overwatch New Heroes Reign Of Talon,esports-news,2026-02-05T15:09:09+00:00
https://www.shanethegamer.com/esports-news/overwatch-2-renamed-overwatch/,Overwatch 2 Renamed Overwatch,esports-news,2026-02-05T15:07:57+00:00
https://www.shanethegamer.com/esports-news/overwatch-hello-kitty-collab/,Overwatch Hello Kitty Collab,esports-news,2026-02-05T14:49:41+00:00
https://www.shanethegamer.com/esports-news/overwatch-season-1-roadmap/,Overwatch Season 1 Roadmap,esports-news,2026-02-05T14:00:44+00:00
https://www.shanethegamer.com/esports-news/overwatch-nintendo-switch-2/,Overwatch Nintendo Switch 2,esports-news,2026-02-05T13:44:54+00:00
https://www.shanethegamer.com/esports-news/stardew-valley-1-7-update-marriage-candidates/,Stardew Valley 1 7 Update Marriage Candidates,esports-news,2026-02-04T05:25:58+00:00
https://www.shanethegamer.com/esports-news/gta-6-marketing-summer-2026-no-more-delays-november/,Gta 6 Marketing Summer 2026 No More Delays November,esports-news,2026-02-04T04:52:56+00:00
https://www.shanethegamer.com/esports-news/fortnite-kpop-demon-hunters-jinu-skin-leak/,Fortnite Kpop Demon Hunters Jinu Skin Leak,esports-news,2026-02-04T04:35:59+00:00
https://www.shanethegamer.com/esports-news/fortnite-kpop-demon-hunters-wave-2/,Fortnite Kpop Demon Hunters Wave 2,esports-news,2026-02-04T04:33:07+00:00
https://www.shanethegamer.com/esports-news/iem-krakow-playoff-bracket-set/,Iem Krakow Playoff Bracket Set,esports-news,2026-02-04T04:18:45+00:00
https://www.shanethegamer.com/esports-news/pokemon-yasukuni-shrine-event-canceled/,Pokemon Yasukuni Shrine Event Canceled,esports-news,2026-02-02T19:55:04+00:00
https://www.shanethegamer.com/esports-news/playstation-touchscreen-controller-patent/,Playstation Touchscreen Controller Patent,esports-news,2026-02-01T11:36:33+00:00
https://www.shanethegamer.com/esports-news/cloud9-halo-dreamhack-birmingham-return/,Cloud9 Halo Dreamhack Birmingham Return,esports-news,2026-02-01T11:33:07+00:00
https://www.shanethegamer.com/esports-news/roblox-twitch-bloxfest-event-details/,Roblox Twitch Bloxfest Event Details,esports-news,2026-02-01T11:03:46+00:00
https://www.shanethegamer.com/esports-news/six-invitational-2026-twitch-drops/,Six Invitational 2026 Twitch Drops,esports-news,2026-02-01T10:53:12+00:00
https://www.shanethegamer.com/esports-news/honkai-star-rail-fortnite-crossover-teased/,Honkai Star Rail Fortnite Crossover Teased,esports-news,2026-02-01T10:42:59+00:00
https://www.shanethegamer.com/esports-news/ashes-of-creation-layoffs-founder-resigns/,Ashes Of Creation Layoffs Founder Resigns,esports-news,2026-02-01T08:06:55+00:00
https://www.shanethegamer.com/esports-news/south-korea-olympic-esports-games-working-group/,South Korea Olympic Esports Games Working Group,esports-news,2026-02-01T07:35:53+00:00
https://www.shanethegamer.com/esports-news/saudi-eleague-2026-yalla-group-partnership/,Saudi Eleague 2026 Yalla Group Partnership,esports-news,2026-02-01T07:20:49+00:00
https://www.shanethegamer.com/esports-news/esports-nations-cup-2026-45-million-funding-model/,Esports Nations Cup 2026 45 Million Funding Model,esports-news,2026-02-01T07:13:14+00:00
https://www.shanethegamer.com/esports-news/kai-budde-death-magic-the-gathering/,Kai Budde Death Magic The Gathering,esports-news,2026-01-31T04:05:26+00:00
https://www.shanethegamer.com/esports-news/anime-paradox-codes-february-2026/,Anime Paradox Codes February 2026,esports-news,2026-01-31T03:45:06+00:00
https://www.shanethegamer.com/esports-news/anime-final-quest-codes-february-2026-get-free-spins-cash-and-rewards-right-now/,Anime Final Quest Codes February 2026 Get Free Spins Cash And Rewards Right Now,esports-news,2026-01-31T03:39:22+00:00
https://www.shanethegamer.com/esports-news/rainbow-six-paris-pop-up-store/,Rainbow Six Paris Pop Up Store,esports-news,2026-01-31T03:14:54+00:00
https://www.shanethegamer.com/esports-news/final-fantasy-7-new-version-steam/,Final Fantasy 7 New Version Steam,esports-news,2026-01-30T22:18:13+00:00
https://www.shanethegamer.com/esports-news/ubisoft-unions-international-strike-return-to-office/,Ubisoft Unions International Strike Return To Office,esports-news,2026-01-30T19:46:35+00:00
https://www.shanethegamer.com/esports-news/fortnite-minecraft-sued-video-game-addiction/,Fortnite Minecraft Sued Video Game Addiction,esports-news,2026-01-30T18:21:03+00:00
https://www.shanethegamer.com/esports-news/rainbow-six-siege-solid-snake-operator/,Rainbow Six Siege Solid Snake Operator,esports-news,2026-01-30T17:45:43+00:00
https://www.shanethegamer.com/esports-news/call-of-duty-league-championship-2026-venue/,Call Of Duty League Championship 2026 Venue,esports-news,2026-01-30T17:32:23+00:00
https://www.shanethegamer.com/esports-news/haunted-chocolatier-development-update-concernedape/,Haunted Chocolatier Development Update Concernedape,esports-news,2026-01-30T01:02:43+00:00
https://www.shanethegamer.com/esports-news/dispatch-censored-nintendo-switch/,Dispatch Censored Nintendo Switch,esports-news,2026-01-30T00:42:44+00:00
https://www.shanethegamer.com/esports-news/crimson-desert-15-minute-gameplay-video/,Crimson Desert 15 Minute Gameplay Video,esports-news,2026-01-30T00:28:20+00:00
https://www.shanethegamer.com/esports-news/clash-royale-6-7-wizard-emote-how-to-claim/,Clash Royale 6 7 Wizard Emote How To Claim,esports-news,2026-01-29T22:42:32+00:00
https://www.shanethegamer.com/esports-news/tomodachi-life-living-the-dream-release-date/,Tomodachi Life Living The Dream Release Date,esports-news,2026-01-29T22:39:13+00:00
https://www.shanethegamer.com/esports-news/clash-royale-hero-goblins-hero-mega-minion-february-2026/,Clash Royale Hero Goblins Hero Mega Minion February 2026,esports-news,2026-01-29T22:30:56+00:00
https://www.shanethegamer.com/esports-news/valorant-act-6-premier-schedule-map-rotation-2025/,Valorant Act 6 Premier Schedule Map Rotation 2025,esports-news,2026-01-29T20:57:13+00:00
https://www.shanethegamer.com/esports-news/gta-6-physical-release-delay-2027/,Gta 6 Physical Release Delay 2027,esports-news,2026-01-29T04:27:15+00:00
https://www.shanethegamer.com/esports-news/netease-games-montreal-layoffs-qa/,Netease Games Montreal Layoffs Qa,esports-news,2026-01-29T04:16:29+00:00
https://www.shanethegamer.com/esports-news/blizzard-showcase-2026-schedule/,Blizzard Showcase 2026 Schedule,esports-news,2026-01-29T04:04:07+00:00
https://www.shanethegamer.com/esports-news/playstation-plus-february-2026-free-games/,Playstation Plus February 2026 Free Games,esports-news,2026-01-29T03:31:19+00:00
https://www.shanethegamer.com/esports-news/vtuber-ovulation-tracker-website-backlash/,Vtuber Ovulation Tracker Website Backlash,esports-news,2026-01-29T02:15:04+00:00
https://www.shanethegamer.com/esports-news/valorant-premier-stage-v26a1-schedule/,Valorant Premier Stage V26A1 Schedule,esports-news,2026-01-29T01:53:59+00:00
https://www.shanethegamer.com/esports-news/lck-cup-finals-hong-kong/,Lck Cup Finals Hong Kong,esports-news,2026-01-29T01:46:54+00:00
https://www.shanethegamer.com/esports-news/pgl-wallachia-season-7-invited-teams/,Pgl Wallachia Season 7 Invited Teams,esports-news,2026-01-29T01:14:48+00:00
https://www.shanethegamer.com/esports-news/arc-raiders-server-issues-highwinds-update/,Arc Raiders Server Issues Highwinds Update,esports-news,2026-01-28T20:16:14+00:00
https://www.shanethegamer.com/esports-news/valorant-game-changers-emea-cash-cups-announced/,Valorant Game Changers Emea Cash Cups Announced,esports-news,2026-01-28T15:02:43+00:00
https://www.shanethegamer.com/video-gaming/helldivers-2-siege-breakers-warbond-february-3/,Helldivers 2 Siege Breakers Warbond February 3,video-gaming,2026-01-28T13:30:35+00:00
https://www.shanethegamer.com/esports-news/tomodachi-life-living-the-dream-direct-january-2026/,Tomodachi Life Living The Dream Direct January 2026,esports-news,2026-01-28T06:15:18+00:00
https://www.shanethegamer.com/esports-news/mpkbk-moscow-50k-lan-cologne-vrs-cutoff/,Mpkbk Moscow 50K Lan Cologne Vrs Cutoff,esports-news,2026-01-28T06:05:03+00:00
https://www.shanethegamer.com/esports-news/solo-hunters-codes-january-2026/,Solo Hunters Codes January 2026,esports-news,2026-01-28T05:44:12+00:00
https://www.shanethegamer.com/esports-news/terraria-1-4-5-bigger-and-boulder-update/,Terraria 1 4 5 Bigger And Boulder Update,esports-news,2026-01-28T04:34:31+00:00
https://www.shanethegamer.com/esports-news/tenz-valorant-community-awards-2025-finalists/,Tenz Valorant Community Awards 2025 Finalists,esports-news,2026-01-28T03:30:12+00:00
https://www.shanethegamer.com/esports-news/valve-steam-uk-class-action-lawsuit/,Valve Steam Uk Class Action Lawsuit,esports-news,2026-01-28T03:00:05+00:00
https://www.shanethegamer.com/esports-news/halo-campaign-evolved-ps5-first-playstation-release/,Halo Campaign Evolved Ps5 First Playstation Release,esports-news,2026-01-28T00:56:46+00:00
https://www.shanethegamer.com/esports-news/blast-efm-global-logistics-partnership-2026/,Blast Efm Global Logistics Partnership 2026,esports-news,2026-01-27T15:04:07+00:00
https://www.shanethegamer.com/esports-news/brawl-stars-esports-2026-roadmap/,Brawl Stars Esports 2026 Roadmap,esports-news,2026-01-27T14:49:14+00:00
https://www.shanethegamer.com/esports-news/highguard-steam-reviews-negative-launch/,Highguard Steam Reviews Negative Launch,esports-news,2026-01-27T14:39:55+00:00
https://www.shanethegamer.com/esports-news/arc-raiders-headwinds-update-1-13-0/,Arc Raiders Headwinds Update 1 13 0,esports-news,2026-01-27T14:32:47+00:00
https://www.shanethegamer.com/esports-news/super-mario-galaxy-movie-yoshi-birdo-trailer-release-date/,Super Mario Galaxy Movie Yoshi Birdo Trailer Release Date,esports-news,2026-01-26T17:31:11+00:00
https://www.shanethegamer.com/esports-news/steam-game-hack-vulnerability-screeps-fixed/,Steam Game Hack Vulnerability Screeps Fixed,esports-news,2026-01-26T14:44:37+00:00
https://www.shanethegamer.com/esports-news/mobile-legends-esports-nations-cup-2026/,Mobile Legends Esports Nations Cup 2026,esports-news,2026-01-26T14:14:19+00:00
https://www.shanethegamer.com/esports-news/aurora-gaming-m7-world-championship-4-0-alter-ego/,Aurora Gaming M7 World Championship 4 0 Alter Ego,esports-news,2026-01-26T13:58:20+00:00
https://www.shanethegamer.com/esports-news/parivision-blast-bounty-winter-2026-finals/,Parivision Blast Bounty Winter 2026 Finals,esports-news,2026-01-26T13:13:19+00:00
https://www.shanethegamer.com/esports-news/call-of-duty-warzone-resurgence-series-2026/,Call Of Duty Warzone Resurgence Series 2026,esports-news,2026-01-26T13:03:42+00:00
https://www.shanethegamer.com/esports-news/fnatic-blacklyte-athena-pro-gaming-chair/,Fnatic Blacklyte Athena Pro Gaming Chair,esports-news,2026-01-26T12:57:20+00:00
https://www.shanethegamer.com/esports-news/supergaming-loud-prime-rush-mobile-battle-royale/,Supergaming Loud Prime Rush Mobile Battle Royale,esports-news,2026-01-26T12:46:59+00:00
https://www.shanethegamer.com/esports-news/team-vitality-signs-neia-tekken-8/,Team Vitality Signs Neia Tekken 8,esports-news,2026-01-26T11:42:05+00:00
https://www.shanethegamer.com/esports-news/2xko-2026-esports-calendar/,2Xko 2026 Esports Calendar,esports-news,2026-01-25T11:07:09+00:00
https://www.shanethegamer.com/esports-news/dallas-fuel-overwatch-owcs-2026-roster/,Dallas Fuel Overwatch Owcs 2026 Roster,esports-news,2026-01-25T10:37:28+00:00
https://www.shanethegamer.com/esports-news/arc-raiders-escalation-roadmap-2026/,Arc Raiders Escalation Roadmap 2026,esports-news,2026-01-25T10:26:29+00:00
https://www.shanethegamer.com/esports-news/wwe-2k26-attitude-era-edition-details/,Wwe 2K26 Attitude Era Edition Details,esports-news,2026-01-25T10:01:11+00:00
https://www.shanethegamer.com/esports-news/arknights-endfield-codes-january-2026/,Arknights Endfield Codes January 2026,esports-news,2026-01-24T12:41:50+00:00
https://www.shanethegamer.com/esports-news/fable-reboot-open-world-release-platforms/,Fable Reboot Open World Release Platforms,esports-news,2026-01-23T15:20:20+00:00
https://www.shanethegamer.com/esports-news/s1mple-bc-game-miss-iem-rio-2026/,S1Mple Bc Game Miss Iem Rio 2026,esports-news,2026-01-23T13:22:03+00:00
https://www.shanethegamer.com/esports-news/cs2-premier-season-four-update-anubis-mp7-buff/,Cs2 Premier Season Four Update Anubis Mp7 Buff,esports-news,2026-01-23T13:10:13+00:00
https://www.shanethegamer.com/esports-news/epic-google-unreal-engine-800-million-deal/,Epic Google Unreal Engine 800 Million Deal,esports-news,2026-01-23T12:56:08+00:00
https://www.shanethegamer.com/esports-news/team-falcons-signs-carljr-trackmania/,Team Falcons Signs Carljr Trackmania,esports-news,2026-01-23T12:41:52+00:00
https://www.shanethegamer.com/esports-news/epic-games-store-free-games-boost-steam-sales-2/,Epic Games Store Free Games Boost Steam Sales 2,esports-news,2026-01-23T11:35:49+00:00
https://www.shanethegamer.com/esports-news/sparkli-ai-learning-platform-kids/,Sparkli Ai Learning Platform Kids,esports-news,2026-01-23T10:58:59+00:00
https://www.shanethegamer.com/esports-news/ubisoft-shares-crash-restructure-ai-game-cancellations/,Ubisoft Shares Crash Restructure Ai Game Cancellations,esports-news,2026-01-22T11:10:22+00:00
https://www.shanethegamer.com/esports-news/xbox-game-pass-january-february-2026-games/,Xbox Game Pass January February 2026 Games,esports-news,2026-01-22T10:47:48+00:00
https://www.shanethegamer.com/esports-news/corsair-signs-gumayusi-worlds-2025-mvp/,Corsair Signs Gumayusi Worlds 2025 Mvp,esports-news,2026-01-22T10:14:14+00:00
https://www.shanethegamer.com/esports-news/call-of-duty-ranked-play-new-anti-cheat/,Call Of Duty Ranked Play New Anti Cheat,esports-news,2026-01-22T10:04:20+00:00
https://www.shanethegamer.com/esports-news/t1-fortnite-roster-2026-demus-darm-fncs/,T1 Fortnite Roster 2026 Demus Darm Fncs,esports-news,2026-01-22T09:32:43+00:00
https://www.shanethegamer.com/esports-news/steve-maida-reacquires-luminosity-gaming/,Steve Maida Reacquires Luminosity Gaming,esports-news,2026-01-22T09:23:55+00:00
https://www.shanethegamer.com/esports-news/motorsport-uk-cross-car-esports-cup-real-world-racing/,Motorsport Uk Cross Car Esports Cup Real World Racing,esports-news,2026-01-21T13:59:42+00:00
https://www.shanethegamer.com/esports-news/epic-games-store-free-games-boost-steam-sales/,Epic Games Store Free Games Boost Steam Sales,esports-news,2026-01-21T13:36:09+00:00
https://www.shanethegamer.com/esports-news/life-is-strange-reunion-max-chloe-release-details/,Life Is Strange Reunion Max Chloe Release Details,esports-news,2026-01-21T13:15:18+00:00
https://www.shanethegamer.com/esports-news/keoz-kono-unpaid-salary-dispute/,Keoz Kono Unpaid Salary Dispute,esports-news,2026-01-21T13:01:36+00:00
https://www.shanethegamer.com/esports-news/nintendo-switch-2-japan-sales-2025-market-growth/,Nintendo Switch 2 Japan Sales 2025 Market Growth,esports-news,2026-01-21T12:37:49+00:00
https://www.shanethegamer.com/esports-news/xbox-cloud-gaming-free-ad-supported-tier/,Xbox Cloud Gaming Free Ad Supported Tier,esports-news,2026-01-20T14:39:13+00:00
https://www.shanethegamer.com/esports-news/trackmania-joins-esports-world-cup-2026-as-final-game-title-with-500000-prize-pool/,Trackmania Joins Esports World Cup 2026 As Final Game Title With 500000 Prize Pool,esports-news,2026-01-20T14:21:03+00:00
https://www.shanethegamer.com/esports-news/resident-evil-code-veronica-remake-2026/,Resident Evil Code Veronica Remake 2026,esports-news,2026-01-20T14:07:40+00:00
https://www.shanethegamer.com/esports-news/xbox-developer-direct-2026-how-to-watch/,Xbox Developer Direct 2026 How To Watch,esports-news,2026-01-20T13:50:23+00:00
https://www.shanethegamer.com/esports-news/ningtendo-pxbox-5-ps5-xbox-nintendo-console/,Ningtendo Pxbox 5 Ps5 Xbox Nintendo Console,esports-news,2026-01-20T13:27:38+00:00
https://www.shanethegamer.com/esports-news/rockstar-north-explosion-gta-6-edinburgh/,Rockstar North Explosion Gta 6 Edinburgh,esports-news,2026-01-20T12:05:36+00:00
https://www.shanethegamer.com/esports-news/falcons-zonic-miss-blast-bounty-winter-2026-finals/,Falcons Zonic Miss Blast Bounty Winter 2026 Finals,esports-news,2026-01-20T11:58:20+00:00
https://www.shanethegamer.com/esports-news/animejapan-2026-50-stage-lineup-tickets/,Animejapan 2026 50 Stage Lineup Tickets,esports-news,2026-01-20T11:31:07+00:00
https://www.shanethegamer.com/esports-news/fallout-legends-mod-release/,Fallout Legends Mod Release,esports-news,2026-01-20T11:05:10+00:00
https://www.shanethegamer.com/esports-news/bungie-marathon-release-date-march-2026/,Bungie Marathon Release Date March 2026,esports-news,2026-01-20T10:57:08+00:00
https://www.shanethegamer.com/esports-news/team-vitality-age-of-empires-ii-roster-hera-liereyy-hearttt/,Team Vitality Age Of Empires Ii Roster Hera Liereyy Hearttt,esports-news,2026-01-19T15:42:53+00:00
https://www.shanethegamer.com/esports-news/lord-of-mysteries-mmorpg-first-gameplay-tingen-city/,Lord Of Mysteries Mmorpg First Gameplay Tingen City,esports-news,2026-01-19T13:51:07+00:00
https://www.shanethegamer.com/esports-news/gta-6-russia-ban-censorship/,Gta 6 Russia Ban Censorship,esports-news,2026-01-19T13:00:44+00:00
https://www.shanethegamer.com/esports-news/playstation-plus-january-2026-games/,Playstation Plus January 2026 Games,esports-news,2026-01-19T11:47:36+00:00
https://www.shanethegamer.com/esports-news/zywoo-100-aces-cs2-history/,Zywoo 100 Aces Cs2 History,esports-news,2026-01-19T11:30:25+00:00
https://www.shanethegamer.com/esports-news/cs2-major-buenos-aires-2027/,Cs2 Major Buenos Aires 2027,esports-news,2026-01-19T11:17:14+00:00
https://www.shanethegamer.com/esports-news/blast-bounty-season-1-finals-teams/,Blast Bounty Season 1 Finals Teams,esports-news,2026-01-19T11:09:12+00:00
https://www.shanethegamer.com/esports-news/falcons-kyousuke-misses-blast-bounty-malta/,Falcons Kyousuke Misses Blast Bounty Malta,esports-news,2026-01-19T09:57:29+00:00
https://www.shanethegamer.com/esports-news/mtg-fallout-secret-lair-rad-superdrop-2026/,Mtg Fallout Secret Lair Rad Superdrop 2026,esports-news,2026-01-19T09:22:42+00:00
https://www.shanethegamer.com/esports-news/arknights-endfield-ps5-january-22/,Arknights Endfield Ps5 January 22,esports-news,2026-01-19T09:22:16+00:00
https://www.shanethegamer.com/esports-news/esl-pro-league-season-23-team-invites/,Esl Pro League Season 23 Team Invites,esports-news,2026-01-16T09:27:44+00:00
https://www.shanethegamer.com/esports-news/most-successful-esports-teams-ranked/,Most Successful Esports Teams Ranked,esports-news,2026-01-16T08:29:43+00:00
https://www.shanethegamer.com/esports-news/global-social-media-bans-children-age-verification/,Global Social Media Bans Children Age Verification,esports-news,2026-01-16T08:26:19+00:00
https://www.shanethegamer.com/esports-news/cs2-anubis-replaces-train-season-4/,Cs2 Anubis Replaces Train Season 4,esports-news,2026-01-16T07:59:56+00:00
https://www.shanethegamer.com/esports-news/iem-rio-2026-invited-teams/,Iem Rio 2026 Invited Teams,esports-news,2026-01-16T06:45:33+00:00
https://www.shanethegamer.com/esports-news/most-popular-video-game-characters-2026/,Most Popular Video Game Characters 2026,esports-news,2026-01-16T06:31:54+00:00
https://www.shanethegamer.com/esports-news/fire-emblem-path-of-radiance-switch-online-switch-2/,Fire Emblem Path Of Radiance Switch Online Switch 2,esports-news,2026-01-11T09:23:24+00:00
https://www.shanethegamer.com/esports-news/crimson-desert-open-world-bigger-than-skyrim-rdr2/,Crimson Desert Open World Bigger Than Skyrim Rdr2,esports-news,2026-01-11T06:42:49+00:00
https://www.shanethegamer.com/esports-news/minecraft-realms-down-bedrock-outage-january-2026/,Minecraft Realms Down Bedrock Outage January 2026,esports-news,2026-01-11T05:15:38+00:00
https://www.shanethegamer.com/esports-news/how-to-get-67-wizard-emote-clash-royale-2026/,How To Get 67 Wizard Emote Clash Royale 2026,esports-news,2026-01-09T04:12:39+00:00
https://www.shanethegamer.com/esports-news/league-of-legends-season-1-2026-for-demacia/,League Of Legends Season 1 2026 For Demacia,esports-news,2026-01-09T03:39:10+00:00
https://www.shanethegamer.com/esports-news/league-of-legends-2026-for-demacia-cinematic-salvation/,League Of Legends 2026 For Demacia Cinematic Salvation,esports-news,2026-01-09T03:07:12+00:00
https://www.shanethegamer.com/esports-news/how-to-get-stolen-heart-the-forge/,How To Get Stolen Heart The Forge,esports-news,2026-01-09T02:55:43+00:00
https://www.shanethegamer.com/esports-news/honor-of-kings-womens-series-2026/,Honor Of Kings Womens Series 2026,esports-news,2026-01-03T04:10:45+00:00
https://www.shanethegamer.com/esports-news/genshin-impact-6-3-codes-january-2026/,Genshin Impact 6 3 Codes January 2026,esports-news,2026-01-03T04:06:06+00:00
https://www.shanethegamer.com/esports-news/playstation-plus-january-2026-free-games/,Playstation Plus January 2026 Free Games,esports-news,2026-01-03T03:40:11+00:00
https://www.shanethegamer.com/esports-news/xbox-game-pass-games-leaving-january-2026/,Xbox Game Pass Games Leaving January 2026,esports-news,2026-01-03T03:32:52+00:00
https://www.shanethegamer.com/esports-news/the-mongolz-cobrazera-replace-senzu/,The Mongolz Cobrazera Replace Senzu,esports-news,2026-01-03T03:03:54+00:00
https://www.shanethegamer.com/esports-news/500-esports-withdraws-from-counter-strike/,500 Esports Withdraws From Counter Strike,esports-news,2026-01-03T02:54:43+00:00
https://www.shanethegamer.com/esports-news/wildcard-cs2-roster-2026/,Wildcard Cs2 Roster 2026,esports-news,2026-01-03T02:48:17+00:00
https://www.shanethegamer.com/esports-news/m80-signs-hikari-2xko-player/,M80 Signs Hikari 2Xko Player,esports-news,2026-01-03T02:40:00+00:00
https://www.shanethegamer.com/esports-news/marvel-rivals-ignite-team-partners-program/,Marvel Rivals Ignite Team Partners Program,esports-news,2026-01-03T02:09:39+00:00
https://www.shanethegamer.com/esports-news/sony-removes-shadow-tactics-playstation-glitch/,Sony Removes Shadow Tactics Playstation Glitch,esports-news,2025-12-31T15:30:23+00:00
https://www.shanethegamer.com/esports-news/magnus-carlsen-20th-world-title-blitz-2025/,Magnus Carlsen 20Th World Title Blitz 2025,esports-news,2025-12-31T15:18:30+00:00
https://www.shanethegamer.com/esports-news/honor-of-kings-esports-2026-global-league-roster-rules/,Honor Of Kings Esports 2026 Global League Roster Rules,esports-news,2025-12-31T14:56:10+00:00
https://www.shanethegamer.com/esports-news/unicorns-of-love-crowdfunding-11-percent/,Unicorns Of Love Crowdfunding 11 Percent,esports-news,2025-12-31T14:40:12+00:00
https://www.shanethegamer.com/esports-news/esl-boosts-iem-china-2026-prize-pool-to-1-25-million-with-club-reward-adjustment/,Esl Boosts Iem China 2026 Prize Pool To 1 25 Million With Club Reward Adjustment,esports-news,2025-12-31T14:35:17+00:00
https://www.shanethegamer.com/esports-news/betboom-team-new-ceo-artem-pioneer-saveliev/,Betboom Team New Ceo Artem Pioneer Saveliev,esports-news,2025-12-31T12:33:51+00:00
https://www.shanethegamer.com/esports-news/zweih-joins-parivision-aw-departs-cs2/,Zweih Joins Parivision Aw Departs Cs2,esports-news,2025-12-30T15:06:20+00:00
https://www.shanethegamer.com/esports-news/ps6-release-date-delay-ram-shortage/,Ps6 Release Date Delay Ram Shortage,esports-news,2025-12-30T14:50:52+00:00
https://www.shanethegamer.com/esports-news/karsa-retirement-league-of-legends/,Karsa Retirement League Of Legends,esports-news,2025-12-30T14:34:59+00:00
https://www.shanethegamer.com/esports-news/frag-20-las-vegas-cs2-lan/,Frag 20 Las Vegas Cs2 Lan,esports-news,2025-12-30T14:07:52+00:00
https://www.shanethegamer.com/esports-news/faze-clan-esports-focus-2026/,Faze Clan Esports Focus 2026,esports-news,2025-12-30T13:01:46+00:00
https://www.shanethegamer.com/esports-news/bc-game-faze-clan-10-million-transfer/,Bc Game Faze Clan 10 Million Transfer,esports-news,2025-12-29T13:47:26+00:00
https://www.shanethegamer.com/esports-news/astralis-dev1ce-magisk-roster-changes-cs2/,Astralis Dev1Ce Magisk Roster Changes Cs2,esports-news,2025-12-29T13:39:15+00:00
https://www.shanethegamer.com/esports-news/aurora-bench-jottaaa-sign-soulfly-cs2/,Aurora Bench Jottaaa Sign Soulfly Cs2,esports-news,2025-12-29T13:23:53+00:00
https://www.shanethegamer.com/esports-news/rainbow-six-siege-hacked-global-server-outage/,Rainbow Six Siege Hacked Global Server Outage,esports-news,2025-12-27T15:07:39+00:00
https://www.shanethegamer.com/esports-news/zweih-parivision-roster-rumour-cs2/,Zweih Parivision Roster Rumour Cs2,esports-news,2025-12-27T14:45:27+00:00
https://www.shanethegamer.com/esports-news/clash-royale-redeem-codes-december-2025/,Clash Royale Redeem Codes December 2025,esports-news,2025-12-27T14:44:34+00:00
https://www.shanethegamer.com/esports-news/gta-6-price-not-100/,Gta 6 Price Not 100,esports-news,2025-12-27T14:10:11+00:00
https://www.shanethegamer.com/esports-news/the-forge-codes-december-2025/,The Forge Codes December 2025,esports-news,2025-12-27T14:07:57+00:00
https://www.shanethegamer.com/esports-news/stardew-valley-switch-2-edition-free-upgrade/,Stardew Valley Switch 2 Edition Free Upgrade,esports-news,2025-12-27T13:37:57+00:00
https://www.shanethegamer.com/esports-news/themongolz-controlez-departure/,Themongolz Controlez Departure,esports-news,2025-12-27T13:13:50+00:00
https://www.shanethegamer.com/esports-news/ea-shutting-down-games-january-2026/,Ea Shutting Down Games January 2026,esports-news,2025-12-27T10:55:44+00:00
https://www.shanethegamer.com/esports-news/faze-clan-members-leaving-adapt-banks-drama/,Faze Clan Members Leaving Adapt Banks Drama,esports-news,2025-12-26T12:27:33+00:00
https://www.shanethegamer.com/esports-news/team-tidebound-exits-dota-2-competitive-scene/,Team Tidebound Exits Dota 2 Competitive Scene,esports-news,2025-12-26T12:15:50+00:00
https://www.shanethegamer.com/esports-news/oner-contract-extension-t1-2028/,Oner Contract Extension T1 2028,esports-news,2025-12-26T12:11:37+00:00
https://www.shanethegamer.com/esports-news/faker-mcdonalds-korea-lucky-burger-charity/,Faker Mcdonalds Korea Lucky Burger Charity,esports-news,2025-12-26T12:06:55+00:00
https://www.shanethegamer.com/esports-news/todak-gaming-closes-esports-division/,Todak Gaming Closes Esports Division,esports-news,2025-12-26T12:00:22+00:00
https://www.shanethegamer.com/esports-news/falcons-deny-jimpphat-aleksib-rumours/,Falcons Deny Jimpphat Aleksib Rumours,esports-news,2025-12-26T11:49:28+00:00
https://www.shanethegamer.com/esports-news/jb-pro-league-female-2026-cs2/,Jb Pro League Female 2026 Cs2,esports-news,2025-12-26T11:44:00+00:00
https://www.shanethegamer.com/esports-news/onic-win-mlbb-games-of-the-future-2025/,Onic Win Mlbb Games Of The Future 2025,esports-news,2025-12-24T12:07:25+00:00
https://www.shanethegamer.com/esports-news/anime-final-quest-codes-december-2025/,Anime Final Quest Codes December 2025,esports-news,2025-12-24T12:07:03+00:00
https://www.shanethegamer.com/esports-news/cyberpunk-2077-switch-2-discount-error-honoured/,Cyberpunk 2077 Switch 2 Discount Error Honoured,esports-news,2025-12-24T11:48:44+00:00
https://www.shanethegamer.com/esports-news/vince-zampella-death-call-of-duty/,Vince Zampella Death Call Of Duty,esports-news,2025-12-24T09:55:18+00:00
https://www.shanethegamer.com/esports-news/paper-rex-back-to-back-radiant-international-invitational-2025/,Paper Rex Back To Back Radiant International Invitational 2025,esports-news,2025-12-23T01:51:12+00:00
https://www.shanethegamer.com/esports-news/mouz-exits-valorant-vct-structure/,Mouz Exits Valorant Vct Structure,esports-news,2025-12-23T01:37:49+00:00
https://www.shanethegamer.com/esports-news/hearthstone-esports-2026-roadmap/,Hearthstone Esports 2026 Roadmap,esports-news,2025-12-23T01:33:19+00:00
https://www.shanethegamer.com/esports-news/g2-esports-disbands-g2-hel-womens-lol/,G2 Esports Disbands G2 Hel Womens Lol,esports-news,2025-12-23T01:26:20+00:00
https://www.shanethegamer.com/esports-news/100-thieves-gla1ve-head-coach-cs2/,100 Thieves Gla1Ve Head Coach Cs2,esports-news,2025-12-23T01:21:14+00:00
https://www.shanethegamer.com/esports-news/pgl-masters-bucharest-2026-cs2/,Pgl Masters Bucharest 2026 Cs2,esports-news,2025-12-23T01:13:19+00:00
https://www.shanethegamer.com/esports-news/most-watched-esports-teams-2025/,Most Watched Esports Teams 2025,esports-news,2025-12-23T01:07:34+00:00
https://www.shanethegamer.com/esports-news/team-spirit-cs2-roster-changes-budapest-major/,Team Spirit Cs2 Roster Changes Budapest Major,esports-news,2025-12-23T01:00:24+00:00
https://www.shanethegamer.com/esports-news/jujutsu-zero-codes-december-2025/,Jujutsu Zero Codes December 2025,esports-news,2025-12-22T22:57:48+00:00
https://www.shanethegamer.com/esports-news/ipad-childhood-hidden-risks-children/,Ipad Childhood Hidden Risks Children,esports-news,2025-12-22T22:13:50+00:00
https://www.shanethegamer.com/esports-news/jynxzi-juicy-drop-clash-royale-2v2-winners/,Jynxzi Juicy Drop Clash Royale 2V2 Winners,esports-news,2025-12-22T21:49:11+00:00
https://www.shanethegamer.com/esports-news/most-watched-twitch-streamers-2025/,Most Watched Twitch Streamers 2025,esports-news,2025-12-22T20:55:51+00:00
https://www.shanethegamer.com/esports-news/here-to-slay-banner-quest-expansion/,Here To Slay Banner Quest Expansion,esports-news,2025-12-21T18:50:36+00:00
https://www.shanethegamer.com/esports-news/jynxzi-clash-royale-2v2-tournament/,Jynxzi Clash Royale 2V2 Tournament,esports-news,2025-12-21T14:32:13+00:00
https://www.shanethegamer.com/esports-news/clair-obscur-expedition-33-disqualified-gen-ai/,Clair Obscur Expedition 33 Disqualified Gen Ai,esports-news,2025-12-21T13:59:51+00:00
https://www.shanethegamer.com/esports-news/real-racing-3-shutdown-2026/,Real Racing 3 Shutdown 2026,esports-news,2025-12-21T13:48:44+00:00
https://www.shanethegamer.com/esports-news/fortnite-ios-app-store-japan-altstore-pal-ban/,Fortnite Ios App Store Japan Altstore Pal Ban,esports-news,2025-12-18T10:45:17+00:00
https://www.shanethegamer.com/esports-news/fortnite-esports-world-cup-2026-reload-elite-series/,Fortnite Esports World Cup 2026 Reload Elite Series,esports-news,2025-12-18T10:08:08+00:00
https://www.shanethegamer.com/esports-news/degster-free-agent-cs2-2026/,Degster Free Agent Cs2 2026,esports-news,2025-12-18T09:54:47+00:00
https://www.shanethegamer.com/esports-news/supervive-shutdown-february-2026/,Supervive Shutdown February 2026,esports-news,2025-12-18T09:46:16+00:00
https://www.shanethegamer.com/esports-news/rrq-returns-apex-legends-algs-year-5-roster/,Rrq Returns Apex Legends Algs Year 5 Roster,esports-news,2025-12-18T09:28:55+00:00
https://www.shanethegamer.com/esports-news/twitch-lead-moderator-role-introduced/,Twitch Lead Moderator Role Introduced,esports-news,2025-12-18T09:17:45+00:00
https://www.shanethegamer.com/esports-news/fnatic-signs-vladi-lec-2026-roster/,Fnatic Signs Vladi Lec 2026 Roster,esports-news,2025-12-18T09:08:45+00:00
https://www.shanethegamer.com/esports-news/blast-bounty-season-1-2026-teams-revealed/,Blast Bounty Season 1 2026 Teams Revealed,esports-news,2025-12-18T08:41:58+00:00
https://www.shanethegamer.com/esports-news/esports-prize-money-2025-cs-dominates/,Esports Prize Money 2025 Cs Dominates,esports-news,2025-12-18T08:26:48+00:00
https://www.shanethegamer.com/esports-news/pokemon-go-kyurem-fusion-raid-day-january-2026/,Pokemon Go Kyurem Fusion Raid Day January 2026,esports-news,2025-12-18T08:12:20+00:00
https://www.shanethegamer.com/esports-news/kick-ceo-confirms-ads-coming/,Kick Ceo Confirms Ads Coming,esports-news,2025-12-18T06:37:57+00:00
https://www.shanethegamer.com/esports-news/steam-winter-sale-2025-start-time-discounts/,Steam Winter Sale 2025 Start Time Discounts,esports-news,2025-12-18T06:29:57+00:00
https://www.shanethegamer.com/esports-news/elder-scrolls-6-development-update-todd-howard/,Elder Scrolls 6 Development Update Todd Howard,esports-news,2025-12-18T06:23:34+00:00
https://www.shanethegamer.com/esports-news/lec-versus-2026-format-teams-tickets/,Lec Versus 2026 Format Teams Tickets,esports-news,2025-12-17T10:10:49+00:00
https://www.shanethegamer.com/esports-news/thailand-aov-team-disqualified-sea-games/,Thailand Aov Team Disqualified Sea Games,esports-news,2025-12-16T19:28:14+00:00
https://www.shanethegamer.com/esports-news/ctbc-flying-oyster-signs-shad0w-2026-lcp/,Ctbc Flying Oyster Signs Shad0W 2026 Lcp,esports-news,2025-12-16T17:17:05+00:00
https://www.shanethegamer.com/esports-news/aurora-gaming-apex-legends-return-navi-roster/,Aurora Gaming Apex Legends Return Navi Roster,esports-news,2025-12-16T16:51:53+00:00
https://www.shanethegamer.com/esports-news/pgl-secretlab-partnership-2026/,Pgl Secretlab Partnership 2026,esports-news,2025-12-16T16:44:17+00:00
https://www.shanethegamer.com/esports-news/larian-divinity-biggest-game-ever/,Larian Divinity Biggest Game Ever,esports-news,2025-12-16T16:29:28+00:00
https://www.shanethegamer.com/esports-news/universal-tower-defense-codes-december-2025/,Universal Tower Defense Codes December 2025,esports-news,2025-12-16T16:18:02+00:00
https://www.shanethegamer.com/esports-news/arc-raiders-cold-snap-update-1-7-0/,Arc Raiders Cold Snap Update 1 7 0,esports-news,2025-12-16T15:02:27+00:00
https://www.shanethegamer.com/esports-news/hollow-knight-silksong-sea-of-sorrow-expansion-2026/,Hollow Knight Silksong Sea Of Sorrow Expansion 2026,esports-news,2025-12-16T14:53:18+00:00
https://www.shanethegamer.com/esports-news/dota-2-patch-7-40-largo-new-hero-update/,Dota 2 Patch 7 40 Largo New Hero Update,esports-news,2025-12-16T14:33:10+00:00
https://www.shanethegamer.com/esports-news/street-fighter-live-action-movie-teaser-2026/,Street Fighter Live Action Movie Teaser 2026,esports-news,2025-12-14T13:25:44+00:00
https://www.shanethegamer.com/esports-news/hogwarts-legacy-free-epic-games-store-how-to-claim/,Hogwarts Legacy Free Epic Games Store How To Claim,esports-news,2025-12-14T13:04:25+00:00
https://www.shanethegamer.com/esports-news/fc-26-pros-pay-to-win-early/,Fc 26 Pros Pay To Win Early,esports-news,2025-12-14T12:24:43+00:00
https://www.shanethegamer.com/esports-news/canada-battle-of-bc-8-open-registration-2026/,Canada Battle Of Bc 8 Open Registration 2026,esports-news,2025-12-14T12:02:36+00:00
https://www.shanethegamer.com/esports-news/2026-erl-season-dates-rule-changes/,2026 Erl Season Dates Rule Changes,esports-news,2025-12-14T11:52:06+00:00
https://www.shanethegamer.com/esports-news/gaming-fanbases-swear-the-most-study/,Gaming Fanbases Swear The Most Study,esports-news,2025-12-14T11:08:20+00:00
https://www.shanethegamer.com/esports-news/kim-kardashian-fortnite-skins-release-date-prices/,Kim Kardashian Fortnite Skins Release Date Prices,esports-news,2025-12-11T09:29:13+00:00
https://www.shanethegamer.com/esports-news/playstation-2025-wrap-up-recap/,Playstation 2025 Wrap Up Recap,esports-news,2025-12-11T08:24:41+00:00
https://www.shanethegamer.com/esports-news/couragejd-icon-series-fortnite-tournament-icon-cup/,Couragejd Icon Series Fortnite Tournament Icon Cup,esports-news,2025-12-09T23:51:52+00:00
https://www.shanethegamer.com/esports-news/fatal-fury-city-of-the-wolves-season-2-january-2026/,Fatal Fury City Of The Wolves Season 2 January 2026,esports-news,2025-12-09T23:40:00+00:00
https://www.shanethegamer.com/esports-news/project-blender-lan-finals-cancelled/,Project Blender Lan Finals Cancelled,esports-news,2025-12-09T11:16:00+00:00
https://www.shanethegamer.com/esports-news/boom-esports-exits-dota-2-division/,Boom Esports Exits Dota 2 Division,esports-news,2025-12-09T11:03:19+00:00
https://www.shanethegamer.com/esports-news/petra-stoker-valorant-retirement-g2-gozen/,Petra Stoker Valorant Retirement G2 Gozen,esports-news,2025-12-09T10:57:26+00:00
https://www.shanethegamer.com/esports-news/esl-annual-club-incentive-2025-final-standings/,Esl Annual Club Incentive 2025 Final Standings,esports-news,2025-12-09T10:26:34+00:00
https://www.shanethegamer.com/esports-news/team-fortress-2-classified-mod-delay-name-change/,Team Fortress 2 Classified Mod Delay Name Change,esports-news,2025-12-09T10:13:36+00:00
https://www.shanethegamer.com/esports-news/skate-story-review-hell-skateboarding-game/,Skate Story Review Hell Skateboarding Game,esports-news,2025-12-09T09:59:24+00:00
https://www.shanethegamer.com/esports-news/pokemon-go-remote-trading-update/,Pokemon Go Remote Trading Update,esports-news,2025-12-09T09:24:30+00:00
https://www.shanethegamer.com/esports-news/full-sense-vct-pacific-2026-roster-talons-replacement/,Full Sense Vct Pacific 2026 Roster Talons Replacement,esports-news,2025-12-08T12:24:27+00:00
https://www.shanethegamer.com/esports-news/pgl-singapore-major-2026-announced/,Pgl Singapore Major 2026 Announced,esports-news,2025-12-08T12:18:36+00:00
https://www.shanethegamer.com/esports-news/starladder-budapest-major-2025-playoffs-cet/,Starladder Budapest Major 2025 Playoffs Cet,esports-news,2025-12-08T12:11:43+00:00
https://www.shanethegamer.com/esports-news/escape-from-tarkov-pay2win-code-joke/,Escape From Tarkov Pay2Win Code Joke,esports-news,2025-12-08T10:29:44+00:00
https://www.shanethegamer.com/esports-news/valorant-mobile-global-release-date/,Valorant Mobile Global Release Date,esports-news,2025-12-04T14:30:26+00:00
https://www.shanethegamer.com/esports-news/marvel-rivals-2026-caster-program/,Marvel Rivals 2026 Caster Program,esports-news,2025-12-04T14:02:22+00:00
https://www.shanethegamer.com/esports-news/geoguessr-2026-roadmap/,Geoguessr 2026 Roadmap,esports-news,2025-12-04T13:51:28+00:00
https://www.shanethegamer.com/esports-news/navi-valorant-vct-2026-roster-reveal/,Navi Valorant Vct 2026 Roster Reveal,esports-news,2025-12-04T13:43:10+00:00
https://www.shanethegamer.com/esports-news/ulf-esports-salary-allegations/,Ulf Esports Salary Allegations,esports-news,2025-12-04T13:29:39+00:00
https://www.shanethegamer.com/esports-news/furia-vct-2026-roster-reveal/,Furia Vct 2026 Roster Reveal,esports-news,2025-12-04T13:23:01+00:00
https://www.shanethegamer.com/esports-news/fortnite-mobile-series-2025/,Fortnite Mobile Series 2025,esports-news,2025-12-04T13:12:38+00:00
https://www.shanethegamer.com/esports-news/gla1ve-joins-100-thieves-head-coach-counter-strike-return/,Gla1Ve Joins 100 Thieves Head Coach Counter Strike Return,esports-news,2025-12-04T13:05:33+00:00
https://www.shanethegamer.com/esports-news/vct-2026-season-start-everything-you-need-to-know/,Vct 2026 Season Start Everything You Need To Know,esports-news,2025-12-03T12:55:41+00:00
https://www.shanethegamer.com/esports-news/lol-lck-lcp-coach-comms-2026/,Lol Lck Lcp Coach Comms 2026,esports-news,2025-12-03T12:43:57+00:00
https://www.shanethegamer.com/esports-news/six-invitational-2026-last-chance-qualifiers-open/,Six Invitational 2026 Last Chance Qualifiers Open,esports-news,2025-12-03T12:30:33+00:00
https://www.shanethegamer.com/esports-news/g2-esports-xborg-fan-app-launch/,G2 Esports Xborg Fan App Launch,esports-news,2025-12-03T12:25:10+00:00
https://www.shanethegamer.com/esports-news/budapest-major-2025-stage-3-matchups/,Budapest Major 2025 Stage 3 Matchups,esports-news,2025-12-03T12:10:15+00:00
https://www.shanethegamer.com/esports-news/metroid-prime-4-beyond-review/,Metroid Prime 4 Beyond Review,esports-news,2025-12-03T12:05:00+00:00
https://www.shanethegamer.com/esports-news/how-to-get-2025-twitch-recap/,How To Get 2025 Twitch Recap,esports-news,2025-12-03T11:59:50+00:00
https://www.shanethegamer.com/esports-news/how-to-get-mewtwo-pokemon-legends-za/,How To Get Mewtwo Pokemon Legends Za,esports-news,2025-12-03T10:17:00+00:00
https://www.shanethegamer.com/esports-news/mega-lucario-z-pokemon-legends-za/,Mega Lucario Z Pokemon Legends Za,esports-news,2025-12-03T10:11:59+00:00
https://www.shanethegamer.com/esports-news/red-dead-redemption-mobile-release-ps5-xbox-switch-2/,Red Dead Redemption Mobile Release Ps5 Xbox Switch 2,esports-news,2025-12-03T09:50:58+00:00
https://www.shanethegamer.com/esports-news/the-forge-codes-november-2025/,The Forge Codes November 2025,esports-news,2025-12-03T08:51:48+00:00
https://www.shanethegamer.com/esports-news/where-winds-meet-mobile-release-date/,Where Winds Meet Mobile Release Date,esports-news,2025-12-02T08:32:49+00:00
https://www.shanethegamer.com/esports-news/ntmr-the-finals-grand-major-champions-2025/,Ntmr The Finals Grand Major Champions 2025,esports-news,2025-12-02T08:02:32+00:00
https://www.shanethegamer.com/esports-news/honor-of-kings-international-championship-2025-viewership-record/,Honor Of Kings International Championship 2025 Viewership Record,esports-news,2025-12-02T07:47:01+00:00
https://www.shanethegamer.com/esports-news/brawl-stars-world-finals-2025-viewership-drop/,Brawl Stars World Finals 2025 Viewership Drop,esports-news,2025-12-02T05:55:56+00:00
https://www.shanethegamer.com/esports-news/league-of-legends-wasd-controls-patch-25-24/,League Of Legends Wasd Controls Patch 25 24,esports-news,2025-12-02T05:43:14+00:00
https://www.shanethegamer.com/esports-news/league-of-legends-ranked-2026-changes/,League Of Legends Ranked 2026 Changes,esports-news,2025-12-02T05:36:56+00:00
https://www.shanethegamer.com/esports-news/valorant-masters-santiago-tickets-2026/,Valorant Masters Santiago Tickets 2026,esports-news,2025-12-02T05:30:16+00:00
https://www.shanethegamer.com/esports-news/where-winds-meet-ai-npc-exploit/,Where Winds Meet Ai Npc Exploit,esports-news,2025-12-02T05:22:46+00:00
https://www.shanethegamer.com/esports-news/astralis-players-unpaid-salaries-budapest-major/,Astralis Players Unpaid Salaries Budapest Major,esports-news,2025-12-02T05:08:12+00:00
https://www.shanethegamer.com/esports-news/big-equipa-esl-impact-stockholm-final-winners/,Big Equipa Esl Impact Stockholm Final Winners,esports-news,2025-12-02T03:00:59+00:00
https://www.shanethegamer.com/esports-news/amkal-bench-cs2-roster/,Amkal Bench Cs2 Roster,esports-news,2025-12-02T02:31:37+00:00
https://www.shanethegamer.com/esports-news/marvel-cosmic-invasion-launch/,Marvel Cosmic Invasion Launch,esports-news,2025-12-02T02:21:22+00:00
https://www.shanethegamer.com/esports-news/xun-viper-join-bilibili-gaming-2026/,Xun Viper Join Bilibili Gaming 2026,esports-news,2025-12-01T19:02:44+00:00
https://www.shanethegamer.com/esports-news/gta-6-new-leak-animations-bike-rentals-pickup-trucks/,Gta 6 New Leak Animations Bike Rentals Pickup Trucks,esports-news,2025-12-01T15:35:25+00:00
https://www.shanethegamer.com/esports-news/harry-potter-fortnite-winterfest-collaboration/,Harry Potter Fortnite Winterfest Collaboration,esports-news,2025-11-30T13:56:37+00:00
https://www.shanethegamer.com/esports-news/arcane-jinx-vi-return-fortnite-1393-days/,Arcane Jinx Vi Return Fortnite 1393 Days,esports-news,2025-11-30T13:43:54+00:00
https://www.shanethegamer.com/esports-news/pewdiepie-steps-back-from-gaming/,Pewdiepie Steps Back From Gaming,esports-news,2025-11-30T13:32:53+00:00
https://www.shanethegamer.com/esports-news/como-gaming-club-como-1907-anders-vejrgang-launch/,Como Gaming Club Como 1907 Anders Vejrgang Launch,esports-news,2025-11-30T13:27:30+00:00
https://www.shanethegamer.com/esports-news/t1-signs-munchkin-valorant-2026-roster-dh-academy/,T1 Signs Munchkin Valorant 2026 Roster Dh Academy,esports-news,2025-11-30T13:13:39+00:00
https://www.shanethegamer.com/esports-news/clash-royale-black-friday-free-evolution-hunter/,Clash Royale Black Friday Free Evolution Hunter,esports-news,2025-11-29T10:39:23+00:00
https://www.shanethegamer.com/esports-news/budapest-major-stage-2-opening-matches/,Budapest Major Stage 2 Opening Matches,esports-news,2025-11-28T01:23:43+00:00
https://www.shanethegamer.com/esports-news/skinbid-shutdown-ohnepixel-zipel-bankruptcy/,Skinbid Shutdown Ohnepixel Zipel Bankruptcy,esports-news,2025-11-28T01:15:50+00:00
https://www.shanethegamer.com/esports-news/nintendo-acquires-bandai-namco-studios-singapore/,Nintendo Acquires Bandai Namco Studios Singapore,esports-news,2025-11-28T00:15:13+00:00
https://www.shanethegamer.com/esports-news/clash-royale-codes-free-seasonal-chests-emotes-banners-frames/,Clash Royale Codes Free Seasonal Chests Emotes Banners Frames,esports-news,2025-11-27T15:01:56+00:00
https://www.shanethegamer.com/esports-news/splitgate-2-december-relaunch/,Splitgate 2 December Relaunch,esports-news,2025-11-27T14:40:07+00:00
https://www.shanethegamer.com/esports-news/pulsar-bruce-lee-anniversary-collection/,Pulsar Bruce Lee Anniversary Collection,esports-news,2025-11-27T14:15:11+00:00
https://www.shanethegamer.com/esports-news/tarantino-yukis-revenge-fortnite-premiere/,Tarantino Yukis Revenge Fortnite Premiere,esports-news,2025-11-27T13:46:06+00:00
https://www.shanethegamer.com/esports-news/iisu-android-emulation-frontend/,Iisu Android Emulation Frontend,esports-news,2025-11-27T13:28:57+00:00
https://www.shanethegamer.com/esports-news/twitch-1000-gifted-subs-update/,Twitch 1000 Gifted Subs Update,esports-news,2025-11-27T12:53:56+00:00
https://www.shanethegamer.com/esports-news/elon-musk-grok-5-league-of-legends-ai-challenge/,Elon Musk Grok 5 League Of Legends Ai Challenge,esports-news,2025-11-26T13:24:23+00:00
https://www.shanethegamer.com/esports-news/gta-6-rockstar-fires-workers-discord-union-busting/,Gta 6 Rockstar Fires Workers Discord Union Busting,esports-news,2025-11-26T13:08:54+00:00
https://www.shanethegamer.com/esports-news/ecc-may-madness-2026-waco-texas/,Ecc May Madness 2026 Waco Texas,esports-news,2025-11-26T12:49:38+00:00
https://www.shanethegamer.com/esports-news/cdl-black-ops-7-maps-modes-2026/,Cdl Black Ops 7 Maps Modes 2026,esports-news,2025-11-26T12:45:33+00:00
https://www.shanethegamer.com/esports-news/esports-nations-cup-publisher-partners-2026/,Esports Nations Cup Publisher Partners 2026,esports-news,2025-11-26T12:31:59+00:00
https://www.shanethegamer.com/esports-news/insomnia-i74-epiclan-partnership/,Insomnia I74 Epiclan Partnership,esports-news,2025-11-26T12:11:35+00:00
https://www.shanethegamer.com/esports-news/envy-marvel-rivals-pause/,Envy Marvel Rivals Pause,esports-news,2025-11-26T12:05:39+00:00
https://www.shanethegamer.com/esports-news/skate-story-ps-plus-day-one-launch/,Skate Story Ps Plus Day One Launch,esports-news,2025-11-26T10:47:18+00:00
https://www.shanethegamer.com/esports-news/far-cry-fx-tv-series-noah-hawley-rob-mac/,Far Cry Fx Tv Series Noah Hawley Rob Mac,esports-news,2025-11-26T10:19:30+00:00
https://www.shanethegamer.com/esports-news/lisa-fortnite-festival-season-12/,Lisa Fortnite Festival Season 12,esports-news,2025-11-23T13:00:06+00:00
https://www.shanethegamer.com/esports-news/australia-social-media-ban-twitch/,Australia Social Media Ban Twitch,esports-news,2025-11-23T12:47:41+00:00
https://www.shanethegamer.com/esports-news/vbucks-robux-christmas-survey/,Vbucks Robux Christmas Survey,esports-news,2025-11-22T10:10:13+00:00
https://www.shanethegamer.com/esports-news/tenz-valorant-community-awards-show-2025/,Tenz Valorant Community Awards Show 2025,esports-news,2025-11-22T09:55:03+00:00
https://www.shanethegamer.com/esports-news/battlefield-redsec-elite-series-1m-esports/,Battlefield Redsec Elite Series 1M Esports,esports-news,2025-11-22T09:51:16+00:00
https://www.shanethegamer.com/esports-news/leviatan-valorant-roster-2026/,Leviatan Valorant Roster 2026,esports-news,2025-11-22T09:33:14+00:00
https://www.shanethegamer.com/esports-news/gentle-mates-valorant-roster-2026/,Gentle Mates Valorant Roster 2026,esports-news,2025-11-22T09:18:23+00:00
https://www.shanethegamer.com/esports-news/evil-geniuses-2026-valorant-roster-reveal/,Evil Geniuses 2026 Valorant Roster Reveal,esports-news,2025-11-22T09:05:30+00:00
https://www.shanethegamer.com/esports-news/esl-pro-tour-2026-qualifiers/,Esl Pro Tour 2026 Qualifiers,esports-news,2025-11-22T07:35:57+00:00
https://www.shanethegamer.com/esports-news/gamesquare-faze-esports-pass-launch/,Gamesquare Faze Esports Pass Launch,esports-news,2025-11-22T04:38:34+00:00
https://www.shanethegamer.com/esports-news/pgl-cs2-2026-calendar-updates/,Pgl Cs2 2026 Calendar Updates,esports-news,2025-11-22T04:28:09+00:00
https://www.shanethegamer.com/esports-news/wildcard-bench-entire-cs2-roster-rebuild/,Wildcard Bench Entire Cs2 Roster Rebuild,esports-news,2025-11-22T04:08:01+00:00
https://www.shanethegamer.com/esports-news/expedition-33-ultimate-game-of-the-year-golden-joysticks-2025/,Expedition 33 Ultimate Game Of The Year Golden Joysticks 2025,esports-news,2025-11-22T04:01:33+00:00
https://www.shanethegamer.com/esports-news/mihoyo-varsapura-unreal-engine-5-announcement/,Mihoyo Varsapura Unreal Engine 5 Announcement,esports-news,2025-11-22T03:49:46+00:00
https://www.shanethegamer.com/esports-news/unity-epic-games-partnership-fortnite/,Unity Epic Games Partnership Fortnite,esports-news,2025-11-19T15:29:20+00:00
https://www.shanethegamer.com/esports-news/clash-royale-anime-musketeer-emote-guide/,Clash Royale Anime Musketeer Emote Guide,esports-news,2025-11-19T15:02:50+00:00
https://www.shanethegamer.com/esports-news/fortnite-f1-collaboration-formula-1-cosmetics-november-20/,Fortnite F1 Collaboration Formula 1 Cosmetics November 20,esports-news,2025-11-19T14:10:23+00:00
https://www.shanethegamer.com/esports-news/overwatch-2-vendetta-new-hero-dps-release-date-abilities/,Overwatch 2 Vendetta New Hero Dps Release Date Abilities,esports-news,2025-11-19T13:49:10+00:00
https://www.shanethegamer.com/esports-news/guild-wars-reforged-update-release-date/,Guild Wars Reforged Update Release Date,esports-news,2025-11-19T13:27:10+00:00
https://www.shanethegamer.com/esports-news/hytale-saved-early-access-revival/,Hytale Saved Early Access Revival,esports-news,2025-11-19T13:22:58+00:00
https://www.shanethegamer.com/esports-news/roblox-age-verification-chat-safety-update/,Roblox Age Verification Chat Safety Update,esports-news,2025-11-19T13:19:58+00:00
https://www.shanethegamer.com/esports-news/playstation-black-friday-2025-sale/,Playstation Black Friday 2025 Sale,esports-news,2025-11-19T12:56:46+00:00
https://www.shanethegamer.com/esports-news/the-game-awards-2025-nominees-goty-full-list/,The Game Awards 2025 Nominees Goty Full List,esports-news,2025-11-19T11:51:47+00:00
https://www.shanethegamer.com/esports-news/legend-of-zelda-live-action-first-look/,Legend Of Zelda Live Action First Look,esports-news,2025-11-19T11:05:52+00:00
https://www.shanethegamer.com/esports-news/gumayusi-leaves-t1-2025/,Gumayusi Leaves T1 2025,esports-news,2025-11-17T14:09:17+00:00
https://www.shanethegamer.com/esports-news/gamestop-trade-anything-day-everything-to-know/,Gamestop Trade Anything Day Everything To Know,esports-news,2025-11-17T13:27:29+00:00
https://www.shanethegamer.com/esports-news/starladder-budapest-major-2025-cs2-update/,Starladder Budapest Major 2025 Cs2 Update,esports-news,2025-11-14T13:59:17+00:00
https://www.shanethegamer.com/esports-news/overwatch-2-confirms-hero-45-reveal-coming-this-week/,Overwatch 2 Confirms Hero 45 Reveal Coming This Week,esports-news,2025-11-14T13:42:32+00:00
https://www.shanethegamer.com/esports-news/karmine-corp-valorant-academy-disbanded-2026/,Karmine Corp Valorant Academy Disbanded 2026,esports-news,2025-11-14T13:33:20+00:00
https://www.shanethegamer.com/esports-news/panda-levinho-sevou-launch-gallaxia-blockchain-gaming-studio/,Panda Levinho Sevou Launch Gallaxia Blockchain Gaming Studio,esports-news,2025-11-14T11:20:41+00:00
https://www.shanethegamer.com/esports-news/kcx5-delayed-2026-karmine-corp-event-update/,Kcx5 Delayed 2026 Karmine Corp Event Update,esports-news,2025-11-14T11:13:59+00:00
https://www.shanethegamer.com/esports-news/s8ul-elite-free-fire-max-roster-announcement/,S8Ul Elite Free Fire Max Roster Announcement,esports-news,2025-11-14T11:09:52+00:00
https://www.shanethegamer.com/esports-news/call-of-duty-black-ops-7-race-to-prestige-returns/,Call Of Duty Black Ops 7 Race To Prestige Returns,esports-news,2025-11-14T10:57:46+00:00
https://www.shanethegamer.com/esports-news/courage-clash-battlefield-6-tournament/,Courage Clash Battlefield 6 Tournament,esports-news,2025-11-14T10:51:00+00:00
https://www.shanethegamer.com/esports-news/wow-awc-mdi-grand-finals-2025/,Wow Awc Mdi Grand Finals 2025,esports-news,2025-11-14T10:45:46+00:00
https://www.shanethegamer.com/esports-news/red-dead-redemption-launches-2-december-on-ps5-xbox-series-switch-2-netflix-ios-and-android-with-free-upgrades-and-major-enhancements-rdr2-switch-2-and-ps5-upgrades-also-appear-confirmed/,Red Dead Redemption Launches 2 December On Ps5 Xbox Series Switch 2 Netflix Ios And Android With Free Upgrades And Major Enhancements Rdr2 Switch 2 And Ps5 Upgrades Also Appear Confirmed,esports-news,2025-11-14T10:13:57+00:00
https://www.shanethegamer.com/esports-news/rain-signs-with-100-thieves-counter-strike-return/,Rain Signs With 100 Thieves Counter Strike Return,esports-news,2025-11-14T05:36:02+00:00
https://www.shanethegamer.com/esports-news/owcs-world-finals-2025-crowdfunding-bundle-viewership-rewards/,Owcs World Finals 2025 Crowdfunding Bundle Viewership Rewards,esports-news,2025-11-13T14:54:24+00:00
https://www.shanethegamer.com/esports-news/g2-esports-removes-jonahp-inactive-roster-valorant-2025/,G2 Esports Removes Jonahp Inactive Roster Valorant 2025,esports-news,2025-11-13T14:31:48+00:00
https://www.shanethegamer.com/esports-news/marvel-rivals-season-5-gambit-grand-garden-adventure-update/,Marvel Rivals Season 5 Gambit Grand Garden Adventure Update,esports-news,2025-11-13T14:14:05+00:00
https://www.shanethegamer.com/esports-news/horizon-steel-frontiers-mobile-mmorpg-reveal/,Horizon Steel Frontiers Mobile Mmorpg Reveal,esports-news,2025-11-13T13:52:09+00:00
https://www.shanethegamer.com/esports-news/valorant-patch-11-10-harbor-rework-update/,Valorant Patch 11 10 Harbor Rework Update,esports-news,2025-11-13T13:37:14+00:00
https://www.shanethegamer.com/esports-news/valorant-game-changers-2025-pickems/,Valorant Game Changers 2025 Pickems,esports-news,2025-11-13T13:31:20+00:00
https://www.shanethegamer.com/esports-news/comic-con-india-jaipur-2026-first-edition/,Comic Con India Jaipur 2026 First Edition,esports-news,2025-11-13T13:08:31+00:00
https://www.shanethegamer.com/esports-news/playstation-27-inch-gaming-monitor-2026/,Playstation 27 Inch Gaming Monitor 2026,esports-news,2025-11-13T12:40:38+00:00
https://www.shanethegamer.com/esports-news/gta-6-delayed-again/,Gta 6 Delayed Again,esports-news,2025-11-13T12:25:02+00:00
https://www.shanethegamer.com/esports-news/pokemon-pokopia-release-date-switch-2-preorder/,Pokemon Pokopia Release Date Switch 2 Preorder,esports-news,2025-11-13T12:20:12+00:00
https://www.shanethegamer.com/esports-news/valve-steam-machine-controller-frame-2026-announcement/,Valve Steam Machine Controller Frame 2026 Announcement,esports-news,2025-11-13T11:30:06+00:00
https://www.shanethegamer.com/esports-news/call-of-duty-black-ops-7-sbmm-options-explained/,Call Of Duty Black Ops 7 Sbmm Options Explained,esports-news,2025-11-13T11:19:57+00:00
https://www.shanethegamer.com/esports-news/super-mario-galaxy-movie-trailer-brie-larson-bowser-jr/,Super Mario Galaxy Movie Trailer Brie Larson Bowser Jr,esports-news,2025-11-13T11:09:31+00:00
https://www.shanethegamer.com/esports-news/dota-2-monster-hunter-crossover-event/,Dota 2 Monster Hunter Crossover Event,esports-news,2025-11-11T13:06:35+00:00
https://www.shanethegamer.com/esports-news/t1-worlds-2025-champion-collection-preorders/,T1 Worlds 2025 Champion Collection Preorders,esports-news,2025-11-11T12:54:38+00:00
https://www.shanethegamer.com/esports-news/navi-junior-cs2-roster-2025/,Navi Junior Cs2 Roster 2025,esports-news,2025-11-11T10:21:42+00:00
https://www.shanethegamer.com/esports-news/100-thieves-roobet-counter-strike-return/,100 Thieves Roobet Counter Strike Return,esports-news,2025-11-11T10:15:20+00:00
https://www.shanethegamer.com/esports-news/aruni-banned-blast-r6-munich-major/,Aruni Banned Blast R6 Munich Major,esports-news,2025-11-11T09:13:09+00:00
https://www.shanethegamer.com/esports-news/midea-honor-of-kings-international-championship-2025/,Midea Honor Of Kings International Championship 2025,esports-news,2025-11-11T09:03:37+00:00
https://www.shanethegamer.com/esports-news/katseye-valorant-game-changers-championship-2025-anthem/,Katseye Valorant Game Changers Championship 2025 Anthem,esports-news,2025-11-11T08:52:39+00:00
https://www.shanethegamer.com/esports-news/fnatic-vct-2026-roster-reveal-inzone-clash/,Fnatic Vct 2026 Roster Reveal Inzone Clash,esports-news,2025-11-11T08:41:56+00:00
https://www.shanethegamer.com/esports-news/og-esports-all-filipino-dota-2-roster-southeast-asia/,Og Esports All Filipino Dota 2 Roster Southeast Asia,esports-news,2025-11-11T08:29:08+00:00
https://www.shanethegamer.com/esports-news/tundra-esports-win-blast-slam-iv-dota-2-singapore/,Tundra Esports Win Blast Slam Iv Dota 2 Singapore,esports-news,2025-11-11T08:23:17+00:00
https://www.shanethegamer.com/esports-news/team-liquid-returns-apex-legends-2026-roster/,Team Liquid Returns Apex Legends 2026 Roster,esports-news,2025-11-11T03:34:59+00:00
https://www.shanethegamer.com/esports-news/fallout-4-anniversary-edition-launches-with-over-150-new-creations-and-all-dlcs/,Fallout 4 Anniversary Edition Launches With Over 150 New Creations And All Dlcs,esports-news,2025-11-10T18:45:43+00:00
https://www.shanethegamer.com/esports-news/jioblast-all-stars-vs-india-bgmi-tournament/,Jioblast All Stars Vs India Bgmi Tournament,esports-news,2025-11-10T18:33:01+00:00
https://www.shanethegamer.com/esports-news/league-of-legends-2026-fearless-draft-returns/,League Of Legends 2026 Fearless Draft Returns,esports-news,2025-11-09T20:15:32+00:00
https://www.shanethegamer.com/esports-news/team-liquid-unicef-partnership/,Team Liquid Unicef Partnership,esports-news,2025-11-09T20:02:45+00:00
https://www.shanethegamer.com/esports-news/umamusume-pretty-derby-lawsuit-settlement/,Umamusume Pretty Derby Lawsuit Settlement,esports-news,2025-11-09T15:00:20+00:00
https://www.shanethegamer.com/esports-news/honor-of-kings-world-championship-guinness-record/,Honor Of Kings World Championship Guinness Record,esports-news,2025-11-09T14:50:04+00:00
https://www.shanethegamer.com/esports-news/t1-win-worlds-2025-sixth-title/,T1 Win Worlds 2025 Sixth Title,esports-news,2025-11-09T14:39:38+00:00
https://www.shanethegamer.com/esports-news/furia-win-iem-chengdu-2025-vitality/,Furia Win Iem Chengdu 2025 Vitality,esports-news,2025-11-09T14:26:09+00:00
https://www.shanethegamer.com/esports-news/ninjas-in-pyjamas-rocket-league-2026-roster/,Ninjas In Pyjamas Rocket League 2026 Roster,esports-news,2025-11-09T14:14:47+00:00
https://www.shanethegamer.com/esports-news/furia-iem-chengdu-2025-grand-final/,Furia Iem Chengdu 2025 Grand Final,esports-news,2025-11-09T13:14:44+00:00
https://www.shanethegamer.com/esports-news/team-vitality-iem-chengdu-2025-grand-final/,Team Vitality Iem Chengdu 2025 Grand Final,esports-news,2025-11-08T11:04:52+00:00
https://www.shanethegamer.com/esports-news/singapore-esports-recognition-bill-2025/,Singapore Esports Recognition Bill 2025,esports-news,2025-11-08T10:50:49+00:00
https://www.shanethegamer.com/esports-news/league-of-legends-worlds-2026-texas-new-york/,League Of Legends Worlds 2026 Texas New York,esports-news,2025-11-08T10:37:08+00:00
https://www.shanethegamer.com/esports-news/playstation-portal-cloud-streaming-update/,Playstation Portal Cloud Streaming Update,esports-news,2025-11-08T10:26:32+00:00
https://www.shanethegamer.com/esports-news/team-spirit-dota2-academy/,Team Spirit Dota2 Academy,esports-news,2025-11-08T10:24:22+00:00
https://www.shanethegamer.com/esports-news/cloud9-loki-leaves-roster-seoul-departure/,Cloud9 Loki Leaves Roster Seoul Departure,esports-news,2025-11-05T22:49:04+00:00
https://www.shanethegamer.com/esports-news/courage-clash-battlefield-6-redsec-tournament/,Courage Clash Battlefield 6 Redsec Tournament,esports-news,2025-11-05T22:29:51+00:00
https://www.shanethegamer.com/esports-news/pubg-mobile-frosty-funland-update/,Pubg Mobile Frosty Funland Update,esports-news,2025-11-05T22:22:51+00:00
https://www.shanethegamer.com/esports-news/pubg-mobile-tournament-platform/,Pubg Mobile Tournament Platform,esports-news,2025-11-05T11:02:22+00:00
https://www.shanethegamer.com/esports-news/starladder-budapest-major-2025-best-of-five-grand-final/,Starladder Budapest Major 2025 Best Of Five Grand Final,esports-news,2025-11-05T10:37:51+00:00
https://www.shanethegamer.com/esports-news/valorant-game-changers-championship-2025-merch-collection/,Valorant Game Changers Championship 2025 Merch Collection,esports-news,2025-11-05T10:24:43+00:00
https://www.shanethegamer.com/esports-news/how-to-get-blast-r6-munich-major-twitch-drops/,How To Get Blast R6 Munich Major Twitch Drops,esports-news,2025-11-05T09:40:35+00:00
https://www.shanethegamer.com/esports-news/godsent-founder-bankruptcy-departure/,Godsent Founder Bankruptcy Departure,esports-news,2025-11-05T09:13:26+00:00
https://www.shanethegamer.com/esports-news/sentinels-marvel-rivals-exit/,Sentinels Marvel Rivals Exit,esports-news,2025-11-05T07:51:12+00:00
https://www.shanethegamer.com/esports-news/league-of-legends-carnival-chengdu-2025/,League Of Legends Carnival Chengdu 2025,esports-news,2025-11-04T11:56:29+00:00
https://www.shanethegamer.com/esports-news/leffen-wins-2xko-dreamhack-atlanta-2025/,Leffen Wins 2Xko Dreamhack Atlanta 2025,esports-news,2025-11-04T11:49:27+00:00
https://www.shanethegamer.com/esports-news/tsm-exits-valorant-2025/,Tsm Exits Valorant 2025,esports-news,2025-11-04T11:30:45+00:00
https://www.shanethegamer.com/esports-news/fia-mena-esports-championship-2025/,Fia Mena Esports Championship 2025,esports-news,2025-11-04T11:23:59+00:00
https://www.shanethegamer.com/esports-news/valorant-game-changers-championship-2025-teams-players/,Valorant Game Changers Championship 2025 Teams Players,esports-news,2025-11-04T10:49:36+00:00
https://www.shanethegamer.com/esports-news/onic-mpl-indonesia-season-16-champion/,Onic Mpl Indonesia Season 16 Champion,esports-news,2025-11-04T10:33:03+00:00
https://www.shanethegamer.com/esports-news/fnatic-fan-association-launch/,Fnatic Fan Association Launch,esports-news,2025-11-04T10:15:38+00:00
https://www.shanethegamer.com/esports-news/mohammed-light-clash-royale-league-2025/,Mohammed Light Clash Royale League 2025,esports-news,2025-11-04T09:51:47+00:00
https://www.shanethegamer.com/esports-news/m7-world-championship-2026-jakarta-tickets-format-carnival/,M7 World Championship 2026 Jakarta Tickets Format Carnival,esports-news,2025-11-03T08:25:48+00:00
https://www.shanethegamer.com/esports-news/arc-raiders-servers-down-issues/,Arc Raiders Servers Down Issues,esports-news,2025-11-03T08:17:31+00:00
https://www.shanethegamer.com/esports-news/tribe-gaming-clash-of-clans-world-championship-2025/,Tribe Gaming Clash Of Clans World Championship 2025,esports-news,2025-11-03T07:56:31+00:00
https://www.shanethegamer.com/esports-news/iem-atlanta-2026-esl-counter-strike-cs2/,Iem Atlanta 2026 Esl Counter Strike Cs2,esports-news,2025-11-03T06:55:50+00:00
https://www.shanethegamer.com/esports-news/valve-rejects-cs2-player-autographs/,Valve Rejects Cs2 Player Autographs,esports-news,2025-11-03T06:42:04+00:00
https://www.shanethegamer.com/esports-news/fortnite-simpsons-map-guide/,Fortnite Simpsons Map Guide,esports-news,2025-11-03T05:30:57+00:00
https://www.shanethegamer.com/esports-news/sentinels-2026-valorant-roster-announcement/,Sentinels 2026 Valorant Roster Announcement,esports-news,2025-11-02T14:47:56+00:00
https://www.shanethegamer.com/esports-news/zekken-leaves-sentinels/,Zekken Leaves Sentinels,esports-news,2025-11-02T14:35:03+00:00
https://www.shanethegamer.com/esports-news/rain-joins-100-thieves-counter-strike-2/,Rain Joins 100 Thieves Counter Strike 2,esports-news,2025-11-02T14:29:41+00:00
https://www.shanethegamer.com/esports-news/b8-esports-cs2-academy-lineup/,B8 Esports Cs2 Academy Lineup,esports-news,2025-11-02T13:32:09+00:00
https://www.shanethegamer.com/esports-news/99-nights-in-the-forest-codes-free-diamonds-november-2025/,99 Nights In The Forest Codes Free Diamonds November 2025,esports-news,2025-11-02T13:24:16+00:00
https://www.shanethegamer.com/esports-news/aurora-win-pgl-masters-bucharest-2025-xantares-mvp/,Aurora Win Pgl Masters Bucharest 2025 Xantares Mvp,esports-news,2025-11-02T13:08:04+00:00
https://www.shanethegamer.com/esports-news/pgl-counter-strike-2-2027-2028-events-announcement/,Pgl Counter Strike 2 2027 2028 Events Announcement,esports-news,2025-11-02T12:53:11+00:00
https://www.shanethegamer.com/esports-news/t1-top-esports-worlds-2025-semifinals/,T1 Top Esports Worlds 2025 Semifinals,esports-news,2025-11-02T12:46:46+00:00
https://www.shanethegamer.com/esports-news/kt-rolster-gen-g-worlds-2025-semifinals/,Kt Rolster Gen G Worlds 2025 Semifinals,esports-news,2025-11-01T14:14:21+00:00
https://www.shanethegamer.com/esports-news/esic-certified-talent-agents-program-launch/,Esic Certified Talent Agents Program Launch,esports-news,2025-11-01T14:01:36+00:00
https://www.shanethegamer.com/esports-news/league-of-legends-worlds-2025-opening-ceremony-anyma/,League Of Legends Worlds 2025 Opening Ceremony Anyma,esports-news,2025-11-01T13:47:08+00:00
https://www.shanethegamer.com/esports-news/razer-counter-strike-2-collection-dragon-lore/,Razer Counter Strike 2 Collection Dragon Lore,esports-news,2025-11-01T13:42:26+00:00
https://www.shanethegamer.com/esports-news/g2-esports-red-aura-webcomic-launch/,G2 Esports Red Aura Webcomic Launch,esports-news,2025-11-01T13:40:23+00:00
https://www.shanethegamer.com/esports-news/the-mongolz-controlez-budapest-major-2025/,The Mongolz Controlez Budapest Major 2025,esports-news,2025-11-01T13:14:46+00:00
https://www.shanethegamer.com/esports-news/call-of-duty-movie-taylor-sheridan-peter-berg-paramount-activision/,Call Of Duty Movie Taylor Sheridan Peter Berg Paramount Activision,esports-news,2025-11-01T12:56:31+00:00
https://www.shanethegamer.com/esports-news/t1-vs-anyones-legend-worlds-2025-viewership-record/,T1 Vs Anyones Legend Worlds 2025 Viewership Record,esports-news,2025-11-01T12:51:24+00:00
https://www.shanethegamer.com/esports-news/honor-of-kings-international-championship-2025-philippines-preview/,Honor Of Kings International Championship 2025 Philippines Preview,esports-news,2025-11-01T12:34:31+00:00
https://www.shanethegamer.com/esports-news/king-pro-league-2025-grand-final-tickets-sold-out/,King Pro League 2025 Grand Final Tickets Sold Out,esports-news,2025-11-01T12:25:06+00:00
https://www.shanethegamer.com/esports-news/pubg-mobile-usc-partnership-world-of-wonder/,Pubg Mobile Usc Partnership World Of Wonder,esports-news,2025-10-30T18:45:00+00:00
https://www.shanethegamer.com/esports-news/jetbrains-cloud9-ai-partnership/,Jetbrains Cloud9 Ai Partnership,esports-news,2025-10-30T17:44:56+00:00
https://www.shanethegamer.com/esports-news/call-of-duty-league-2026-schedule-format-twitch/,Call Of Duty League 2026 Schedule Format Twitch,esports-news,2025-10-30T17:40:21+00:00
https://www.shanethegamer.com/esports-news/youtube-gambling-violence-policy-update-2025/,Youtube Gambling Violence Policy Update 2025,esports-news,2025-10-30T15:06:49+00:00
https://www.shanethegamer.com/esports-news/ioc-cancels-12-year-olympic-esports-games-deal-saudi-arabia/,Ioc Cancels 12 Year Olympic Esports Games Deal Saudi Arabia,esports-news,2025-10-30T14:48:57+00:00
https://www.shanethegamer.com/esports-news/faceit-windows-11-requirement-2026/,Faceit Windows 11 Requirement 2026,esports-news,2025-10-30T14:41:46+00:00
https://www.shanethegamer.com/esports-news/gen-g-valorant-tryouts-2026/,Gen G Valorant Tryouts 2026,esports-news,2025-10-30T14:27:40+00:00
https://www.shanethegamer.com/esports-news/playstation-plus-november-2025-games-stray-ea-sports-wrc-24-tabs/,Playstation Plus November 2025 Games Stray Ea Sports Wrc 24 Tabs,esports-news,2025-10-30T14:05:54+00:00
https://www.shanethegamer.com/esports-news/animal-crossing-new-horizons-switch-2-update/,Animal Crossing New Horizons Switch 2 Update,esports-news,2025-10-30T13:55:53+00:00
https://www.shanethegamer.com/esports-news/nba-the-run-ps5-pc-xbox-release/,Nba The Run Ps5 Pc Xbox Release,esports-news,2025-10-30T13:49:28+00:00
https://www.shanethegamer.com/esports-news/boaster-resigns-fnatic-valorant-2026/,Boaster Resigns Fnatic Valorant 2026,esports-news,2025-10-29T11:40:03+00:00
https://www.shanethegamer.com/esports-news/league-of-legends-nova-series-prelude-french-womens-esports/,League Of Legends Nova Series Prelude French Womens Esports,esports-news,2025-10-29T07:29:25+00:00
https://www.shanethegamer.com/esports-news/blast-premier-open-2026-europe-announcement/,Blast Premier Open 2026 Europe Announcement,esports-news,2025-10-29T07:15:30+00:00
https://www.shanethegamer.com/esports-news/coldzera-leaves-oddik-brazilian-cs2/,Coldzera Leaves Oddik Brazilian Cs2,esports-news,2025-10-28T14:39:02+00:00
https://www.shanethegamer.com/esports-news/blast-rivals-hong-kong-2025-opening-matches/,Blast Rivals Hong Kong 2025 Opening Matches,esports-news,2025-10-28T13:56:47+00:00
https://www.shanethegamer.com/esports-news/dziuseppe-cct-cheating-bans-akros-anti-cheat/,Dziuseppe Cct Cheating Bans Akros Anti Cheat,esports-news,2025-10-28T13:01:12+00:00
https://www.shanethegamer.com/esports-news/mibr-acquired-by-spun-media-ezor-esports-division/,Mibr Acquired By Spun Media Ezor Esports Division,esports-news,2025-10-28T12:46:44+00:00
https://www.shanethegamer.com/esports-news/karmine-corp-kcx-5-adidas-arena-paris/,Karmine Corp Kcx 5 Adidas Arena Paris,esports-news,2025-10-28T12:31:48+00:00
https://www.shanethegamer.com/esports-news/wild-rift-exclusive-champion-2026/,Wild Rift Exclusive Champion 2026,esports-news,2025-10-28T12:26:49+00:00
https://www.shanethegamer.com/esports-news/aespa-ningning-miss-this-life-wild-rift-5th-anniversary/,Aespa Ningning Miss This Life Wild Rift 5Th Anniversary,esports-news,2025-10-28T12:25:27+00:00
https://www.shanethegamer.com/esports-news/ninjas-in-pyjamas-25th-anniversary-showmatch/,Ninjas In Pyjamas 25Th Anniversary Showmatch,esports-news,2025-10-28T12:03:40+00:00
https://www.shanethegamer.com/esports-news/gamerlegion-leonbet-partnership-esports/,Gamerlegion Leonbet Partnership Esports,esports-news,2025-10-28T11:55:24+00:00
https://www.shanethegamer.com/esports-news/spacestation-gaming-brawl-stars-partner-program/,Spacestation Gaming Brawl Stars Partner Program,esports-news,2025-10-28T11:51:56+00:00
https://www.shanethegamer.com/esports-news/toronto-koi-rebrand-call-of-duty-league-2026/,Toronto Koi Rebrand Call Of Duty League 2026,esports-news,2025-10-28T11:43:47+00:00
https://www.shanethegamer.com/esports-news/battlefield-6-redsec-battle-royale-release-time/,Battlefield 6 Redsec Battle Royale Release Time,esports-news,2025-10-28T11:35:26+00:00
https://www.shanethegamer.com/esports-news/duet-night-abyss-codes-for-october-2025-how-to-redeem-them/,Duet Night Abyss Codes For October 2025 How To Redeem Them,esports-news,2025-10-28T11:27:19+00:00
https://www.shanethegamer.com/esports-news/lec-2026-format-update/,Lec 2026 Format Update,esports-news,2025-10-27T14:03:03+00:00
https://www.shanethegamer.com/esports-news/razer-raiju-v3-pro-controller-ps5/,Razer Raiju V3 Pro Controller Ps5,esports-news,2025-10-27T13:55:17+00:00
https://www.shanethegamer.com/esports-news/dress-to-impress-codes-october-2025/,Dress To Impress Codes October 2025,esports-news,2025-10-24T12:39:56+00:00
https://www.shanethegamer.com/video-gaming/plants-vs-zombies-replanted-review/,Plants Vs Zombies Replanted Review,video-gaming,2025-10-24T12:26:42+00:00
https://www.shanethegamer.com/esports-news/fallout-new-vegas-15th-anniversary-bundle/,Fallout New Vegas 15Th Anniversary Bundle,esports-news,2025-10-24T10:42:10+00:00
https://www.shanethegamer.com/esports-news/fallout-4-anniversary-edition-nintendo-switch-2-release/,Fallout 4 Anniversary Edition Nintendo Switch 2 Release,esports-news,2025-10-24T10:34:00+00:00
https://www.shanethegamer.com/esports-news/senzu-benched-by-the-mongolz-counter-strike-2/,Senzu Benched By The Mongolz Counter Strike 2,esports-news,2025-10-23T20:02:02+00:00
https://www.shanethegamer.com/esports-news/controlez-the-mongolz-iem-chengdu-2025/,Controlez The Mongolz Iem Chengdu 2025,esports-news,2025-10-23T20:00:52+00:00
https://www.shanethegamer.com/esports-news/cs2-knife-trade-up-retakes-update/,Cs2 Knife Trade Up Retakes Update,esports-news,2025-10-23T19:51:08+00:00
https://www.shanethegamer.com/esports-news/northern-lights-esic-suspension/,Northern Lights Esic Suspension,esports-news,2025-10-23T19:33:44+00:00
https://www.shanethegamer.com/esports-news/s1mple-not-going-to-india-bcgame-big-skyesports-chennai/,S1Mple Not Going To India Bcgame Big Skyesports Chennai,esports-news,2025-10-23T10:16:33+00:00
https://www.shanethegamer.com/esports-news/blast-r6-apac-regional-finals-2025-sydney-format-teams-schedule/,Blast R6 Apac Regional Finals 2025 Sydney Format Teams Schedule,esports-news,2025-10-22T14:46:18+00:00
https://www.shanethegamer.com/esports-news/team-spirit-sexist-comments-imperial-valkyries/,Team Spirit Sexist Comments Imperial Valkyries,esports-news,2025-10-22T14:41:50+00:00
https://www.shanethegamer.com/esports-news/esl-pro-tour-2028-counter-strike-2-calendar-no-dallas/,Esl Pro Tour 2028 Counter Strike 2 Calendar No Dallas,esports-news,2025-10-22T11:58:50+00:00
https://www.shanethegamer.com/esports-news/envy-performance-lab-texas/,Envy Performance Lab Texas,esports-news,2025-10-22T11:40:40+00:00
https://www.shanethegamer.com/esports-news/walmart-dreamhack-atlanta-2025-lofi-play/,Walmart Dreamhack Atlanta 2025 Lofi Play,esports-news,2025-10-22T11:27:07+00:00
https://www.shanethegamer.com/esports-news/geng-practicum-abroad-how-to-join/,Geng Practicum Abroad How To Join,esports-news,2025-10-22T11:16:46+00:00
https://www.shanethegamer.com/esports-news/valorant-mobile-lan-china/,Valorant Mobile Lan China,esports-news,2025-10-22T11:07:50+00:00
https://www.shanethegamer.com/esports-news/blast-r6-siege-munich-major-2025-format-teams-schedule/,Blast R6 Siege Munich Major 2025 Format Teams Schedule,esports-news,2025-10-22T10:59:09+00:00
https://www.shanethegamer.com/esports-news/pgl-masters-bucharest-2025-opening-matches/,Pgl Masters Bucharest 2025 Opening Matches,esports-news,2025-10-21T18:52:23+00:00
https://www.shanethegamer.com/esports-news/wild-rift-aespa-ningning-collaboration-song-october-23/,Wild Rift Aespa Ningning Collaboration Song October 23,esports-news,2025-10-21T18:39:19+00:00
https://www.shanethegamer.com/esports-news/dos9-leaves-boom-esports-2025/,Dos9 Leaves Boom Esports 2025,esports-news,2025-10-21T18:27:57+00:00
https://www.shanethegamer.com/esports-news/aws-internet-outage-esports-impact/,Aws Internet Outage Esports Impact,esports-news,2025-10-21T18:12:29+00:00
https://www.shanethegamer.com/esports-news/paper-rex-mindfreak-departs-2025/,Paper Rex Mindfreak Departs 2025,esports-news,2025-10-21T11:52:14+00:00
https://www.shanethegamer.com/esports-news/dragon-ranger-gaming-wins-china-ascension-2025/,Dragon Ranger Gaming Wins China Ascension 2025,esports-news,2025-10-21T11:49:15+00:00
https://www.shanethegamer.com/esports-news/japanese-twins-2winz-taking-over-2xko/,Japanese Twins 2Winz Taking Over 2Xko,esports-news,2025-10-21T11:35:12+00:00
https://www.shanethegamer.com/video-gaming/ninja-gaiden-4-ps5-pro-review/,Ninja Gaiden 4 Ps5 Pro Review,video-gaming,2025-10-21T11:17:16+00:00
https://www.shanethegamer.com/esports-news/virtus-pro-bench-icy-promote-b1st-cs2/,Virtus Pro Bench Icy Promote B1St Cs2,esports-news,2025-10-21T10:58:33+00:00
https://www.shanethegamer.com/esports-news/counter-strike-asia-championships-2027-announced/,Counter Strike Asia Championships 2027 Announced,esports-news,2025-10-21T10:57:44+00:00
https://www.shanethegamer.com/esports-news/furia-reverse-sweep-navi-twc-2025/,Furia Reverse Sweep Navi Twc 2025,esports-news,2025-10-21T10:40:47+00:00
https://www.shanethegamer.com/esports-news/legacy-win-cs-asia-championships-2025/,Legacy Win Cs Asia Championships 2025,esports-news,2025-10-21T10:15:13+00:00
https://www.shanethegamer.com/esports-news/daniel-naroditsky-death-cause-grandmaster-dies-aged-29/,Daniel Naroditsky Death Cause Grandmaster Dies Aged 29,esports-news,2025-10-21T09:56:39+00:00
https://www.shanethegamer.com/esports-news/team-liquid-third-place-cs-asia-championships-2025/,Team Liquid Third Place Cs Asia Championships 2025,esports-news,2025-10-19T09:06:37+00:00
https://www.shanethegamer.com/esports-news/bcgame-signs-electronic-reunites-with-s1mple/,Bcgame Signs Electronic Reunites With S1Mple,esports-news,2025-10-19T09:01:35+00:00
https://www.shanethegamer.com/esports-news/s1mple-chennai-esports-global-championship-2025/,S1Mple Chennai Esports Global Championship 2025,esports-news,2025-10-19T08:50:13+00:00
https://www.shanethegamer.com/esports-news/how-you-can-join-epic46-counter-strike-2-tournament/,How You Can Join Epic46 Counter Strike 2 Tournament,esports-news,2025-10-18T14:06:09+00:00
https://www.shanethegamer.com/esports-news/league-of-legends-winter-map-patch-25-23/,League Of Legends Winter Map Patch 25 23,esports-news,2025-10-18T13:50:24+00:00
https://www.shanethegamer.com/esports-news/marvel-rivals-marvel-zombies-pve-mode/,Marvel Rivals Marvel Zombies Pve Mode,esports-news,2025-10-18T13:41:27+00:00
https://www.shanethegamer.com/esports-news/marvel-rivals-ignite-grand-finals-group-stage-draw-dreamhack-atlanta/,Marvel Rivals Ignite Grand Finals Group Stage Draw Dreamhack Atlanta,esports-news,2025-10-18T13:28:29+00:00
https://www.shanethegamer.com/esports-news/esports-global-50m-investment-fund/,Esports Global 50M Investment Fund,esports-news,2025-10-18T13:21:03+00:00
https://www.shanethegamer.com/esports-news/overactive-media-debt-financing-activevoices/,Overactive Media Debt Financing Activevoices,esports-news,2025-10-18T13:16:02+00:00
https://www.shanethegamer.com/esports-news/mariuscow-gentle-mates-fncs-2026-contract-renewal/,Mariuscow Gentle Mates Fncs 2026 Contract Renewal,esports-news,2025-10-18T12:05:49+00:00
https://www.shanethegamer.com/esports-news/tsm-fnatic-join-the-finals-dreamhack-stockholm-major/,Tsm Fnatic Join The Finals Dreamhack Stockholm Major,esports-news,2025-10-18T11:53:39+00:00
https://www.shanethegamer.com/esports-news/xiao-hai-joins-team-falcons-2025/,Xiao Hai Joins Team Falcons 2025,esports-news,2025-10-18T11:39:16+00:00
https://www.shanethegamer.com/esports-news/lenun-world-series-of-warzone-champion-free-agency-2026/,Lenun World Series Of Warzone Champion Free Agency 2026,esports-news,2025-10-18T11:29:28+00:00
https://www.shanethegamer.com/esports-news/100-thieves-pokemon-25-collection/,100 Thieves Pokemon 25 Collection,esports-news,2025-10-18T11:20:54+00:00
https://www.shanethegamer.com/esports-news/esports-awards-2025-finalists-how-to-vote/,Esports Awards 2025 Finalists How To Vote,esports-news,2025-10-18T11:05:51+00:00
https://www.shanethegamer.com/esports-news/mlbb-esports-youtube-channel-suspended-hack/,Mlbb Esports Youtube Channel Suspended Hack,esports-news,2025-10-18T10:33:34+00:00
https://www.shanethegamer.com/esports-news/esl-blast-youtube-hack-solana-memecoin/,Esl Blast Youtube Hack Solana Memecoin,esports-news,2025-10-18T10:23:44+00:00
https://www.shanethegamer.com/esports-news/rog-falchion-ace-zywoo-edition-keyboard-asus-rog-launch/,Rog Falchion Ace Zywoo Edition Keyboard Asus Rog Launch,esports-news,2025-10-18T09:49:22+00:00
https://www.shanethegamer.com/esports-news/t1-cafe-malaysia-thailand/,T1 Cafe Malaysia Thailand,esports-news,2025-10-18T09:36:16+00:00
https://www.shanethegamer.com/esports-news/faze-swagg-twitchcon-san-diego-2025-lan/,Faze Swagg Twitchcon San Diego 2025 Lan,esports-news,2025-10-18T09:20:01+00:00
https://www.shanethegamer.com/esports-news/gentle-mates-vanyak3k-fncs-2026-contract-renewal/,Gentle Mates Vanyak3K Fncs 2026 Contract Renewal,esports-news,2025-10-18T09:16:13+00:00
https://www.shanethegamer.com/esports-news/rhilech-joins-navi-lec-2026/,Rhilech Joins Navi Lec 2026,esports-news,2025-10-15T18:57:09+00:00
https://www.shanethegamer.com/esports-news/fut-esports-beat-faze-cs-asia-championships-2025/,Fut Esports Beat Faze Cs Asia Championships 2025,esports-news,2025-10-15T18:50:36+00:00
https://www.shanethegamer.com/esports-news/red-bull-wololo-2026-london-age-of-empires/,Red Bull Wololo 2026 London Age Of Empires,esports-news,2025-10-15T18:41:59+00:00
https://www.shanethegamer.com/esports-news/rainbow-six-siege-north-america-league-finals-2025-philadelphia/,Rainbow Six Siege North America League Finals 2025 Philadelphia,esports-news,2025-10-15T18:35:58+00:00
https://www.shanethegamer.com/esports-news/m80-rebrand-2025-classic-logo-return/,M80 Rebrand 2025 Classic Logo Return,esports-news,2025-10-15T18:30:54+00:00
https://www.shanethegamer.com/esports-news/the-league-awards-2025-caedrel-sjokz-return/,The League Awards 2025 Caedrel Sjokz Return,esports-news,2025-10-15T18:24:30+00:00
https://www.shanethegamer.com/esports-news/apeks-valorant-exit-2025/,Apeks Valorant Exit 2025,esports-news,2025-10-15T18:17:23+00:00
https://www.shanethegamer.com/esports-news/crossfire-legends-pre-registration-sea/,Crossfire Legends Pre Registration Sea,esports-news,2025-10-15T18:07:11+00:00
https://www.shanethegamer.com/esports-news/clash-royale-league-2025-awards-voting-opens/,Clash Royale League 2025 Awards Voting Opens,esports-news,2025-10-15T17:53:58+00:00
https://www.shanethegamer.com/esports-news/fragpunk-punk-clash-cup-twitchcon-san-diego-2025/,Fragpunk Punk Clash Cup Twitchcon San Diego 2025,esports-news,2025-10-15T17:44:58+00:00
https://www.shanethegamer.com/esports-news/big-levlup-partnership-german-esports/,Big Levlup Partnership German Esports,esports-news,2025-10-15T17:37:10+00:00
https://www.shanethegamer.com/esports-news/notail-returns-to-og-dota-2-roster/,Notail Returns To Og Dota 2 Roster,esports-news,2025-10-15T14:50:44+00:00
https://www.shanethegamer.com/esports-news/hp-omen-league-of-legends-laptop-monitor-worlds-2025/,Hp Omen League Of Legends Laptop Monitor Worlds 2025,esports-news,2025-10-15T14:41:30+00:00
https://www.shanethegamer.com/esports-news/rainbow-six-siege-anti-toxicity-update-voice-chat-moderation/,Rainbow Six Siege Anti Toxicity Update Voice Chat Moderation,esports-news,2025-10-15T14:06:05+00:00
https://www.shanethegamer.com/esports-news/team-falcons-win-r6-europe-mena-league-2025/,Team Falcons Win R6 Europe Mena League 2025,esports-news,2025-10-15T12:34:45+00:00
https://www.shanethegamer.com/esports-news/shenandoah-university-geng-esports-partnership/,Shenandoah University Geng Esports Partnership,esports-news,2025-10-15T12:20:42+00:00
https://www.shanethegamer.com/esports-news/flyquest-t1-worlds-2025-charity-campaign/,Flyquest T1 Worlds 2025 Charity Campaign,esports-news,2025-10-15T12:13:13+00:00
https://www.shanethegamer.com/esports-news/razer-faker-gigantus-v2-edition/,Razer Faker Gigantus V2 Edition,esports-news,2025-10-13T19:46:56+00:00
https://www.shanethegamer.com/esports-news/heroic-win-fissure-universe-episode-7/,Heroic Win Fissure Universe Episode 7,esports-news,2025-10-13T19:36:41+00:00
https://www.shanethegamer.com/esports-news/avatar-legends-the-fighting-game-announced-2026/,Avatar Legends The Fighting Game Announced 2026,esports-news,2025-10-13T19:33:20+00:00
https://www.shanethegamer.com/esports-news/league-of-legends-worlds-2025-anthem-sacrifice-gem/,League Of Legends Worlds 2025 Anthem Sacrifice Gem,esports-news,2025-10-13T19:06:06+00:00
https://www.shanethegamer.com/esports-news/pgl-cancels-august-2026-cs2-event/,Pgl Cancels August 2026 Cs2 Event,esports-news,2025-10-13T18:52:13+00:00
https://www.shanethegamer.com/esports-news/100-thieves-marvel-rivals-ignite-stage-2-americas-win/,100 Thieves Marvel Rivals Ignite Stage 2 Americas Win,esports-news,2025-10-13T18:37:34+00:00
https://www.shanethegamer.com/esports-news/evo-france-2026-return-nice/,Evo France 2026 Return Nice,esports-news,2025-10-13T18:30:30+00:00
https://www.shanethegamer.com/esports-news/red-bull-solo-legends-2025-registration-guide/,Red Bull Solo Legends 2025 Registration Guide,esports-news,2025-10-13T18:28:54+00:00
https://www.shanethegamer.com/esports-news/wawa-wins-2xko-evo-france-2025/,Wawa Wins 2Xko Evo France 2025,esports-news,2025-10-13T18:18:21+00:00
https://www.shanethegamer.com/esports-news/vitality-esl-pro-league-season-22-victory/,Vitality Esl Pro League Season 22 Victory,esports-news,2025-10-13T12:10:40+00:00
https://www.shanethegamer.com/esports-news/svenska-elitserien-northern-lights-match-fixing/,Svenska Elitserien Northern Lights Match Fixing,esports-news,2025-10-11T10:14:17+00:00
https://www.shanethegamer.com/esports-news/valve-cs2-gambling-sponsor-ban/,Valve Cs2 Gambling Sponsor Ban,esports-news,2025-10-11T09:58:07+00:00
https://www.shanethegamer.com/esports-news/sentinels-join-lcs-2026/,Sentinels Join Lcs 2026,esports-news,2025-10-11T09:29:36+00:00
https://www.shanethegamer.com/esports-news/lynn-vision-esl-ban-virtuspro-ruling/,Lynn Vision Esl Ban Virtuspro Ruling,esports-news,2025-10-11T09:21:42+00:00
https://www.shanethegamer.com/esports-news/counter-strike-2-ewc-2026-upgrade/,Counter Strike 2 Ewc 2026 Upgrade,esports-news,2025-10-11T09:01:53+00:00
https://www.shanethegamer.com/esports-news/razer-riot-games-2xko-collection-official-collaboration/,Razer Riot Games 2Xko Collection Official Collaboration,esports-news,2025-10-11T08:47:20+00:00
https://www.shanethegamer.com/esports-news/a-minecraft-movie-2-release-date-2027/,A Minecraft Movie 2 Release Date 2027,esports-news,2025-10-11T08:45:23+00:00
https://www.shanethegamer.com/esports-news/blast-rivals-hong-kong-2025-invited-teams-revealed/,Blast Rivals Hong Kong 2025 Invited Teams Revealed,esports-news,2025-10-11T08:31:08+00:00
https://www.shanethegamer.com/esports-news/faze-vs-roblox-counter-blox-faze-cs2-vs-counter-blox-roblox-counter-blox-vs-cs2/,Faze Vs Roblox Counter Blox Faze Cs2 Vs Counter Blox Roblox Counter Blox Vs Cs2,esports-news,2025-10-11T08:16:35+00:00
https://www.shanethegamer.com/esports-news/miposhka-retires-team-spirit-panto-joins-dota2/,Miposhka Retires Team Spirit Panto Joins Dota2,esports-news,2025-10-11T05:53:50+00:00
https://www.shanethegamer.com/esports-news/manchester-university-gen-g-esports-programme/,Manchester University Gen G Esports Programme,esports-news,2025-10-11T05:46:32+00:00
https://www.shanethegamer.com/esports-news/cod-mobile-world-championship-2025-groups-revealed/,Cod Mobile World Championship 2025 Groups Revealed,esports-news,2025-10-11T04:57:32+00:00
https://www.shanethegamer.com/esports-news/marvel-rivals-season-4-5-update-daredevil-jade-scrolls-event/,Marvel Rivals Season 4 5 Update Daredevil Jade Scrolls Event,esports-news,2025-10-11T04:50:26+00:00
https://www.shanethegamer.com/esports-news/marvel-rivals-season-4-5-twitch-drops-all-rewards-how-to-claim/,Marvel Rivals Season 4 5 Twitch Drops All Rewards How To Claim,esports-news,2025-10-11T04:41:08+00:00
https://www.shanethegamer.com/esports-news/jeondding-team-vitality-2030-contract/,Jeondding Team Vitality 2030 Contract,esports-news,2025-10-11T04:15:35+00:00
https://www.shanethegamer.com/esports-news/team-liquid-ace-tofu-dota2-roster-2025/,Team Liquid Ace Tofu Dota2 Roster 2025,esports-news,2025-10-11T04:11:47+00:00
https://www.shanethegamer.com/esports-news/complexity-shuts-down-content-creator-programme/,Complexity Shuts Down Content Creator Programme,esports-news,2025-10-11T04:04:07+00:00
https://www.shanethegamer.com/esports-news/mobile-legends-9th-anniversary/,Mobile Legends 9Th Anniversary,esports-news,2025-10-11T03:58:23+00:00
https://www.shanethegamer.com/esports-news/team-monesy-vs-team-donk-all-star-by-esl/,Team Monesy Vs Team Donk All Star By Esl,esports-news,2025-10-11T03:45:44+00:00
https://www.shanethegamer.com/esports-news/thunderpick-world-championship-2025-talent-opening-matches-announced/,Thunderpick World Championship 2025 Talent Opening Matches Announced,esports-news,2025-10-11T03:26:31+00:00
https://www.shanethegamer.com/esports-news/esl-pro-league-season-22-playoffs-teams-schedule/,Esl Pro League Season 22 Playoffs Teams Schedule,esports-news,2025-10-10T08:29:05+00:00
https://www.shanethegamer.com/esports-news/toronto-ultra-2026-call-of-duty-league-roster/,Toronto Ultra 2026 Call Of Duty League Roster,esports-news,2025-10-10T08:18:08+00:00
https://www.shanethegamer.com/esports-news/madden-nfl-26-esports-international-madrid-challenge/,Madden Nfl 26 Esports International Madrid Challenge,esports-news,2025-10-10T08:07:47+00:00
https://www.shanethegamer.com/esports-news/summit-disqualified-lta-north-estral-esports/,Summit Disqualified Lta North Estral Esports,esports-news,2025-10-10T07:57:43+00:00
https://www.shanethegamer.com/esports-news/riot-delays-worlds-2025-anthem-bwipo-removed/,Riot Delays Worlds 2025 Anthem Bwipo Removed,esports-news,2025-10-10T07:44:37+00:00
https://www.shanethegamer.com/esports-news/riot-games-forsaken-bushido-wildcats-emaa-masters-investigation/,Riot Games Forsaken Bushido Wildcats Emaa Masters Investigation,esports-news,2025-10-10T04:57:07+00:00
https://www.shanethegamer.com/esports-news/esports-world-cup-2026-games-lineup/,Esports World Cup 2026 Games Lineup,esports-news,2025-10-10T04:48:17+00:00
https://www.shanethegamer.com/esports-news/the-mongolz-eliminated-esl-pro-league-2025-navi/,The Mongolz Eliminated Esl Pro League 2025 Navi,esports-news,2025-10-09T23:53:19+00:00
https://www.shanethegamer.com/esports-news/sentinels-valorant-roster-trials-2026/,Sentinels Valorant Roster Trials 2026,esports-news,2025-10-09T14:41:56+00:00
https://www.shanethegamer.com/esports-news/riot-games-riftbound-worlds-bundle-2025/,Riot Games Riftbound Worlds Bundle 2025,esports-news,2025-10-09T14:32:12+00:00
https://www.shanethegamer.com/esports-news/skyesports-cancels-masters-2025-tier-one-cs2-events/,Skyesports Cancels Masters 2025 Tier One Cs2 Events,esports-news,2025-10-09T14:01:07+00:00
https://www.shanethegamer.com/esports-news/insania-retires-from-dota-2/,Insania Retires From Dota 2,esports-news,2025-10-09T13:55:42+00:00
https://www.shanethegamer.com/esports-news/martinezsa-gentle-mates-apology-racist-remark-the-mongolz/,Martinezsa Gentle Mates Apology Racist Remark The Mongolz,esports-news,2025-10-09T11:25:01+00:00
https://www.shanethegamer.com/esports-news/chipotle-x-2xko-challenger-bundle-how-to-unlock/,Chipotle X 2Xko Challenger Bundle How To Unlock,esports-news,2025-10-09T11:07:19+00:00
https://www.shanethegamer.com/esports-news/blast-premier-2026-improvements/,Blast Premier 2026 Improvements,esports-news,2025-10-09T10:53:16+00:00
https://www.shanethegamer.com/esports-news/gentle-mates-replace-koi-vct-emea-2026/,Gentle Mates Replace Koi Vct Emea 2026,esports-news,2025-10-09T10:48:56+00:00
https://www.shanethegamer.com/esports-news/team-liquid-bleach-thousand-year-blood-war-collaboration/,Team Liquid Bleach Thousand Year Blood War Collaboration,esports-news,2025-10-09T10:32:43+00:00
https://www.shanethegamer.com/esports-news/vici-gaming-returns-to-dota-2-2025/,Vici Gaming Returns To Dota 2 2025,esports-news,2025-10-09T10:28:00+00:00
https://www.shanethegamer.com/esports-news/fragpunk-redeem-codes-october-2025/,Fragpunk Redeem Codes October 2025,esports-news,2025-10-07T14:55:57+00:00
https://www.shanethegamer.com/esports-news/steam-and-riot-games-knocked-offline-by-massive-ddos-attack/,Steam And Riot Games Knocked Offline By Massive Ddos Attack,esports-news,2025-10-07T14:46:56+00:00
https://www.shanethegamer.com/esports-news/2xko-season-0-patch-notes/,2Xko Season 0 Patch Notes,esports-news,2025-10-07T14:19:25+00:00
https://www.shanethegamer.com/esports-news/toronto-ultra-hot-drop-2025-warzone-tournament/,Toronto Ultra Hot Drop 2025 Warzone Tournament,esports-news,2025-10-07T14:04:52+00:00
https://www.shanethegamer.com/esports-news/estral-summit-suspended-lta-promotion-tournament/,Estral Summit Suspended Lta Promotion Tournament,esports-news,2025-10-07T13:58:44+00:00
https://www.shanethegamer.com/esports-news/call-of-duty-black-ops-7-anti-cheat-update/,Call Of Duty Black Ops 7 Anti Cheat Update,esports-news,2025-10-07T13:51:34+00:00
https://www.shanethegamer.com/esports-news/fl0m-announces-30000-cs-lan-las-vegas-2026/,Fl0M Announces 30000 Cs Lan Las Vegas 2026,esports-news,2025-10-07T13:33:12+00:00
https://www.shanethegamer.com/esports-news/2xko-cinematic-trailer-ties-that-bind-warwick-courtney-laplante/,2Xko Cinematic Trailer Ties That Bind Warwick Courtney Laplante,esports-news,2025-10-07T13:20:07+00:00
https://www.shanethegamer.com/esports-news/secretlab-on-stage-standard-esports-precision/,Secretlab On Stage Standard Esports Precision,esports-news,2025-10-07T13:19:40+00:00
https://www.shanethegamer.com/esports-news/team-falcons-ffws-sea-fall-2025-champions/,Team Falcons Ffws Sea Fall 2025 Champions,esports-news,2025-10-07T12:59:17+00:00
https://www.shanethegamer.com/esports-news/shopify-rebellion-hcs-charlotte-2025-champions/,Shopify Rebellion Hcs Charlotte 2025 Champions,esports-news,2025-10-07T12:52:24+00:00
https://www.shanethegamer.com/esports-news/virtus-pro-crowned-marvel-rivals-ignite-stage-2-emea-champions/,Virtus Pro Crowned Marvel Rivals Ignite Stage 2 Emea Champions,esports-news,2025-10-07T12:48:21+00:00
https://www.shanethegamer.com/esports-news/starladder-budapest-major-2025-teams-confirmed/,Starladder Budapest Major 2025 Teams Confirmed,esports-news,2025-10-06T06:01:59+00:00
https://www.shanethegamer.com/esports-news/fnatic-win-fragadelphia-blocktober-2025-major-qualification/,Fnatic Win Fragadelphia Blocktober 2025 Major Qualification,esports-news,2025-10-06T05:49:18+00:00
https://www.shanethegamer.com/esports-news/nocries-esl-pro-league-interview/,Nocries Esl Pro League Interview,esports-news,2025-10-06T05:27:38+00:00
https://www.shanethegamer.com/esports-news/valorant-agent-29-veto-release-date-abilities-meta/,Valorant Agent 29 Veto Release Date Abilities Meta,esports-news,2025-10-06T02:39:17+00:00
https://www.shanethegamer.com/esports-news/nrg-wins-valorant-champions-2025-ohnepixel-fnatic-grand-final/,Nrg Wins Valorant Champions 2025 Ohnepixel Fnatic Grand Final,esports-news,2025-10-06T02:23:00+00:00
https://www.shanethegamer.com/esports-news/nocries-team-falcons-rumours/,Nocries Team Falcons Rumours,esports-news,2025-10-05T14:31:03+00:00
https://www.shanethegamer.com/esports-news/hikaru-nakamura-throws-gukesh-king-controversy/,Hikaru Nakamura Throws Gukesh King Controversy,esports-news,2025-10-05T13:54:41+00:00
https://www.shanethegamer.com/esports-news/ohnepixel-valorant-memes/,Ohnepixel Valorant Memes,esports-news,2025-10-05T13:32:29+00:00
https://www.shanethegamer.com/esports-news/team-raad-removed-from-vct-emea-ascension-joblife-replaces/,Team Raad Removed From Vct Emea Ascension Joblife Replaces,esports-news,2025-10-05T12:49:13+00:00
https://www.shanethegamer.com/esports-news/cs2-transit-map-removed-racial-slur-crypto-ads/,Cs2 Transit Map Removed Racial Slur Crypto Ads,esports-news,2025-10-05T12:26:41+00:00
https://www.shanethegamer.com/esports-news/wildcard-dota-2-roster-disband-apex-genesis/,Wildcard Dota 2 Roster Disband Apex Genesis,esports-news,2025-10-05T12:14:04+00:00
https://www.shanethegamer.com/esports-news/faze-rain-returns-esl-pro-league-2025/,Faze Rain Returns Esl Pro League 2025,esports-news,2025-10-05T12:03:05+00:00
https://www.shanethegamer.com/esports-news/gaimin-gladiators-lawsuit-dota-2-players/,Gaimin Gladiators Lawsuit Dota 2 Players,esports-news,2025-10-05T11:53:06+00:00
https://www.shanethegamer.com/esports-news/hotu-gentle-mates-esl-pro-league-upsets/,Hotu Gentle Mates Esl Pro League Upsets,esports-news,2025-10-05T10:53:06+00:00
https://www.shanethegamer.com/esports-news/riot-games-2xko-warwick-leak/,Riot Games 2Xko Warwick Leak,esports-news,2025-10-05T10:33:20+00:00
https://www.shanethegamer.com/esports-news/esl-impact-shutdown-womens-counter-strike-community-reacts/,Esl Impact Shutdown Womens Counter Strike Community Reacts,esports-news,2025-10-05T10:06:04+00:00
https://www.shanethegamer.com/esports-news/valorant-harbor-rework-weakest-agent-patch-11-10/,Valorant Harbor Rework Weakest Agent Patch 11 10,esports-news,2025-10-05T09:08:49+00:00
https://www.shanethegamer.com/esports-news/valorant-skirmish-mode-launch-how-to-play/,Valorant Skirmish Mode Launch How To Play,esports-news,2025-10-05T08:58:26+00:00
https://www.shanethegamer.com/esports-news/marvel-rivals-courage-clash-winners-necros-clayster/,Marvel Rivals Courage Clash Winners Necros Clayster,esports-news,2025-10-05T08:43:57+00:00
https://www.shanethegamer.com/esports-news/fnatic-defeat-drx-valorant-champions-2025-grand-final/,Fnatic Defeat Drx Valorant Champions 2025 Grand Final,esports-news,2025-10-05T08:38:31+00:00
https://www.shanethegamer.com/esports-news/99-nights-in-the-forest-codes-free-diamonds-october-2025/,99 Nights In The Forest Codes Free Diamonds October 2025,esports-news,2025-10-05T08:28:21+00:00
https://www.shanethegamer.com/esports-news/drx-vs-paper-rex-valorant-champions-2025/,Drx Vs Paper Rex Valorant Champions 2025,esports-news,2025-10-04T06:58:50+00:00
https://www.shanethegamer.com/esports-news/nrg-sweep-fnatic-valorant-champions-2025-grand-final/,Nrg Sweep Fnatic Valorant Champions 2025 Grand Final,esports-news,2025-10-04T06:33:11+00:00
https://www.shanethegamer.com/esports-news/faceit-clears-nocries-integrity-review/,Faceit Clears Nocries Integrity Review,esports-news,2025-10-04T06:28:16+00:00
https://www.shanethegamer.com/esports-news/cct-bans-cs2-players-cheating-2025/,Cct Bans Cs2 Players Cheating 2025,esports-news,2025-10-04T06:22:07+00:00
https://www.shanethegamer.com/esports-news/detonation-focusme-vct-pacific-2026-recruitment/,Detonation Focusme Vct Pacific 2026 Recruitment,esports-news,2025-10-04T06:12:59+00:00
https://www.shanethegamer.com/esports-news/vct-2026-masters-champions-locations-format-changes/,Vct 2026 Masters Champions Locations Format Changes,esports-news,2025-10-04T05:47:54+00:00
https://www.shanethegamer.com/esports-news/karmine-corp-fires-apples/,Karmine Corp Fires Apples,esports-news,2025-10-04T05:29:03+00:00
https://www.shanethegamer.com/esports-news/world-solitaire-championship-2026-miami/,World Solitaire Championship 2026 Miami,esports-news,2025-10-04T01:49:35+00:00
https://www.shanethegamer.com/esports-news/league-of-legends-worlds-unlocked-2025-collectors-edition/,League Of Legends Worlds Unlocked 2025 Collectors Edition,esports-news,2025-10-03T11:21:41+00:00
https://www.shanethegamer.com/esports-news/cloud9-inero-league-of-legends-head-coach/,Cloud9 Inero League Of Legends Head Coach,esports-news,2025-10-03T11:16:48+00:00
https://www.shanethegamer.com/esports-news/cs2-october-2025-update-new-maps-cosmetics/,Cs2 October 2025 Update New Maps Cosmetics,esports-news,2025-10-03T11:12:54+00:00
https://www.shanethegamer.com/esports-news/team-vision-win-world-series-of-warzone-2025-global-final/,Team Vision Win World Series Of Warzone 2025 Global Final,esports-news,2025-10-03T10:56:00+00:00
https://www.shanethegamer.com/esports-news/faze-clan-benches-rain-cs2-roster-twistzz-return/,Faze Clan Benches Rain Cs2 Roster Twistzz Return,esports-news,2025-10-02T12:59:17+00:00
https://www.shanethegamer.com/esports-news/pgl-masters-bucharest-2025-teams-lineup/,Pgl Masters Bucharest 2025 Teams Lineup,esports-news,2025-10-02T11:46:04+00:00
https://www.shanethegamer.com/esports-news/tottenham-hotspur-playvs-game-to-glory/,Tottenham Hotspur Playvs Game To Glory,esports-news,2025-10-02T11:39:51+00:00
https://www.shanethegamer.com/esports-news/ea-55bn-saudi-pif-acquisition/,Ea 55Bn Saudi Pif Acquisition,esports-news,2025-10-02T11:33:26+00:00
https://www.shanethegamer.com/esports-news/teemo-2xko-tenth-fighter/,Teemo 2Xko Tenth Fighter,esports-news,2025-10-02T11:20:52+00:00
https://www.shanethegamer.com/esports-news/chaosground-acquires-epulze-web3-esports/,Chaosground Acquires Epulze Web3 Esports,esports-news,2025-10-02T10:44:58+00:00
https://www.shanethegamer.com/esports-news/riot-games-internship-2026-game-dev-resources/,Riot Games Internship 2026 Game Dev Resources,esports-news,2025-10-02T10:29:41+00:00
https://www.shanethegamer.com/esports-news/esports-charts-media-value-metric/,Esports Charts Media Value Metric,esports-news,2025-10-02T09:50:43+00:00
https://www.shanethegamer.com/esports-news/blast-slam-iv-dota-2-teams/,Blast Slam Iv Dota 2 Teams,esports-news,2025-10-02T09:41:13+00:00
https://www.shanethegamer.com/esports-news/dreamleague-season-27-invited-teams/,Dreamleague Season 27 Invited Teams,esports-news,2025-10-02T09:34:22+00:00
https://www.shanethegamer.com/esports-news/illuvium-pro-league-ipl-1000-launch/,Illuvium Pro League Ipl 1000 Launch,esports-news,2025-10-02T09:22:05+00:00
https://www.shanethegamer.com/esports-news/realme-15-pro-mlbb-m7-world-championship/,Realme 15 Pro Mlbb M7 World Championship,esports-news,2025-10-02T09:14:16+00:00
https://www.shanethegamer.com/esports-news/ubisoft-vantage-studios-launch-assassins-creed-far-cry-rainbow-six/,Ubisoft Vantage Studios Launch Assassins Creed Far Cry Rainbow Six,esports-news,2025-10-02T07:39:05+00:00
https://www.shanethegamer.com/esports-news/fnatic-alfajer-vct-champions-2025-return/,Fnatic Alfajer Vct Champions 2025 Return,esports-news,2025-10-02T06:38:47+00:00
https://www.shanethegamer.com/esports-news/fortnite-kpop-demon-hunters-collaboration/,Fortnite Kpop Demon Hunters Collaboration,esports-news,2025-10-02T06:28:13+00:00
https://www.shanethegamer.com/esports-news/league-of-legends-worlds-2025-format-teams-schedule/,League Of Legends Worlds 2025 Format Teams Schedule,esports-news,2025-10-01T09:30:29+00:00
https://www.shanethegamer.com/esports-news/valorant-veto-agent-leak/,Valorant Veto Agent Leak,esports-news,2025-09-30T19:28:39+00:00
https://www.shanethegamer.com/esports-news/valorant-skirmish-mode/,Valorant Skirmish Mode,esports-news,2025-09-30T19:18:03+00:00
https://www.shanethegamer.com/esports-news/flyquest-lta-2025-champions/,Flyquest Lta 2025 Champions,esports-news,2025-09-30T18:47:57+00:00
https://www.shanethegamer.com/esports-news/faze-clan-subathon-ii-october-2025/,Faze Clan Subathon Ii October 2025,esports-news,2025-09-30T18:42:29+00:00
https://www.shanethegamer.com/esports-news/reason-esports-cs2-roster-departure/,Reason Esports Cs2 Roster Departure,esports-news,2025-09-30T18:28:26+00:00
https://www.shanethegamer.com/esports-news/karmine-corp-suspends-lec-coach-apples-investigation/,Karmine Corp Suspends Lec Coach Apples Investigation,esports-news,2025-09-30T18:22:34+00:00
https://www.shanethegamer.com/esports-news/juicy-leaves-wolves-esports-2026-vct/,Juicy Leaves Wolves Esports 2026 Vct,esports-news,2025-09-29T06:24:49+00:00
https://www.shanethegamer.com/esports-news/fortnite-kpop-demon-hunters-collab-zoey-skin-leak/,Fortnite Kpop Demon Hunters Collab Zoey Skin Leak,esports-news,2025-09-29T06:16:43+00:00
https://www.shanethegamer.com/esports-news/valorant-fans-outrage-kai-cenat-1m-subs-subtember/,Valorant Fans Outrage Kai Cenat 1M Subs Subtember,esports-news,2025-09-29T06:06:08+00:00
https://www.shanethegamer.com/esports-news/world-63-hotu-upset-furia-esl-pro-league-s22/,World 63 Hotu Upset Furia Esl Pro League S22,esports-news,2025-09-29T05:49:55+00:00
https://www.shanethegamer.com/esports-news/nrg-vs-mibr-valorant-champions-2025/,Nrg Vs Mibr Valorant Champions 2025,esports-news,2025-09-28T20:54:03+00:00
https://www.shanethegamer.com/esports-news/team-spirit-donks-10-million-price/,Team Spirit Donks 10 Million Price,esports-news,2025-09-28T20:39:14+00:00
https://www.shanethegamer.com/esports-news/royal-ghost-skeleton-army-evolutions-clash-royale/,Royal Ghost Skeleton Army Evolutions Clash Royale,esports-news,2025-09-28T20:17:28+00:00
https://www.shanethegamer.com/esports-news/fissure-playground-2-dota-invited-teams/,Fissure Playground 2 Dota Invited Teams,esports-news,2025-09-28T19:53:21+00:00
https://www.shanethegamer.com/esports-news/kanon-gaming-fined-swedish-gambling-authority-2025/,Kanon Gaming Fined Swedish Gambling Authority 2025,esports-news,2025-09-28T19:42:59+00:00
https://www.shanethegamer.com/esports-news/valorant-champions-2025-necklace/,Valorant Champions 2025 Necklace,esports-news,2025-09-28T19:26:31+00:00
https://www.shanethegamer.com/esports-news/fnatic-vs-paper-rex-vct-2025-revenge-comeback/,Fnatic Vs Paper Rex Vct 2025 Revenge Comeback,esports-news,2025-09-28T19:14:31+00:00
https://www.shanethegamer.com/esports-news/fnatic-alfajer-misses-vct-2025-doma-steps-in/,Fnatic Alfajer Misses Vct 2025 Doma Steps In,esports-news,2025-09-28T19:02:51+00:00
https://www.shanethegamer.com/esports-news/fortnite-peacemaker-emote-disabled/,Fortnite Peacemaker Emote Disabled,esports-news,2025-09-28T18:44:18+00:00
https://www.shanethegamer.com/esports-news/cs2-show-off-update-pro-reactions/,Cs2 Show Off Update Pro Reactions,esports-news,2025-09-28T03:33:21+00:00
https://www.shanethegamer.com/esports-news/mouz-dota-2-roster-2026/,Mouz Dota 2 Roster 2026,esports-news,2025-09-28T03:30:03+00:00
https://www.shanethegamer.com/esports-news/ctbc-flying-oyster-lcp-champions/,Ctbc Flying Oyster Lcp Champions,esports-news,2025-09-28T03:28:30+00:00
https://www.shanethegamer.com/esports-news/blg-wins-lpl-2025-championship/,Blg Wins Lpl 2025 Championship,esports-news,2025-09-28T03:24:50+00:00
https://www.shanethegamer.com/esports-news/esl-pro-league-replacements-gentle-mates-ence/,Esl Pro League Replacements Gentle Mates Ence,esports-news,2025-09-28T03:18:58+00:00
https://www.shanethegamer.com/esports-news/black-ops-7-beta-twitch-drops-early-access/,Black Ops 7 Beta Twitch Drops Early Access,esports-news,2025-09-28T03:11:05+00:00
https://www.shanethegamer.com/esports-news/australia-under-16-social-media-ban-twitch-roblox-steam/,Australia Under 16 Social Media Ban Twitch Roblox Steam,esports-news,2025-09-28T03:01:57+00:00
https://www.shanethegamer.com/esports-news/xbox-tokyo-game-show-2025-announcements/,Xbox Tokyo Game Show 2025 Announcements,esports-news,2025-09-28T02:54:21+00:00
https://www.shanethegamer.com/esports-news/mlbb-sora-hero-luffy-gear-5-collab/,Mlbb Sora Hero Luffy Gear 5 Collab,esports-news,2025-09-28T02:42:17+00:00
https://www.shanethegamer.com/esports-news/team-heretics-eliminate-giantx-valorant-champions-2025/,Team Heretics Eliminate Giantx Valorant Champions 2025,esports-news,2025-09-28T02:32:27+00:00
https://www.shanethegamer.com/esports-news/torzsi-signs-mouz-contract-extension/,Torzsi Signs Mouz Contract Extension,esports-news,2025-09-28T01:49:22+00:00
https://www.shanethegamer.com/esports-news/birch-cup-2025-controversy-vins-valve-vrs/,Birch Cup 2025 Controversy Vins Valve Vrs,esports-news,2025-09-28T01:44:51+00:00
https://www.shanethegamer.com/esports-news/drx-eliminate-g2-valorant-champions-2025/,Drx Eliminate G2 Valorant Champions 2025,esports-news,2025-09-28T01:27:37+00:00
https://www.shanethegamer.com/esports-news/furia-tuyz-explores-new-team/,Furia Tuyz Explores New Team,esports-news,2025-09-28T01:08:47+00:00
https://www.shanethegamer.com/esports-news/furia-considered-signing-s1mple-before-molodoy/,Furia Considered Signing S1Mple Before Molodoy,esports-news,2025-09-28T00:55:54+00:00
https://www.shanethegamer.com/esports-news/sheydos-announces-free-agency-after-koi-exit/,Sheydos Announces Free Agency After Koi Exit,esports-news,2025-09-28T00:46:56+00:00
https://www.shanethegamer.com/esports-news/mibr-nrg-valorant-champions-paris-playoffs/,Mibr Nrg Valorant Champions Paris Playoffs,esports-news,2025-09-28T00:44:50+00:00
https://www.shanethegamer.com/esports-news/doug-bowser-nintendo-retirement-devon-pritchard/,Doug Bowser Nintendo Retirement Devon Pritchard,esports-news,2025-09-28T00:36:56+00:00
https://www.shanethegamer.com/esports-news/courage-clash-marvel-rivals-tournament/,Courage Clash Marvel Rivals Tournament,esports-news,2025-09-28T00:30:57+00:00
https://www.shanethegamer.com/esports-news/faze-kaysan-call-of-duty-twitchcon-san-diego/,Faze Kaysan Call Of Duty Twitchcon San Diego,esports-news,2025-09-28T00:28:04+00:00
https://www.shanethegamer.com/esports-news/gen-g-warzone-roster-2025/,Gen G Warzone Roster 2025,esports-news,2025-09-28T00:25:15+00:00
https://www.shanethegamer.com/esports-news/los-angeles-thieves-cdl-2026-roster-kenny-abez/,Los Angeles Thieves Cdl 2026 Roster Kenny Abez,esports-news,2025-09-28T00:19:47+00:00
https://www.shanethegamer.com/esports-news/metastack-cs2-tactical-platform-gooseman-heroic/,Metastack Cs2 Tactical Platform Gooseman Heroic,esports-news,2025-09-28T00:16:05+00:00
https://www.shanethegamer.com/esports-news/minecraft-counter-strike-2-map/,Minecraft Counter Strike 2 Map,esports-news,2025-09-28T00:08:25+00:00
https://www.shanethegamer.com/esports-news/nintendo-dreamhack-stockholm-2025/,Nintendo Dreamhack Stockholm 2025,esports-news,2025-09-28T00:02:32+00:00
https://www.shanethegamer.com/esports-news/nocries-faceit-fpl-cs2/,Nocries Faceit Fpl Cs2,esports-news,2025-09-28T00:01:55+00:00
https://www.shanethegamer.com/esports-news/pubg-global-championship-2025-bangkok-schedule-format-prize-pool/,Pubg Global Championship 2025 Bangkok Schedule Format Prize Pool,esports-news,2025-09-27T23:40:38+00:00
https://www.shanethegamer.com/esports-news/nocries-faceit-cheating-allegations/,Nocries Faceit Cheating Allegations,esports-news,2025-09-27T23:30:29+00:00
https://www.shanethegamer.com/esports-news/pubg-skibidi-toilet-halloween-collab/,Pubg Skibidi Toilet Halloween Collab,esports-news,2025-09-27T23:21:52+00:00
https://www.shanethegamer.com/esports-news/nivera-3dmax-esl-pro-league-s22/,Nivera 3Dmax Esl Pro League S22,esports-news,2025-09-27T23:16:49+00:00
https://www.shanethegamer.com/esports-news/marvel-rivals-twitch-drops-rocket-raccoon/,Marvel Rivals Twitch Drops Rocket Raccoon,esports-news,2025-09-27T23:12:15+00:00
https://www.shanethegamer.com/esports-news/elige-returns-to-team-liquid-fragadelphia-2025/,Elige Returns To Team Liquid Fragadelphia 2025,esports-news,2025-09-27T23:07:03+00:00
https://www.shanethegamer.com/esports-news/plants-vs-brainrots-codes-september-2025/,Plants Vs Brainrots Codes September 2025,esports-news,2025-09-27T22:37:12+00:00
https://www.shanethegamer.com/esports-news/hades-2-global-release-melinoe/,Hades 2 Global Release Melinoe,esports-news,2025-09-27T22:26:24+00:00
https://www.shanethegamer.com/esports-news/fortnite-daft-punk-experience-quests-rewards/,Fortnite Daft Punk Experience Quests Rewards,esports-news,2025-09-27T22:23:36+00:00
https://www.shanethegamer.com/esports-news/minecraft-live-2025-copper-age-mounts-of-mayhem-dragon-ball-z/,Minecraft Live 2025 Copper Age Mounts Of Mayhem Dragon Ball Z,esports-news,2025-09-27T22:16:33+00:00
https://www.shanethegamer.com/esports-news/call-of-duty-american-dad-skin-cancellation/,Call Of Duty American Dad Skin Cancellation,esports-news,2025-09-24T22:05:51+00:00
https://www.shanethegamer.com/esports-news/yu-gi-oh-genesys-format-launch/,Yu Gi Oh Genesys Format Launch,esports-news,2025-09-24T22:01:14+00:00
https://www.shanethegamer.com/esports-news/absurd-anime-gta-ananta-gameplay/,Absurd Anime Gta Ananta Gameplay,esports-news,2025-09-24T21:45:32+00:00
https://www.shanethegamer.com/esports-news/dreamhack-atlanta-2025-esports-schedule-tickets/,Dreamhack Atlanta 2025 Esports Schedule Tickets,esports-news,2025-09-24T21:26:19+00:00
https://www.shanethegamer.com/esports-news/snk-world-championship-2025-dreamhack-atlanta/,Snk World Championship 2025 Dreamhack Atlanta,esports-news,2025-09-24T21:25:56+00:00
https://www.shanethegamer.com/esports-news/fortnite-daft-punk-experience/,Fortnite Daft Punk Experience,esports-news,2025-09-24T21:20:39+00:00
https://www.shanethegamer.com/esports-news/marvel-rivals-ignite-grand-finals-dreamhack-atlanta-2025/,Marvel Rivals Ignite Grand Finals Dreamhack Atlanta 2025,esports-news,2025-09-24T21:06:12+00:00
https://www.shanethegamer.com/esports-news/ricochet-anti-cheat-call-of-duty-black-ops-7/,Ricochet Anti Cheat Call Of Duty Black Ops 7,esports-news,2025-09-24T20:55:43+00:00
https://www.shanethegamer.com/esports-news/faze-clan-rollbit-sponsorship-deal-2025/,Faze Clan Rollbit Sponsorship Deal 2025,esports-news,2025-09-24T20:42:07+00:00
https://www.shanethegamer.com/esports-news/riot-games-partner-program-2025/,Riot Games Partner Program 2025,esports-news,2025-09-24T20:32:42+00:00
https://www.shanethegamer.com/esports-news/s1mple-first-cs2-trophy-bcgame/,S1Mple First Cs2 Trophy Bcgame,esports-news,2025-09-24T20:25:12+00:00
https://www.shanethegamer.com/esports-news/fragadelphia-miami-cs2-2026/,Fragadelphia Miami Cs2 2026,esports-news,2025-09-24T20:14:58+00:00
https://www.shanethegamer.com/esports-news/fortnitemares-2025-leaks/,Fortnitemares 2025 Leaks,esports-news,2025-09-24T20:10:40+00:00
https://www.shanethegamer.com/esports-news/oracle-red-bull-all-female-british-f4-esports-team/,Oracle Red Bull All Female British F4 Esports Team,esports-news,2025-09-24T20:02:43+00:00
https://www.shanethegamer.com/esports-news/riot-games-2xko-first-impact-tournaments-2025/,Riot Games 2Xko First Impact Tournaments 2025,esports-news,2025-09-24T19:58:41+00:00
https://www.shanethegamer.com/esports-news/2xko-early-access-october-7/,2Xko Early Access October 7,esports-news,2025-09-24T19:54:27+00:00
https://www.shanethegamer.com/esports-news/fragpunk-september-update-grand-tournament/,Fragpunk September Update Grand Tournament,esports-news,2025-09-24T19:48:12+00:00
https://www.shanethegamer.com/esports-news/world-series-warzone-2025-twitch-drops-rewards/,World Series Warzone 2025 Twitch Drops Rewards,esports-news,2025-09-24T19:39:17+00:00
https://www.shanethegamer.com/esports-news/league-of-legends-team-emotes-2025/,League Of Legends Team Emotes 2025,esports-news,2025-09-24T19:30:52+00:00
https://www.shanethegamer.com/esports-news/roblox-steal-a-brainrot-tung-tung-sahur-removed/,Roblox Steal A Brainrot Tung Tung Sahur Removed,esports-news,2025-09-23T02:39:32+00:00
https://www.shanethegamer.com/esports-news/aurora-gaming-signs-8-year-old-cs2-prodigy-shalun/,Aurora Gaming Signs 8 Year Old Cs2 Prodigy Shalun,esports-news,2025-09-22T22:55:50+00:00
https://www.shanethegamer.com/esports-news/donk-team-spirit-transfer-rumours-donk-spirit-fake-news-spirit-esl-pro-league-22/,Donk Team Spirit Transfer Rumours Donk Spirit Fake News Spirit Esl Pro League 22,esports-news,2025-09-22T22:46:15+00:00
https://www.shanethegamer.com/esports-news/saberlight-leaves-team-liquid-joins-avulus/,Saberlight Leaves Team Liquid Joins Avulus,esports-news,2025-09-22T22:38:15+00:00
https://www.shanethegamer.com/esports-news/undertale-10th-anniversary-sans-fight-new-content/,Undertale 10Th Anniversary Sans Fight New Content,esports-news,2025-09-22T22:29:42+00:00
https://www.shanethegamer.com/esports-news/call-of-duty-black-ops-7-multiplayer-reveal/,Call Of Duty Black Ops 7 Multiplayer Reveal,esports-news,2025-09-22T22:12:22+00:00
https://www.shanethegamer.com/esports-news/ropz-car-accident-porsche-vitality/,Ropz Car Accident Porsche Vitality,esports-news,2025-09-22T22:00:40+00:00
https://www.shanethegamer.com/esports-news/esc-radar-hack-allegations-cct-win-bcgame-loss/,Esc Radar Hack Allegations Cct Win Bcgame Loss,esports-news,2025-09-22T21:43:02+00:00
https://www.shanethegamer.com/esports-news/navi-win-starseries-fall-2025/,Navi Win Starseries Fall 2025,esports-news,2025-09-22T21:29:55+00:00
https://www.shanethegamer.com/esports-news/fissure-playground-3-shenzhen-format-prize-pool/,Fissure Playground 3 Shenzhen Format Prize Pool,esports-news,2025-09-22T21:20:32+00:00
https://www.shanethegamer.com/esports-news/gaimin-gladiators-return-counter-strike-brazilian-roster/,Gaimin Gladiators Return Counter Strike Brazilian Roster,esports-news,2025-09-22T21:13:29+00:00
https://www.shanethegamer.com/esports-news/cs2-crowd-cheating-controversy-fissure/,Cs2 Crowd Cheating Controversy Fissure,esports-news,2025-09-22T21:09:41+00:00
https://www.shanethegamer.com/esports-news/the-finals-esports-bundles-grand-major-2025/,The Finals Esports Bundles Grand Major 2025,esports-news,2025-09-22T21:04:36+00:00
https://www.shanethegamer.com/esports-news/furia-win-fissure-playground-2/,Furia Win Fissure Playground 2,esports-news,2025-09-22T20:57:40+00:00
https://www.shanethegamer.com/esports-news/vct-emea-new-partner-team-selection/,Vct Emea New Partner Team Selection,esports-news,2025-09-22T20:41:42+00:00
https://www.shanethegamer.com/esports-news/valorant-champions-2025-playoffs-bracket-revealed/,Valorant Champions 2025 Playoffs Bracket Revealed,esports-news,2025-09-22T20:35:38+00:00
https://www.shanethegamer.com/esports-news/impact-leaves-team-liquid/,Impact Leaves Team Liquid,esports-news,2025-09-22T19:44:24+00:00
https://www.shanethegamer.com/esports-news/peanut-leaving-league-of-legends-2026/,Peanut Leaving League Of Legends 2026,esports-news,2025-09-22T19:32:56+00:00
https://www.shanethegamer.com/esports-news/mesa-unpaid-prize-money-teams-talent/,Mesa Unpaid Prize Money Teams Talent,esports-news,2025-09-19T11:46:26+00:00
https://www.shanethegamer.com/esports-news/valorant-mobile-verification-smurfing/,Valorant Mobile Verification Smurfing,esports-news,2025-09-19T09:37:04+00:00
https://www.shanethegamer.com/esports-news/quinn-dota-2-retires/,Quinn Dota 2 Retires,esports-news,2025-09-19T09:30:56+00:00
https://www.shanethegamer.com/esports-news/team-vitality-psg-esports-psgvitality-partnership/,Team Vitality Psg Esports Psgvitality Partnership,esports-news,2025-09-19T09:24:02+00:00
https://www.shanethegamer.com/esports-news/godsent-bankruptcy-2025/,Godsent Bankruptcy 2025,esports-news,2025-09-17T10:12:36+00:00
https://www.shanethegamer.com/esports-news/cs2-update-subtick-genesis-collection/,Cs2 Update Subtick Genesis Collection,esports-news,2025-09-17T09:54:59+00:00
https://www.shanethegamer.com/esports-news/zeta-division-valorant-roster-2026-applications/,Zeta Division Valorant Roster 2026 Applications,esports-news,2025-09-17T09:41:58+00:00
https://www.shanethegamer.com/esports-news/cs2-esports-world-cup-2027/,Cs2 Esports World Cup 2027,esports-news,2025-09-17T09:33:54+00:00
https://www.shanethegamer.com/esports-news/g2-esports-logitech-g-play-2025/,G2 Esports Logitech G Play 2025,esports-news,2025-09-17T09:17:22+00:00
https://www.shanethegamer.com/esports-news/gamer-pillow-tech-co-performance/,Gamer Pillow Tech Co Performance,esports-news,2025-09-17T02:22:53+00:00
https://www.shanethegamer.com/esports-news/faze-clan-temperrr-rain-controversy/,Faze Clan Temperrr Rain Controversy,esports-news,2025-09-17T02:17:22+00:00
https://www.shanethegamer.com/esports-news/navi-marvel-rivals-roster/,Navi Marvel Rivals Roster,esports-news,2025-09-17T02:16:56+00:00
https://www.shanethegamer.com/esports-news/valorant-replays-system/,Valorant Replays System,esports-news,2025-09-17T02:03:13+00:00
https://www.shanethegamer.com/esports-news/mlbb-spongebob-collab/,Mlbb Spongebob Collab,esports-news,2025-09-17T01:47:56+00:00
https://www.shanethegamer.com/esports-news/twistzz-faze-return-esl-pro-league/,Twistzz Faze Return Esl Pro League,esports-news,2025-09-17T01:44:01+00:00
https://www.shanethegamer.com/esports-news/wolves-esports-call-of-duty-mobile-major-2025-champions/,Wolves Esports Call Of Duty Mobile Major 2025 Champions,esports-news,2025-09-16T02:52:27+00:00
https://www.shanethegamer.com/esports-news/nrg-crowned-rocket-league-world-champions-2025-in-lyon/,Nrg Crowned Rocket League World Champions 2025 In Lyon,esports-news,2025-09-16T02:46:09+00:00
https://www.shanethegamer.com/esports-news/rlcs-2026-roadmap-kickoff-lan-paris-major/,Rlcs 2026 Roadmap Kickoff Lan Paris Major,esports-news,2025-09-16T02:45:04+00:00
https://www.shanethegamer.com/esports-news/100-thieves-valorant-roster-rebuild-2025/,100 Thieves Valorant Roster Rebuild 2025,esports-news,2025-09-16T02:32:06+00:00
https://www.shanethegamer.com/esports-news/falcons-force-counter-strike-2-academy-team/,Falcons Force Counter Strike 2 Academy Team,esports-news,2025-09-16T02:25:27+00:00
https://www.shanethegamer.com/esports-news/mongolz-blitz-wicadia-controversy/,Mongolz Blitz Wicadia Controversy,esports-news,2025-09-16T02:18:20+00:00
https://www.shanethegamer.com/esports-news/team-falcons-wins-the-international-2025/,Team Falcons Wins The International 2025,esports-news,2025-09-16T01:58:34+00:00
https://www.shanethegamer.com/esports-news/fnatic-leo-retires-valorant/,Fnatic Leo Retires Valorant,esports-news,2025-09-13T05:54:12+00:00
https://www.shanethegamer.com/esports-news/worlds-2025-tickets-sales-prices/,Worlds 2025 Tickets Sales Prices,esports-news,2025-09-13T05:53:26+00:00
https://www.shanethegamer.com/esports-news/gooseman-cs2-subtick-charms-pets/,Gooseman Cs2 Subtick Charms Pets,esports-news,2025-09-13T05:42:14+00:00
https://www.shanethegamer.com/esports-news/the-mongolz-pubg-mobile-roster-2025/,The Mongolz Pubg Mobile Roster 2025,esports-news,2025-09-13T05:37:22+00:00
https://www.shanethegamer.com/esports-news/rainbow-six-siege-apl-major-qualifier-pax-melbourne-2025/,Rainbow Six Siege Apl Major Qualifier Pax Melbourne 2025,esports-news,2025-09-13T05:30:09+00:00
https://www.shanethegamer.com/esports-news/100-thieves-sign-nuk-marvel-rivals/,100 Thieves Sign Nuk Marvel Rivals,esports-news,2025-09-13T05:13:53+00:00
https://www.shanethegamer.com/esports-news/blast-slam-dota-iv-2025-schedule-update/,Blast Slam Dota Iv 2025 Schedule Update,esports-news,2025-09-13T04:59:56+00:00
https://www.shanethegamer.com/esports-news/1xbet-9z-team-sponsorship/,1Xbet 9Z Team Sponsorship,esports-news,2025-09-13T04:53:57+00:00
https://www.shanethegamer.com/esports-news/valorant-champions-2025-day-1-recap/,Valorant Champions 2025 Day 1 Recap,esports-news,2025-09-13T04:42:25+00:00
https://www.shanethegamer.com/esports-news/shopify-rebellion-disbands-sr-black-valorant/,Shopify Rebellion Disbands Sr Black Valorant,esports-news,2025-09-13T03:35:22+00:00
https://www.shanethegamer.com/esports-news/falcons-destroy-virtus-pro-fissure-playground-2/,Falcons Destroy Virtus Pro Fissure Playground 2,esports-news,2025-09-13T03:27:05+00:00
https://www.shanethegamer.com/esports-news/tundra-esports-ti-2025-elimination/,Tundra Esports Ti 2025 Elimination,esports-news,2025-09-13T03:07:57+00:00
https://www.shanethegamer.com/esports-news/pubg-mobile-super-league-csa-fall-2025-online/,Pubg Mobile Super League Csa Fall 2025 Online,esports-news,2025-09-12T22:45:41+00:00
https://www.shanethegamer.com/esports-news/fncs-2025-global-championship-winners/,Fncs 2025 Global Championship Winners,esports-news,2025-09-11T23:02:41+00:00
https://www.shanethegamer.com/esports-news/humanoid-leaves-fnatic/,Humanoid Leaves Fnatic,esports-news,2025-09-11T22:50:24+00:00
https://www.shanethegamer.com/esports-news/g2-win-blast-open-london-2025/,G2 Win Blast Open London 2025,esports-news,2025-09-08T18:13:07+00:00
https://www.shanethegamer.com/esports-news/team-spirit-benches-zont1x-signs-tn1r-cs2/,Team Spirit Benches Zont1X Signs Tn1R Cs2,esports-news,2025-09-08T17:53:37+00:00
https://www.shanethegamer.com/esports-news/arcane-season-2-wins-four-emmys/,Arcane Season 2 Wins Four Emmys,esports-news,2025-09-08T17:27:41+00:00
https://www.shanethegamer.com/esports-news/pyrolll-leaves-karmine-corp/,Pyrolll Leaves Karmine Corp,esports-news,2025-09-07T12:04:01+00:00
https://www.shanethegamer.com/esports-news/heroic-academy-cs2-roster-benched/,Heroic Academy Cs2 Roster Benched,esports-news,2025-09-07T11:59:25+00:00
https://www.shanethegamer.com/esports-news/wildcard-roster-shuffle-chatgpt-phzy-returns/,Wildcard Roster Shuffle Chatgpt Phzy Returns,esports-news,2025-09-07T11:52:49+00:00
https://www.shanethegamer.com/esports-news/teamfight-tactics-ao-shins-ascent-pve-mode/,Teamfight Tactics Ao Shins Ascent Pve Mode,esports-news,2025-09-07T11:15:05+00:00
https://www.shanethegamer.com/esports-news/fissure-playground-2-opening-matchups-liquid-furia/,Fissure Playground 2 Opening Matchups Liquid Furia,esports-news,2025-09-07T11:04:44+00:00
https://www.shanethegamer.com/esports-news/blast-open-london-2025-grand-final-vitality-vs-g2/,Blast Open London 2025 Grand Final Vitality Vs G2,esports-news,2025-09-07T10:44:20+00:00
https://www.shanethegamer.com/esports-news/riot-terminates-movistar-koi-vct-emea-2026/,Riot Terminates Movistar Koi Vct Emea 2026,esports-news,2025-09-07T10:02:27+00:00
https://www.shanethegamer.com/esports-news/valorant-global-power-rankings-g2-esports-2025/,Valorant Global Power Rankings G2 Esports 2025,esports-news,2025-09-07T09:34:35+00:00
https://www.shanethegamer.com/esports-news/flyquest-von-dutch-collaboration/,Flyquest Von Dutch Collaboration,esports-news,2025-09-06T14:53:12+00:00
https://www.shanethegamer.com/esports-news/esl-updates-rulebook-iem-chengdu/,Esl Updates Rulebook Iem Chengdu,esports-news,2025-09-06T12:33:38+00:00
https://www.shanethegamer.com/esports-news/thunderpick-world-championship-2025/,Thunderpick World Championship 2025,esports-news,2025-09-06T12:10:29+00:00
https://www.shanethegamer.com/esports-news/rblz-gaming-sign-epl-champion-tekkz/,Rblz Gaming Sign Epl Champion Tekkz,esports-news,2025-09-06T11:47:34+00:00
https://www.shanethegamer.com/esports-news/ange1-retires/,Ange1 Retires,esports-news,2025-09-06T11:41:32+00:00
https://www.shanethegamer.com/esports-news/leviatan-players-2026-vct-season/,Leviatan Players 2026 Vct Season,esports-news,2025-09-06T11:27:38+00:00
https://www.shanethegamer.com/esports-news/brawl-stars-x-subway-surfers/,Brawl Stars X Subway Surfers,esports-news,2025-09-06T11:25:19+00:00
https://www.shanethegamer.com/esports-news/dragon-ranger-gaming-signs-demon1/,Dragon Ranger Gaming Signs Demon1,esports-news,2025-09-06T11:13:59+00:00
https://www.shanethegamer.com/esports-news/magic-chess-go-go-in-game-qualifiers/,Magic Chess Go Go In Game Qualifiers,esports-news,2025-09-05T13:13:54+00:00
https://www.shanethegamer.com/esports-news/hollow-knight-silksong-crashes-steam/,Hollow Knight Silksong Crashes Steam,esports-news,2025-09-05T12:49:07+00:00
https://www.shanethegamer.com/esports-news/marvel-rivals-season-4-twitch-drops/,Marvel Rivals Season 4 Twitch Drops,esports-news,2025-09-05T12:18:13+00:00
https://www.shanethegamer.com/esports-news/marvel-rivals-ignite-mid-season-finals-twitch-drops-rewards-revealed-free-star-lord-ignite-skin/,Marvel Rivals Ignite Mid Season Finals Twitch Drops Rewards Revealed Free Star Lord Ignite Skin,esports-news,2025-09-05T12:09:12+00:00
https://www.shanethegamer.com/esports-news/lec-summer-2025-playoffs/,Lec Summer 2025 Playoffs,esports-news,2025-09-05T12:07:43+00:00
https://www.shanethegamer.com/esports-news/cs2-china-match-fixing-scandal/,Cs2 China Match Fixing Scandal,esports-news,2025-09-05T11:16:14+00:00
https://www.shanethegamer.com/esports-news/yatoro-rampage-the-international-2025/,Yatoro Rampage The International 2025,esports-news,2025-09-04T13:41:03+00:00
https://www.shanethegamer.com/esports-news/esl-boycott-pgl-bucharest/,Esl Boycott Pgl Bucharest,esports-news,2025-09-04T13:21:59+00:00
https://www.shanethegamer.com/esports-news/blast-premier-open-rotterdam-2026/,Blast Premier Open Rotterdam 2026,esports-news,2025-09-04T12:32:50+00:00
https://www.shanethegamer.com/esports-news/cookierun-ovenbreak-world-championship-2025/,Cookierun Ovenbreak World Championship 2025,esports-news,2025-09-04T12:22:26+00:00
https://www.shanethegamer.com/esports-news/raidiant-rally-point-rainbow-six-siege-tournament/,Raidiant Rally Point Rainbow Six Siege Tournament,esports-news,2025-09-04T12:21:26+00:00
https://www.shanethegamer.com/esports-news/mail09-overtakes-donk-faceit-champion/,Mail09 Overtakes Donk Faceit Champion,esports-news,2025-09-04T05:53:21+00:00
https://www.shanethegamer.com/esports-news/marvel-rivals-season-4-angela-daredevil-heroes/,Marvel Rivals Season 4 Angela Daredevil Heroes,esports-news,2025-09-04T05:31:56+00:00
https://www.shanethegamer.com/esports-news/blast-open-london-2025-playoffs-bracket/,Blast Open London 2025 Playoffs Bracket,esports-news,2025-09-04T03:20:32+00:00
https://www.shanethegamer.com/esports-news/valorant-stage-2-most-picked-agents-2025/,Valorant Stage 2 Most Picked Agents 2025,esports-news,2025-09-04T03:18:51+00:00
https://www.shanethegamer.com/esports-news/blast-premier-london-open-2025/,Blast Premier London Open 2025,esports-news,2025-09-04T01:53:20+00:00
https://www.shanethegamer.com/esports-news/valorant-champions-2025-pick-ems-return/,Valorant Champions 2025 Pick Ems Return,esports-news,2025-09-03T11:25:56+00:00
https://www.shanethegamer.com/esports-news/parivision-dispute-september-valve-regional-standings/,Parivision Dispute September Valve Regional Standings,esports-news,2025-09-03T11:21:16+00:00
https://www.shanethegamer.com/esports-news/blitzcrank-2xko-gameplay-trailer-closed-beta/,Blitzcrank 2Xko Gameplay Trailer Closed Beta,esports-news,2025-09-03T11:04:48+00:00
https://www.shanethegamer.com/esports-news/the-international-2025-opening-fixtures-format-and-late-drama/,The International 2025 Opening Fixtures Format And Late Drama,esports-news,2025-09-03T10:53:46+00:00
https://www.shanethegamer.com/esports-news/team-spirit-tops-september-2025-cs2-vrs/,Team Spirit Tops September 2025 Cs2 Vrs,esports-news,2025-09-03T10:38:31+00:00
https://www.shanethegamer.com/esports-news/rad-esports-unveils-new-marvel-rivals-roster-for-ignite-stage-2/,Rad Esports Unveils New Marvel Rivals Roster For Ignite Stage 2,esports-news,2025-09-02T13:01:29+00:00
https://www.shanethegamer.com/esports-news/ex-oblivione-disbands-marvel-rivals-roster-ahead-of-ignite-stage-2/,Ex Oblivione Disbands Marvel Rivals Roster Ahead Of Ignite Stage 2,esports-news,2025-09-02T12:29:25+00:00
https://www.shanethegamer.com/esports-news/twisted-minds-apex-legends-roster-exit/,Twisted Minds Apex Legends Roster Exit,esports-news,2025-09-02T12:06:24+00:00
https://www.shanethegamer.com/esports-news/whitemon-tundra-esports-roster-change-ti2025/,Whitemon Tundra Esports Roster Change Ti2025,esports-news,2025-09-02T11:49:53+00:00
https://www.shanethegamer.com/esports-news/mobile-legends-m7-world-championship-slot-allocation/,Mobile Legends M7 World Championship Slot Allocation,esports-news,2025-09-02T11:30:59+00:00
https://www.shanethegamer.com/esports-news/new-virtus-pro-player-to0ro-main-cs2-roster/,New Virtus Pro Player To0Ro Main Cs2 Roster,esports-news,2025-09-02T10:57:30+00:00
https://www.shanethegamer.com/esports-news/valorant-replay-system-launching-patch-11-06/,Valorant Replay System Launching Patch 11 06,esports-news,2025-09-01T14:29:00+00:00
https://www.shanethegamer.com/esports-news/perfecto-virtuspro-igl-captain/,Perfecto Virtuspro Igl Captain,esports-news,2025-09-01T14:28:20+00:00
https://www.shanethegamer.com/esports-news/pubg-teams-up-with-g-dragon-for-a-huge-september-collab/,Pubg Teams Up With G Dragon For A Huge September Collab,esports-news,2025-09-01T14:27:55+00:00
https://www.shanethegamer.com/esports-news/magisk-returns-to-astralis-after-leaving-falcons/,Magisk Returns To Astralis After Leaving Falcons,esports-news,2025-09-01T11:12:57+00:00
https://www.shanethegamer.com/esports-news/paper-rex-vct-pacific-stage-2-champions-2025/,Paper Rex Vct Pacific Stage 2 Champions 2025,esports-news,2025-09-01T10:47:06+00:00
https://www.shanethegamer.com/esports-news/valorant-champions-paris-2025-all-teams-groups-announced/,Valorant Champions Paris 2025 All Teams Groups Announced,esports-news,2025-09-01T10:35:23+00:00
https://www.shanethegamer.com/esports-news/g2-esports-sweep-nrg-to-win-vct-americas-stage-2/,G2 Esports Sweep Nrg To Win Vct Americas Stage 2,esports-news,2025-09-01T09:26:57+00:00
https://www.shanethegamer.com/esports-news/valorant-champions-2025-bundle-trailer/,Valorant Champions 2025 Bundle Trailer,esports-news,2025-09-01T08:58:31+00:00
https://www.shanethegamer.com/esports-news/team-liquid-win-vct-emea-stage-2/,Team Liquid Win Vct Emea Stage 2,esports-news,2025-09-01T08:35:39+00:00
https://www.shanethegamer.com/esports-news/navi-disbands-tekken-8-roster/,Navi Disbands Tekken 8 Roster,esports-news,2025-09-01T08:05:03+00:00
https://www.shanethegamer.com/esports-news/the-international-2025-group-stage-rules-change/,The International 2025 Group Stage Rules Change,esports-news,2025-08-30T12:13:40+00:00
https://www.shanethegamer.com/esports-news/valorant-vct-emea-ascension-2025-format-update/,Valorant Vct Emea Ascension 2025 Format Update,esports-news,2025-08-30T12:03:03+00:00
https://www.shanethegamer.com/esports-news/valorant-champions-2025-bundle-leak-release-date-skins-price/,Valorant Champions 2025 Bundle Leak Release Date Skins Price,esports-news,2025-08-30T11:44:51+00:00
https://www.shanethegamer.com/esports-news/virtuspro-bench-electronic-blast-open-london/,Virtuspro Bench Electronic Blast Open London,esports-news,2025-08-30T11:21:43+00:00
https://www.shanethegamer.com/esports-news/blast-r6-stage-2-twitch-drops/,Blast R6 Stage 2 Twitch Drops,esports-news,2025-08-30T10:54:29+00:00
https://www.shanethegamer.com/esports-news/lec-summer-split-format-2025-dropped/,Lec Summer Split Format 2025 Dropped,esports-news,2025-08-30T10:34:35+00:00
https://www.shanethegamer.com/esports-news/100-thieves-demon-slayer-collaboration/,100 Thieves Demon Slayer Collaboration,esports-news,2025-08-30T10:06:30+00:00
https://www.shanethegamer.com/esports-news/tekkz-departs-man-city-esports-epl-champion/,Tekkz Departs Man City Esports Epl Champion,esports-news,2025-08-29T12:12:00+00:00
https://www.shanethegamer.com/esports-news/avulus-dota-2-roster-disband/,Avulus Dota 2 Roster Disband,esports-news,2025-08-29T12:05:20+00:00
https://www.shanethegamer.com/esports-news/march-of-giants-closed-alpha-amazon-games-moba/,March Of Giants Closed Alpha Amazon Games Moba,esports-news,2025-08-29T11:52:58+00:00
https://www.shanethegamer.com/esports-news/call-of-duty-black-ops-7-beta/,Call Of Duty Black Ops 7 Beta,esports-news,2025-08-29T11:28:11+00:00
https://www.shanethegamer.com/esports-news/fragpunk-toyland-map-copies-cs2-inferno/,Fragpunk Toyland Map Copies Cs2 Inferno,esports-news,2025-08-29T11:13:37+00:00
https://www.shanethegamer.com/esports-news/talon-esports-loan-repayment-2025/,Talon Esports Loan Repayment 2025,esports-news,2025-08-29T06:37:42+00:00
https://www.shanethegamer.com/esports-news/raidiant-invitational-fortnite-2025/,Raidiant Invitational Fortnite 2025,esports-news,2025-08-29T04:45:14+00:00
https://www.shanethegamer.com/esports-news/blast-dota-2-slam-v-chengdu-2025/,Blast Dota 2 Slam V Chengdu 2025,esports-news,2025-08-29T04:38:03+00:00
https://www.shanethegamer.com/esports-news/jcobbbs-tough-debut-as-faze-beat-ecstatic-at-blast-open-london-2025/,Jcobbbs Tough Debut As Faze Beat Ecstatic At Blast Open London 2025,esports-news,2025-08-28T11:52:12+00:00
https://www.shanethegamer.com/esports-news/yakutou-brothers-replace-gaimin-gladiators-at-the-international-2025/,Yakutou Brothers Replace Gaimin Gladiators At The International 2025,esports-news,2025-08-28T11:22:33+00:00
https://www.shanethegamer.com/esports-news/gamdom-imperial-launches-european-cs2-academy-roster/,Gamdom Imperial Launches European Cs2 Academy Roster,esports-news,2025-08-28T11:03:29+00:00
https://www.shanethegamer.com/esports-news/is-the-tn1r-transfer-to-team-spirit-cancelled-zont1x-still-in-the-roster-for-iem-chengdu-2025/,Is The Tn1R Transfer To Team Spirit Cancelled Zont1X Still In The Roster For Iem Chengdu 2025,esports-news,2025-08-28T10:51:35+00:00
https://www.shanethegamer.com/esports-news/twitch-subtember-2025-brings-discounts-bonus-gift-subs-and-valorant-sponsorship/,Twitch Subtember 2025 Brings Discounts Bonus Gift Subs And Valorant Sponsorship,esports-news,2025-08-28T07:11:02+00:00
https://www.shanethegamer.com/esports-news/roblox-will-disable-all-unrated-games-on-september-30/,Roblox Will Disable All Unrated Games On September 30,esports-news,2025-08-27T14:44:00+00:00
https://www.shanethegamer.com/esports-news/ishowspeed-is-rolling-stones-most-influential-creator-of-2025/,Ishowspeed Is Rolling Stones Most Influential Creator Of 2025,esports-news,2025-08-27T14:24:30+00:00
https://www.shanethegamer.com/esports-news/2xko-closed-beta-start-time-invites-regions-and-whats-new/,2Xko Closed Beta Start Time Invites Regions And Whats New,esports-news,2025-08-27T13:48:54+00:00
https://www.shanethegamer.com/esports-news/shroud-calls-deadlock-one-of-the-best-games-ever-made-but-warns-about-player-counts/,Shroud Calls Deadlock One Of The Best Games Ever Made But Warns About Player Counts,esports-news,2025-08-27T13:07:37+00:00
https://www.shanethegamer.com/esports-news/blast-open-london-2025-schedule-format-and-teams-you-need-to-know/,Blast Open London 2025 Schedule Format And Teams You Need To Know,esports-news,2025-08-27T12:50:16+00:00
https://www.shanethegamer.com/esports-news/retake-mode-and-volatile-cases-could-be-coming-soon-to-cs2/,Retake Mode And Volatile Cases Could Be Coming Soon To Cs2,esports-news,2025-08-27T12:49:32+00:00
https://www.shanethegamer.com/esports-news/chinese-esports-club-charges-1400-to-cure-kids-gaming-addiction/,Chinese Esports Club Charges 1400 To Cure Kids Gaming Addiction,esports-news,2025-08-27T12:48:56+00:00
https://www.shanethegamer.com/esports-news/duet-night-abyss-release-date-platforms-and-story/,Duet Night Abyss Release Date Platforms And Story,esports-news,2025-08-27T11:37:39+00:00
https://www.shanethegamer.com/esports-news/all-t1-worlds-2024-skins-revealed-faker-gumayusi-zeus-oner-and-keria-picks/,All T1 Worlds 2024 Skins Revealed Faker Gumayusi Zeus Oner And Keria Picks,esports-news,2025-08-27T10:56:07+00:00
https://www.shanethegamer.com/esports-news/pubg-americas-series-6-format-schedule-prize-pool-how-to-watch/,Pubg Americas Series 6 Format Schedule Prize Pool How To Watch,esports-news,2025-08-27T10:37:49+00:00
https://www.shanethegamer.com/esports-news/apex-legends-reveals-creator-tournament-series/,Apex Legends Reveals Creator Tournament Series,esports-news,2025-08-27T10:07:44+00:00
https://www.shanethegamer.com/esports-news/one-punch-man-x-fortnite-collab-revealed-release-date-skins-and-more/,One Punch Man X Fortnite Collab Revealed Release Date Skins And More,esports-news,2025-08-26T13:00:59+00:00
https://www.shanethegamer.com/esports-news/snax-leaves-g2-after-a-month-on-the-bench/,Snax Leaves G2 After A Month On The Bench,esports-news,2025-08-26T11:58:32+00:00
https://www.shanethegamer.com/esports-news/iem-chengdu-2025-all-16-invited-teams-revealed/,Iem Chengdu 2025 All 16 Invited Teams Revealed,esports-news,2025-08-26T11:57:31+00:00
https://www.shanethegamer.com/esports-news/bilibili-gaming-crowned-vct-china-stage-2-champions-after-3-1-win-over-drg/,Bilibili Gaming Crowned Vct China Stage 2 Champions After 3 1 Win Over Drg,esports-news,2025-08-26T11:31:52+00:00
https://www.shanethegamer.com/esports-news/gentle-mates-enter-counter-strike-2-with-iberian-soul-roster/,Gentle Mates Enter Counter Strike 2 With Iberian Soul Roster,esports-news,2025-08-26T11:12:33+00:00
https://www.shanethegamer.com/esports-news/gears-of-war-reloaded-launches-26-august-heres-everything-you-need-to-know/,Gears Of War Reloaded Launches 26 August Heres Everything You Need To Know,esports-news,2025-08-26T07:40:34+00:00
https://www.shanethegamer.com/esports-news/riot-reveals-valorant-mobiles-first-national-series-in-china-with-418k-prize-pool/,Riot Reveals Valorant Mobiles First National Series In China With 418K Prize Pool,esports-news,2025-08-26T07:29:02+00:00
https://www.shanethegamer.com/esports-news/hollow-knight-silksong-announcement-release-date-confirmed-for-4-september-2025/,Hollow Knight Silksong Announcement Release Date Confirmed For 4 September 2025,esports-news,2025-08-25T12:16:30+00:00
https://www.shanethegamer.com/esports-news/who-won-the-admin-abuse-war-jandel-vs-sammy-roblox-showdown-results/,Who Won The Admin Abuse War Jandel Vs Sammy Roblox Showdown Results,esports-news,2025-08-25T12:06:02+00:00
https://www.shanethegamer.com/esports-news/team-falcons-sweep-team-spirit-3-0-to-win-dota-2-fissure-universe-episode-6/,Team Falcons Sweep Team Spirit 3 0 To Win Dota 2 Fissure Universe Episode 6,esports-news,2025-08-25T11:28:37+00:00
https://www.shanethegamer.com/esports-news/fortnite-x-demon-slayer-collab-rumoured-to-arrive-later-this-season/,Fortnite X Demon Slayer Collab Rumoured To Arrive Later This Season,esports-news,2025-08-25T11:14:32+00:00
https://www.shanethegamer.com/esports-news/esports-awards-2025-decade-celebration-full-winners-list-featuring-faker-zywoo-xqc-and-league-of-legends/,Esports Awards 2025 Decade Celebration Full Winners List Featuring Faker Zywoo Xqc And League Of Legends,esports-news,2025-08-25T10:49:13+00:00
https://www.shanethegamer.com/esports-news/helldivers-2-launches-on-xbox-august-26-everything-you-need-to-know/,Helldivers 2 Launches On Xbox August 26 Everything You Need To Know,esports-news,2025-08-25T10:03:08+00:00
https://www.shanethegamer.com/esports-news/leak-suggests-dota-2s-next-hero-bard-frog-will-have-a-unique-ability-panel-like-invoker/,Leak Suggests Dota 2S Next Hero Bard Frog Will Have A Unique Ability Panel Like Invoker,esports-news,2025-08-25T08:25:20+00:00
https://www.shanethegamer.com/esports-news/ag-al-crowned-first-crossfire-champions-at-the-2025-esports-world-cup/,Ag Al Crowned First Crossfire Champions At The 2025 Esports World Cup,esports-news,2025-08-25T07:46:19+00:00
https://www.shanethegamer.com/esports-news/xiaohai-back-to-back-champion-at-the-esports-world-cup-street-fighter-6/,Xiaohai Back To Back Champion At The Esports World Cup Street Fighter 6,esports-news,2025-08-25T07:37:08+00:00
https://www.shanethegamer.com/esports-news/the-mongolz-dominate-aurora-3-0-to-win-cs2-ewc-2025/,The Mongolz Dominate Aurora 3 0 To Win Cs2 Ewc 2025,esports-news,2025-08-24T20:42:06+00:00
https://www.shanethegamer.com/esports-news/falcons-defeat-vitality-to-claim-third-place-at-esports-world-cup-2025/,Falcons Defeat Vitality To Claim Third Place At Esports World Cup 2025,esports-news,2025-08-24T11:38:37+00:00
https://www.shanethegamer.com/esports-news/s1mples-first-final-with-bc-game-ends-in-grand-final-heartbreak/,S1Mples First Final With Bc Game Ends In Grand Final Heartbreak,esports-news,2025-08-24T11:14:04+00:00
https://www.shanethegamer.com/esports-news/g2-leaf-leaves-hospital-after-crohns-disease-treatment-targets-valorant-champions-return/,G2 Leaf Leaves Hospital After Crohns Disease Treatment Targets Valorant Champions Return,esports-news,2025-08-24T10:26:39+00:00
https://www.shanethegamer.com/esports-news/ewc-scandal-falcons-fans-accused-of-shining-lasers-at-aurora-players/,Ewc Scandal Falcons Fans Accused Of Shining Lasers At Aurora Players,esports-news,2025-08-24T09:24:12+00:00
https://www.shanethegamer.com/esports-news/confusion-grows-as-gaimin-gladiators-pulls-out-of-ti-2025/,Confusion Grows As Gaimin Gladiators Pulls Out Of Ti 2025,esports-news,2025-08-24T08:13:26+00:00
https://www.shanethegamer.com/esports-news/aurora-sweep-falcons-to-reach-esports-world-cup-2025-grand-final/,Aurora Sweep Falcons To Reach Esports World Cup 2025 Grand Final,esports-news,2025-08-24T07:03:21+00:00
https://www.shanethegamer.com/esports-news/the-mongolz-take-down-vitality-again-to-book-spot-in-ewc-grand-final/,The Mongolz Take Down Vitality Again To Book Spot In Ewc Grand Final,esports-news,2025-08-24T06:40:36+00:00
https://www.shanethegamer.com/esports-news/extra-valorant-champions-paris-grand-finals-tickets-announced-get-yours-before-theyre-gone/,Extra Valorant Champions Paris Grand Finals Tickets Announced Get Yours Before Theyre Gone,esports-news,2025-08-24T06:39:40+00:00
https://www.shanethegamer.com/esports-news/ewc-announced-esports-nations-cup-tournament-where-players-represent-their-countries/,Ewc Announced Esports Nations Cup Tournament Where Players Represent Their Countries,esports-news,2025-08-23T13:57:31+00:00
https://www.shanethegamer.com/esports-news/zywoo-faces-online-harassment-after-body-shooting-tyloos-jee-at-esports-world-cup-2025/,Zywoo Faces Online Harassment After Body Shooting Tyloos Jee At Esports World Cup 2025,esports-news,2025-08-23T13:45:01+00:00
https://www.shanethegamer.com/esports-news/overwatch-now-lets-console-players-use-mouse-and-keyboard-in-season-18/,Overwatch Now Lets Console Players Use Mouse And Keyboard In Season 18,esports-news,2025-08-23T09:23:43+00:00
https://www.shanethegamer.com/esports-news/gaimin-gladiators-withdraw-from-the-international-2025-amid-contract-dispute/,Gaimin Gladiators Withdraw From The International 2025 Amid Contract Dispute,esports-news,2025-08-23T09:23:24+00:00
https://www.shanethegamer.com/esports-news/sentinels-team-up-with-haikyuu-for-anime-themed-merch-drop/,Sentinels Team Up With Haikyuu For Anime Themed Merch Drop,esports-news,2025-08-23T08:47:50+00:00
https://www.shanethegamer.com/esports-news/cod-world-series-of-warzone-heads-back-to-las-vegas/,Cod World Series Of Warzone Heads Back To Las Vegas,esports-news,2025-08-23T08:25:21+00:00
https://www.shanethegamer.com/esports-news/lol-ti-pro-faker-surprise-cameo-in-stray-kids-new-music-video/,Lol Ti Pro Faker Surprise Cameo In Stray Kids New Music Video,esports-news,2025-08-23T04:31:58+00:00
https://www.shanethegamer.com/esports-news/faze-sign-rising-polish-talent-jcobbb/,Faze Sign Rising Polish Talent Jcobbb,esports-news,2025-08-23T04:08:46+00:00
https://www.shanethegamer.com/esports-news/vitality-star-ropz-lack-of-anti-cheat-isnt-the-problem-fps-is/,Vitality Star Ropz Lack Of Anti Cheat Isnt The Problem Fps Is,esports-news,2025-08-23T03:47:14+00:00
https://www.shanethegamer.com/esports-news/faze-bench-elige-after-struggles-to-find-their-old-spark/,Faze Bench Elige After Struggles To Find Their Old Spark,esports-news,2025-08-23T03:43:55+00:00
https://www.shanethegamer.com/esports-news/guild-esports-shuts-down-after-financial-collapse-leaving-players-and-creators-unpaid/,Guild Esports Shuts Down After Financial Collapse Leaving Players And Creators Unpaid,esports-news,2025-08-22T07:14:51+00:00
https://www.shanethegamer.com/esports-news/fortnite-blitz-mobile-cup-how-to-win-free-nite-unit-marksman-skin-pickaxe-emote-back-bling/,Fortnite Blitz Mobile Cup How To Win Free Nite Unit Marksman Skin Pickaxe Emote Back Bling,esports-news,2025-08-22T06:42:14+00:00
https://www.shanethegamer.com/esports-news/team-falcons-take-ewc-2025-club-championship-after-pay-to-win-spending-spree-across-esports/,Team Falcons Take Ewc 2025 Club Championship After Pay To Win Spending Spree Across Esports,esports-news,2025-08-22T06:38:59+00:00
https://www.shanethegamer.com/esports-news/marvel-rivals-devs-finally-explain-controversial-matchmaking-system/,Marvel Rivals Devs Finally Explain Controversial Matchmaking System,esports-news,2025-08-22T02:38:32+00:00
https://www.shanethegamer.com/esports-news/niko-and-m0nesy-crush-former-team-as-falcons-dump-g2-out-of-ewc-2025/,Niko And M0Nesy Crush Former Team As Falcons Dump G2 Out Of Ewc 2025,esports-news,2025-08-21T20:11:11+00:00
https://www.shanethegamer.com/esports-news/valorant-act-5-premier-schedule-format-and-how-to-qualify/,Valorant Act 5 Premier Schedule Format And How To Qualify,esports-news,2025-08-21T18:27:19+00:00
https://www.shanethegamer.com/esports-news/why-the-esports-world-cup-2025-cs2-format-has-fans-questioning-its-fairness/,Why The Esports World Cup 2025 Cs2 Format Has Fans Questioning Its Fairness,esports-news,2025-08-21T13:57:53+00:00
https://www.shanethegamer.com/esports-news/valorant-mobile-breaks-records-with-1m-launch-in-china/,Valorant Mobile Breaks Records With 1M Launch In China,esports-news,2025-08-21T13:26:07+00:00
https://www.shanethegamer.com/esports-news/navi-spirit-and-faze-all-crash-out-early-in-shocking-esports-world-cup-2025-upsets/,Navi Spirit And Faze All Crash Out Early In Shocking Esports World Cup 2025 Upsets,esports-news,2025-08-21T13:22:38+00:00
https://www.shanethegamer.com/esports-news/donk-joins-tyloo-for-5m/,Donk Joins Tyloo For 5M,esports-news,2025-08-21T12:32:52+00:00
https://www.shanethegamer.com/esports-news/you-just-hold-mouse-1-and-dropshot-shroud-says-call-of-duty-isnt-built-for-esports/,You Just Hold Mouse 1 And Dropshot Shroud Says Call Of Duty Isnt Built For Esports,esports-news,2025-08-21T11:22:37+00:00
https://www.shanethegamer.com/esports-news/vertiqal-studios-buys-luminosity-gaming-in-645k-deal/,Vertiqal Studios Buys Luminosity Gaming In 645K Deal,esports-news,2025-08-21T10:59:54+00:00
https://www.shanethegamer.com/esports-news/mesa-nomadic-masters-loses-valve-ranking-over-sign-up-scandal/,Mesa Nomadic Masters Loses Valve Ranking Over Sign Up Scandal,esports-news,2025-08-21T10:38:12+00:00
https://www.shanethegamer.com/esports-news/bilibili-gaming-becomes-first-vct-china-team-locked-for-valorant-champions-paris/,Bilibili Gaming Becomes First Vct China Team Locked For Valorant Champions Paris,esports-news,2025-08-21T10:29:49+00:00
https://www.shanethegamer.com/esports-news/gen-g-parts-ways-with-four-marvel-rivals-players-after-mid-season-finals/,Gen G Parts Ways With Four Marvel Rivals Players After Mid Season Finals,esports-news,2025-08-20T13:24:25+00:00
https://www.shanethegamer.com/esports-news/sentinels-release-three-marvel-rivals-players-after-mid-season-finals/,Sentinels Release Three Marvel Rivals Players After Mid Season Finals,esports-news,2025-08-20T12:58:45+00:00
https://www.shanethegamer.com/esports-news/gamescom-opening-night-live-2025-every-game-reveal-trailer-and-update/,Gamescom Opening Night Live 2025 Every Game Reveal Trailer And Update,esports-news,2025-08-20T12:30:54+00:00
https://www.shanethegamer.com/esports-news/marvel-rivals-esports-is-starting-to-get-boring/,Marvel Rivals Esports Is Starting To Get Boring,esports-news,2025-08-20T12:30:11+00:00
https://www.shanethegamer.com/esports-news/chopper-sparks-backlash-after-calling-falcons-fans-at-esports-world-cup-hired-workers/,Chopper Sparks Backlash After Calling Falcons Fans At Esports World Cup Hired Workers,esports-news,2025-08-20T10:47:19+00:00
https://www.shanethegamer.com/esports-news/complexity-disband-cs2-team-after-20-years-due-to-economic-struggles/,Complexity Disband Cs2 Team After 20 Years Due To Economic Struggles,esports-news,2025-08-20T07:46:45+00:00
https://www.shanethegamer.com/esports-news/cs2-passion-ua-announce-complexity-2-0-line-up-with-familiar-faces/,Cs2 Passion Ua Announce Complexity 2 0 Line Up With Familiar Faces,esports-news,2025-08-20T07:26:29+00:00
https://www.shanethegamer.com/esports-news/sayf-returns-to-team-vitality-for-vct-emea-playoffs/,Sayf Returns To Team Vitality For Vct Emea Playoffs,esports-news,2025-08-20T02:12:19+00:00
https://www.shanethegamer.com/esports-news/i-have-to-enlist-in-the-military-apex-legends-global-series-algs-champion-sangjoon-retires/,I Have To Enlist In The Military Apex Legends Global Series Algs Champion Sangjoon Retires,esports-news,2025-08-20T01:47:17+00:00
https://www.shanethegamer.com/esports-news/lacks-competitive-tools-why-fortnite-was-left-out-of-the-esports-world-cup-2025/,Lacks Competitive Tools Why Fortnite Was Left Out Of The Esports World Cup 2025,esports-news,2025-08-20T01:30:05+00:00
https://www.shanethegamer.com/esports-news/street-fighter-6-ewc-2025-groups-1000000-prize-pool-and-players-to-watch/,Street Fighter 6 Ewc 2025 Groups 1000000 Prize Pool And Players To Watch,esports-news,2025-08-20T01:15:55+00:00
https://www.shanethegamer.com/esports-news/ea-sports-brings-365000-fc-pro-esports-showcase-to-shanghai/,Ea Sports Brings 365000 Fc Pro Esports Showcase To Shanghai,esports-news,2025-08-20T00:50:57+00:00
https://www.shanethegamer.com/esports-news/kai-cenat-lights-up-the-las-vegas-sphere-with-fortnite-skin-reveal-and-mafiathon-3-tease/,Kai Cenat Lights Up The Las Vegas Sphere With Fortnite Skin Reveal And Mafiathon 3 Tease,esports-news,2025-08-19T07:25:45+00:00
https://www.shanethegamer.com/esports-news/valorant-mobile-launches-in-china-with-bbno-track/,Valorant Mobile Launches In China With Bbno Track,esports-news,2025-08-19T07:07:44+00:00
https://www.shanethegamer.com/esports-news/dreamhack-knockout-offers-direct-route-to-esl-pro-league-season-23-heres-how-you-can-join/,Dreamhack Knockout Offers Direct Route To Esl Pro League Season 23 Heres How You Can Join,esports-news,2025-08-19T06:52:02+00:00
https://www.shanethegamer.com/esports-news/karmine-corp-win-rocket-league-title-at-the-2025-esports-world-cup/,Karmine Corp Win Rocket League Title At The 2025 Esports World Cup,esports-news,2025-08-18T01:17:25+00:00
https://www.shanethegamer.com/esports-news/peru-unite-win-2025-pokemon-unite-world-championship/,Peru Unite Win 2025 Pokemon Unite World Championship,esports-news,2025-08-18T00:49:33+00:00
https://www.shanethegamer.com/esports-news/donks-10th-mvp-outpacing-s1mple-zywoo-and-the-cs2-legends-at-just-18/,Donks 10Th Mvp Outpacing S1Mple Zywoo And The Cs2 Legends At Just 18,esports-news,2025-08-18T00:48:54+00:00
https://www.shanethegamer.com/esports-news/rrq-crazyguy-donates-all-his-vct-pacific-stage-2-winnings-to-charity/,Rrq Crazyguy Donates All His Vct Pacific Stage 2 Winnings To Charity,esports-news,2025-08-17T23:47:00+00:00
https://www.shanethegamer.com/esports-news/team-spirit-sweep-the-mongolz-3-0-to-win-blast-bounty-fall-finals/,Team Spirit Sweep The Mongolz 3 0 To Win Blast Bounty Fall Finals,esports-news,2025-08-17T22:09:42+00:00
https://www.shanethegamer.com/esports-news/riot-games-launches-competitive-operations-hub-for-esports-integrity/,Riot Games Launches Competitive Operations Hub For Esports Integrity,esports-news,2025-08-17T18:05:33+00:00
https://www.shanethegamer.com/esports-news/were-not-playing-like-we-used-to-ropz-after-vitalitys-2-0-loss-to-the-mongolz/,Were Not Playing Like We Used To Ropz After Vitalitys 2 0 Loss To The Mongolz,esports-news,2025-08-17T18:05:17+00:00
https://www.shanethegamer.com/esports-news/gamescom-2025-call-of-duty-black-ops-7-resident-evil-requiem-silent-hill-f-and-more-reveals-incoming/,Gamescom 2025 Call Of Duty Black Ops 7 Resident Evil Requiem Silent Hill F And More Reveals Incoming,esports-news,2025-08-17T18:01:34+00:00
https://www.shanethegamer.com/esports-news/ulsan-becomes-back-to-back-tekken-8-esports-world-cup-champion/,Ulsan Becomes Back To Back Tekken 8 Esports World Cup Champion,esports-news,2025-08-17T15:47:29+00:00
https://www.shanethegamer.com/esports-news/twisted-minds-crowned-pubg-champions-at-esports-world-cup-2025-after-nail-biting-final/,Twisted Minds Crowned Pubg Champions At Esports World Cup 2025 After Nail Biting Final,esports-news,2025-08-17T15:02:04+00:00
https://www.shanethegamer.com/esports-news/magic-chess-go-go-announces-first-global-esports-tournament-with-season-3/,Magic Chess Go Go Announces First Global Esports Tournament With Season 3,esports-news,2025-08-17T14:21:15+00:00
https://www.shanethegamer.com/esports-news/boombl4-gets-the-better-of-s1mple-as-betboom-edge-past-bc-game-to-reach-semifinals/,Boombl4 Gets The Better Of S1Mple As Betboom Edge Past Bc Game To Reach Semifinals,esports-news,2025-08-16T22:46:41+00:00
https://www.shanethegamer.com/esports-news/ex-pro-caedrel-says-league-of-legends-new-wasd-controls-give-free-grandmaster-spacing/,Ex Pro Caedrel Says League Of Legends New Wasd Controls Give Free Grandmaster Spacing,esports-news,2025-08-16T22:13:25+00:00
https://www.shanethegamer.com/esports-news/fnatic-replace-heroic-at-blast-open-london-after-visa-issue/,Fnatic Replace Heroic At Blast Open London After Visa Issue,esports-news,2025-08-16T21:53:19+00:00
https://www.shanethegamer.com/esports-news/the-mongolz-beat-the-worlds-best-vitality-2-0-to-secure-blast-bounty-final-spot/,The Mongolz Beat The Worlds Best Vitality 2 0 To Secure Blast Bounty Final Spot,esports-news,2025-08-16T21:40:37+00:00
https://www.shanethegamer.com/esports-news/spirit-beat-mouz-again-to-reach-blast-bounty-grand-final/,Spirit Beat Mouz Again To Reach Blast Bounty Grand Final,esports-news,2025-08-16T21:07:19+00:00
https://www.shanethegamer.com/esports-news/roblox-players-call-for-ceos-removal-after-banning-vigilante-who-exposed-child-predators/,Roblox Players Call For Ceos Removal After Banning Vigilante Who Exposed Child Predators,esports-news,2025-08-16T13:04:32+00:00
https://www.shanethegamer.com/esports-news/mrbeast-adin-ross-xqc-smash-world-record-with-12m-charity-stream/,Mrbeast Adin Ross Xqc Smash World Record With 12M Charity Stream,esports-news,2025-08-16T12:52:44+00:00
https://www.shanethegamer.com/esports-news/paper-rex-becomes-first-pacific-team-to-qualify-for-valorant-champions-paris-2025/,Paper Rex Becomes First Pacific Team To Qualify For Valorant Champions Paris 2025,esports-news,2025-08-16T12:19:46+00:00
https://www.shanethegamer.com/esports-news/weibo-gaming-win-teamfight-tactics-champions-title-at-esports-world-cup-2025/,Weibo Gaming Win Teamfight Tactics Champions Title At Esports World Cup 2025,esports-news,2025-08-16T12:11:45+00:00
https://www.shanethegamer.com/esports-news/katowice-to-host-call-of-duty-mobile-world-championship-2025/,Katowice To Host Call Of Duty Mobile World Championship 2025,esports-news,2025-08-16T00:16:50+00:00
https://www.shanethegamer.com/esports-news/passion-ua-parts-ways-with-entire-cs2-roster-plans-to-rebuild/,Passion Ua Parts Ways With Entire Cs2 Roster Plans To Rebuild,esports-news,2025-08-16T00:03:29+00:00
https://www.shanethegamer.com/esports-news/cs2-update-brings-night-version-of-ancient-and-more/,Cs2 Update Brings Night Version Of Ancient And More,esports-news,2025-08-15T23:21:05+00:00
https://www.shanethegamer.com/esports-news/cs2-could-be-getting-chickens-eggs-and-auctions/,Cs2 Could Be Getting Chickens Eggs And Auctions,esports-news,2025-08-14T13:26:47+00:00
https://www.shanethegamer.com/esports-news/breaking-leak-wnba-stars-join-myteam-in-nba-2k26/,Breaking Leak Wnba Stars Join Myteam In Nba 2K26,esports-news,2025-08-14T09:04:34+00:00
https://www.shanethegamer.com/esports-news/fnatic-becomes-first-emea-team-to-qualify-in-valorant-champions-paris/,Fnatic Becomes First Emea Team To Qualify In Valorant Champions Paris,esports-news,2025-08-14T05:42:16+00:00
https://www.shanethegamer.com/esports-news/chinese-cs2-star-z4kr-faces-allegations-of-cheating-and-blackmail/,Chinese Cs2 Star Z4Kr Faces Allegations Of Cheating And Blackmail,esports-news,2025-08-13T22:13:40+00:00
https://www.shanethegamer.com/esports-news/blast-bounty-fall-2025-quarter-final-bracket-revealed-mouz-vs-astralis-to-kick-things-off/,Blast Bounty Fall 2025 Quarter Final Bracket Revealed Mouz Vs Astralis To Kick Things Off,esports-news,2025-08-13T21:49:45+00:00
https://www.shanethegamer.com/esports-news/former-wwe-star-samoa-joe-shares-honest-battlefield-6-impressions/,Former Wwe Star Samoa Joe Shares Honest Battlefield 6 Impressions,esports-news,2025-08-13T20:34:32+00:00
https://www.shanethegamer.com/esports-news/no-more-weekly-updates-grow-a-garden-dev-teases-a-new-era/,No More Weekly Updates Grow A Garden Dev Teases A New Era,esports-news,2025-08-13T19:56:55+00:00
https://www.shanethegamer.com/esports-news/lck-grand-finals-to-hit-korean-national-tv-for-the-first-time/,Lck Grand Finals To Hit Korean National Tv For The First Time,esports-news,2025-08-13T19:30:13+00:00
https://www.shanethegamer.com/esports-news/blast-slam-iv-dota-2-singapores-direct-invites-have-been-announced/,Blast Slam Iv Dota 2 Singapores Direct Invites Have Been Announced,esports-news,2025-08-13T15:08:46+00:00
https://www.shanethegamer.com/esports-news/funplus-phoenix-fpx-jungler-milkyway-indefinitely-suspended-over-match-fixing-allegations/,Funplus Phoenix Fpx Jungler Milkyway Indefinitely Suspended Over Match Fixing Allegations,esports-news,2025-08-13T13:49:02+00:00
https://www.shanethegamer.com/esports-news/lol-faker-becomes-first-player-to-hit-700-lck-wins/,Lol Faker Becomes First Player To Hit 700 Lck Wins,esports-news,2025-08-13T13:06:17+00:00
https://www.shanethegamer.com/esports-news/tn1r-replaces-zont1x-in-huge-1-5m-cs2-move-to-team-spirit/,Tn1R Replaces Zont1X In Huge 1 5M Cs2 Move To Team Spirit,esports-news,2025-08-12T16:12:27+00:00
https://www.shanethegamer.com/esports-news/pain-gaming-removed-from-blast-open-london-over-wrong-rule/,Pain Gaming Removed From Blast Open London Over Wrong Rule,esports-news,2025-08-12T14:56:07+00:00
https://www.shanethegamer.com/esports-news/esl-pro-league-finals-return-to-katowice-in-2026/,Esl Pro League Finals Return To Katowice In 2026,esports-news,2025-08-12T14:30:54+00:00
https://www.shanethegamer.com/esports-news/new-philippines-server-coming-to-valorant-on-19-august/,New Philippines Server Coming To Valorant On 19 August,esports-news,2025-08-12T14:30:53+00:00
https://www.shanethegamer.com/esports-news/mrbeast-teams-up-with-xqc-adin-ross-for-huge-charity-stream-on-kick/,Mrbeast Teams Up With Xqc Adin Ross For Huge Charity Stream On Kick,esports-news,2025-08-12T13:43:34+00:00
https://www.shanethegamer.com/esports-news/pokemon-unite-2025-world-championships-kicks-off-this-weekend/,Pokemon Unite 2025 World Championships Kicks Off This Weekend,esports-news,2025-08-12T13:01:33+00:00
https://www.shanethegamer.com/esports-news/navi-junior-cs2-season-3-now-taking-applications-heres-how-you-can-join/,Navi Junior Cs2 Season 3 Now Taking Applications Heres How You Can Join,esports-news,2025-08-12T12:24:54+00:00
https://www.shanethegamer.com/esports-news/marvel-rivals-dev-responds-to-gooner-game-label/,Marvel Rivals Dev Responds To Gooner Game Label,esports-news,2025-08-12T12:23:54+00:00
https://www.shanethegamer.com/esports-news/rainbow-six-siege-x-seasonal-series-brings-year-round-esports-for-everyone/,Rainbow Six Siege X Seasonal Series Brings Year Round Esports For Everyone,esports-news,2025-08-12T12:19:55+00:00
https://www.shanethegamer.com/esports-news/overwatch-collegiate-returns-with-over-140k-in-scholarships-how-to-join-the-action/,Overwatch Collegiate Returns With Over 140K In Scholarships How To Join The Action,esports-news,2025-08-12T12:05:44+00:00
https://www.shanethegamer.com/esports-news/valorant-denies-rumours-of-vct-south-americas/,Valorant Denies Rumours Of Vct South Americas,esports-news,2025-08-12T11:43:31+00:00
https://www.shanethegamer.com/esports-news/league-of-legends-is-finally-getting-wasd-controls-heres-whats-changing-in-patch-25-17/,League Of Legends Is Finally Getting Wasd Controls Heres Whats Changing In Patch 25 17,esports-news,2025-08-12T10:54:10+00:00
https://www.shanethegamer.com/esports-news/zain-wins-record-breaking-supernova-2025-smash-melee-tournament/,Zain Wins Record Breaking Supernova 2025 Smash Melee Tournament,esports-news,2025-08-11T18:55:15+00:00
https://www.shanethegamer.com/esports-news/pubg-mobiles-6m-next-star-program-goes-global-heres-how-you-can-join/,Pubg Mobiles 6M Next Star Program Goes Global Heres How You Can Join,esports-news,2025-08-11T16:55:35+00:00
https://www.shanethegamer.com/esports-news/rad-win-marvel-rivals-ignite-mid-season-finals-becoming-the-first-international-champions/,Rad Win Marvel Rivals Ignite Mid Season Finals Becoming The First International Champions,esports-news,2025-08-11T11:16:23+00:00
https://www.shanethegamer.com/esports-news/navi-and-faze-knocked-out-early-at-blast-bounty-season-2-playoff-teams-revealed/,Navi And Faze Knocked Out Early At Blast Bounty Season 2 Playoff Teams Revealed,esports-news,2025-08-11T10:53:40+00:00
https://www.shanethegamer.com/esports-news/tekken-8-ewc-2025-lcq-wraps-up-full-player-line-up-revealed-for-1-million-showdown/,Tekken 8 Ewc 2025 Lcq Wraps Up Full Player Line Up Revealed For 1 Million Showdown,esports-news,2025-08-11T10:33:19+00:00
https://www.shanethegamer.com/esports-news/dota-2-fissure-universe-episode-6-the-last-dance-before-ti-2025/,Dota 2 Fissure Universe Episode 6 The Last Dance Before Ti 2025,esports-news,2025-08-11T10:33:02+00:00
https://www.shanethegamer.com/esports-news/s1mple-wins-first-match-with-bc-game-despite-performance-struggles-and-anti-cheat-issues/,S1Mple Wins First Match With Bc Game Despite Performance Struggles And Anti Cheat Issues,esports-news,2025-08-10T19:52:55+00:00
https://www.shanethegamer.com/esports-news/rocket-league-is-back-at-ewc-2025-with-1000000-prize-pool/,Rocket League Is Back At Ewc 2025 With 1000000 Prize Pool,esports-news,2025-08-10T19:11:26+00:00
https://www.shanethegamer.com/esports-news/lol-prime-league-kicks-cgn-esports-from-division-1-over-lineup-violations/,Lol Prime League Kicks Cgn Esports From Division 1 Over Lineup Violations,esports-news,2025-08-10T17:49:26+00:00
https://www.shanethegamer.com/esports-news/cs2-streamer-dima_wallhacks-banned-on-twitch-because-of-s1mple/,Cs2 Streamer Dima_Wallhacks Banned On Twitch Because Of S1Mple,esports-news,2025-08-10T17:38:18+00:00
https://www.shanethegamer.com/esports-news/donks-29-game-positive-rating-is-over-as-spirit-defeat-g2-at-blast-bounty-season-2/,Donks 29 Game Positive Rating Is Over As Spirit Defeat G2 At Blast Bounty Season 2,esports-news,2025-08-10T16:24:16+00:00
https://www.shanethegamer.com/esports-news/twisted-minds-claim-warzone-champion-at-ewc-2025-with-stunning-comeback/,Twisted Minds Claim Warzone Champion At Ewc 2025 With Stunning Comeback,esports-news,2025-08-10T12:14:46+00:00
https://www.shanethegamer.com/esports-news/team-secret-sweep-g2-to-win-rainbow-six-siege-x-at-ewc-2025/,Team Secret Sweep G2 To Win Rainbow Six Siege X At Ewc 2025,esports-news,2025-08-10T11:52:34+00:00
https://www.shanethegamer.com/esports-news/astralis-era-is-back-astralis-beat-navi-the-first-successful-bounty-hunters-at-blast-bounty-2025-season-2/,Astralis Era Is Back Astralis Beat Navi The First Successful Bounty Hunters At Blast Bounty 2025 Season 2,esports-news,2025-08-09T15:55:05+00:00
https://www.shanethegamer.com/esports-news/legendary-game-designer-hideo-kojima-heading-to-riyadh-for-the-esports-world-cup-festival/,Legendary Game Designer Hideo Kojima Heading To Riyadh For The Esports World Cup Festival,esports-news,2025-08-09T14:30:18+00:00
https://www.shanethegamer.com/esports-news/cs2-returns-at-ewc-with-1-25m-prize-pool-falcons-vs-g2-to-kick-things-off/,Cs2 Returns At Ewc With 1 25M Prize Pool Falcons Vs G2 To Kick Things Off,esports-news,2025-08-09T11:53:46+00:00
https://www.shanethegamer.com/esports-news/pubg-is-back-at-the-esports-world-cup-2025-with-2-million-prize-pool/,Pubg Is Back At The Esports World Cup 2025 With 2 Million Prize Pool,esports-news,2025-08-09T11:27:24+00:00
https://www.shanethegamer.com/esports-news/mouz-bring-the-online-blast-bounty-qualifier-to-life-in-hamburg/,Mouz Bring The Online Blast Bounty Qualifier To Life In Hamburg,esports-news,2025-08-09T11:02:26+00:00
https://www.shanethegamer.com/esports-news/the-finals-the-grand-major-2025-everything-you-need-to-know/,The Finals The Grand Major 2025 Everything You Need To Know,esports-news,2025-08-09T08:33:01+00:00
https://www.shanethegamer.com/esports-news/teamfight-tactics-heads-back-to-riyadh-for-the-2025-esports-world-cup/,Teamfight Tactics Heads Back To Riyadh For The 2025 Esports World Cup,esports-news,2025-08-08T22:04:43+00:00
https://www.shanethegamer.com/esports-news/football-legends-kaka-and-ronaldo-to-face-off-at-esports-world-cup-2025/,Football Legends Kaka And Ronaldo To Face Off At Esports World Cup 2025,esports-news,2025-08-08T19:05:44+00:00
https://www.shanethegamer.com/esports-news/freeze-humanity-and-bring-salvation-freezia-launches-today-on-steam/,Freeze Humanity And Bring Salvation Freezia Launches Today On Steam,esports-news,2025-08-08T16:33:59+00:00
https://www.shanethegamer.com/esports-news/nongshim-redforce-punch-their-ticket-to-vct-pacific-stage-2-playoffs/,Nongshim Redforce Punch Their Ticket To Vct Pacific Stage 2 Playoffs,esports-news,2025-08-08T14:18:29+00:00
https://www.shanethegamer.com/esports-news/team-spirit-zweih-got-locked-out-of-steam-another-pro-hack-after-m0nesy/,Team Spirit Zweih Got Locked Out Of Steam Another Pro Hack After M0Nesy,esports-news,2025-08-08T14:16:08+00:00
https://www.shanethegamer.com/esports-news/marvel-rivals-esports-will-stay-open-for-all-teams-no-franchise-model-for-now/,Marvel Rivals Esports Will Stay Open For All Teams No Franchise Model For Now,esports-news,2025-08-08T14:16:02+00:00
https://www.shanethegamer.com/esports-news/hicksy-retires-from-competitive-call-of-duty-lived-it-loved-it/,Hicksy Retires From Competitive Call Of Duty Lived It Loved It,esports-news,2025-08-08T12:06:48+00:00
https://www.shanethegamer.com/esports-news/tft-pro-circuit-2025-to-debut-in-set-15-and-riots-big-changes-for-competitive-teamfight-tactics/,Tft Pro Circuit 2025 To Debut In Set 15 And Riots Big Changes For Competitive Teamfight Tactics,esports-news,2025-08-08T11:49:41+00:00
https://www.shanethegamer.com/esports-news/gentle-mates-relegated-from-vct-emea-tough-blow-for-france/,Gentle Mates Relegated From Vct Emea Tough Blow For France,esports-news,2025-08-07T22:22:32+00:00
https://www.shanethegamer.com/esports-news/former-cloud9-major-winner-rush-retires-from-pro-counter-strike-eyes-coaching-career/,Former Cloud9 Major Winner Rush Retires From Pro Counter Strike Eyes Coaching Career,esports-news,2025-08-07T22:21:21+00:00
https://www.shanethegamer.com/esports-news/ea-fc-worlds-number-one-anders-vejrgang-joins-team-falcons/,Ea Fc Worlds Number One Anders Vejrgang Joins Team Falcons,esports-news,2025-08-07T19:53:28+00:00
https://www.shanethegamer.com/esports-news/heroic-bench-gr1ks-after-just-over-a-month-bring-in-alkaren-on-loan-from-spirit-academy/,Heroic Bench Gr1Ks After Just Over A Month Bring In Alkaren On Loan From Spirit Academy,esports-news,2025-08-07T18:58:03+00:00
https://www.shanethegamer.com/esports-news/gen-g-get-their-revenge-in-a-reverse-sweep-over-t1-now-22-1-in-lck/,Gen G Get Their Revenge In A Reverse Sweep Over T1 Now 22 1 In Lck,esports-news,2025-08-07T18:57:41+00:00
https://www.shanethegamer.com/esports-news/fortnite-might-be-getting-proximity-chat-but-its-still-just-a-leak-for-now/,Fortnite Might Be Getting Proximity Chat But Its Still Just A Leak For Now,esports-news,2025-08-07T12:36:24+00:00
https://www.shanethegamer.com/esports-news/cs2-goes-full-naval-brazilian-tournament-circuito-ferjee-2025-to-be-held-on-an-aircraft-carrier-ship/,Cs2 Goes Full Naval Brazilian Tournament Circuito Ferjee 2025 To Be Held On An Aircraft Carrier Ship,esports-news,2025-08-07T12:04:28+00:00
https://www.shanethegamer.com/esports-news/activevoices-instantly-translates-streamers-and-esports-content-for-global-audiences/,Activevoices Instantly Translates Streamers And Esports Content For Global Audiences,esports-news,2025-08-07T11:25:02+00:00
https://www.shanethegamer.com/esports-news/fortnites-champions-road-2025-is-here-what-you-need-to-know/,Fortnites Champions Road 2025 Is Here What You Need To Know,esports-news,2025-08-07T11:06:43+00:00
https://www.shanethegamer.com/esports-news/pokemon-unite-joins-scholastic-esports-thanks-to-playvs-partnership/,Pokemon Unite Joins Scholastic Esports Thanks To Playvs Partnership,esports-news,2025-08-07T07:30:29+00:00
https://www.shanethegamer.com/esports-news/apeks-relegated-from-vct-emea-after-winless-season/,Apeks Relegated From Vct Emea After Winless Season,esports-news,2025-08-07T06:39:01+00:00
https://www.shanethegamer.com/esports-news/fissure-playground-2-teams-revealed-will-team-falcons-redeem/,Fissure Playground 2 Teams Revealed Will Team Falcons Redeem,esports-news,2025-08-07T03:20:21+00:00
https://www.shanethegamer.com/esports-news/cs2-yalla-compass-shuts-down-leaves-players-and-staff-unpaid/,Cs2 Yalla Compass Shuts Down Leaves Players And Staff Unpaid,esports-news,2025-08-07T02:27:51+00:00
https://www.shanethegamer.com/esports-news/breaking-sekiro-anime-almost-confirmed-with-domain-registration/,Breaking Sekiro Anime Almost Confirmed With Domain Registration,esports-news,2025-08-06T22:22:19+00:00
https://www.shanethegamer.com/esports-news/dying-light-the-beast-unveils-a-new-level-of-brutality-in-blood-guts-trailer/,Dying Light The Beast Unveils A New Level Of Brutality In Blood Guts Trailer,esports-news,2025-08-06T14:15:55+00:00
https://www.shanethegamer.com/esports-news/axis-football-2026-launches-september-8/,Axis Football 2026 Launches September 8,esports-news,2025-08-06T14:11:39+00:00
https://www.shanethegamer.com/esports-news/valorants-new-shotcall-twitch-extension-turns-watching-vct-into-a-literal-game/,Valorants New Shotcall Twitch Extension Turns Watching Vct Into A Literal Game,esports-news,2025-08-06T13:40:45+00:00
https://www.shanethegamer.com/esports-news/team-liquid-takes-over-the-mongolzs-spot-at-blast-open-london/,Team Liquid Takes Over The Mongolzs Spot At Blast Open London,esports-news,2025-08-06T13:23:46+00:00
https://www.shanethegamer.com/esports-news/jl-makes-surprise-cs2-return-but-falls-to-g2s-academy-team/,Jl Makes Surprise Cs2 Return But Falls To G2S Academy Team,esports-news,2025-08-06T12:32:54+00:00
https://www.shanethegamer.com/esports-news/lakia-returns-to-gen-g-valorant-team-ready-for-champions-2026/,Lakia Returns To Gen G Valorant Team Ready For Champions 2026,esports-news,2025-08-06T11:36:47+00:00
https://www.shanethegamer.com/esports-news/ea-fc-pro-world-championship-2025-at-esports-world-cup-with-1000000-prize-pool/,Ea Fc Pro World Championship 2025 At Esports World Cup With 1000000 Prize Pool,esports-news,2025-08-06T11:16:48+00:00
https://www.shanethegamer.com/esports-news/s1mon-leaves-edg-valorant-team-after-controversy-and-bench-drama/,S1Mon Leaves Edg Valorant Team After Controversy And Bench Drama,esports-news,2025-08-06T11:06:11+00:00
https://www.shanethegamer.com/esports-news/valorant-mobile-gets-200-million-investment-ahead-of-massive-china-launch-reveal/,Valorant Mobile Gets 200 Million Investment Ahead Of Massive China Launch Reveal,esports-news,2025-08-05T06:35:33+00:00
https://www.shanethegamer.com/esports-news/falcon-2000000-kyousuke-shines-in-cs2-debut-despite-teams-early-exit-at-iem-cologne-2025/,Falcon 2000000 Kyousuke Shines In Cs2 Debut Despite Teams Early Exit At Iem Cologne 2025,esports-news,2025-08-05T00:16:56+00:00
https://www.shanethegamer.com/esports-news/faker-nemesis-and-the-pros-are-over-the-current-lol-meta-heres-what-they-want-changed/,Faker Nemesis And The Pros Are Over The Current Lol Meta Heres What They Want Changed,esports-news,2025-08-04T22:45:42+00:00
https://www.shanethegamer.com/esports-news/all-qualified-trios-for-the-fortnite-2000000-fncs-2025-global-championship/,All Qualified Trios For The Fortnite 2000000 Fncs 2025 Global Championship,esports-news,2025-08-04T22:07:19+00:00
https://www.shanethegamer.com/esports-news/warzone-drops-back-into-ewc-2025-with-1000000-up-for-grabs/,Warzone Drops Back Into Ewc 2025 With 1000000 Up For Grabs,esports-news,2025-08-04T20:36:40+00:00
https://www.shanethegamer.com/esports-news/robloxs-grow-a-garden-breaks-record-with-almost-22-millions-active-players-how/,Robloxs Grow A Garden Breaks Record With Almost 22 Millions Active Players How,esports-news,2025-08-04T15:52:07+00:00
https://www.shanethegamer.com/esports-news/bc-game-plan-to-buy-out-3-more-tier-1-players-after-s1mples-arrival/,Bc Game Plan To Buy Out 3 More Tier 1 Players After S1Mples Arrival,esports-news,2025-08-04T15:00:01+00:00
https://www.shanethegamer.com/esports-news/team-falcons-soar-to-victory-at-owcs-mid-season-championship-2025-esports-world-cup/,Team Falcons Soar To Victory At Owcs Mid Season Championship 2025 Esports World Cup,esports-news,2025-08-04T00:22:11+00:00
https://www.shanethegamer.com/esports-news/team-spirit-win-iem-cologne-2025-by-sweeping-mouz-3-0/,Team Spirit Win Iem Cologne 2025 By Sweeping Mouz 3 0,esports-news,2025-08-03T22:51:02+00:00
https://www.shanethegamer.com/esports-news/yangon-galacticos-yg-champion-of-pubg-mobile-world-cup-2025-a-historic-victory/,Yangon Galacticos Yg Champion Of Pubg Mobile World Cup 2025 A Historic Victory,esports-news,2025-08-03T20:38:36+00:00
https://www.shanethegamer.com/esports-news/3-million-viewers-mlbb-mid-season-cup-2025-breaks-viewership-record-at-esports-world-cup/,3 Million Viewers Mlbb Mid Season Cup 2025 Breaks Viewership Record At Esports World Cup,esports-news,2025-08-03T19:09:08+00:00
https://www.shanethegamer.com/esports-news/rainbow-six-siege-x-returns-to-esports-world-cup-2025-with-2000000-prize/,Rainbow Six Siege X Returns To Esports World Cup 2025 With 2000000 Prize,esports-news,2025-08-03T14:15:52+00:00
https://www.shanethegamer.com/esports-news/team-liquid-ph-wins-mlbb-mid-season-cup-msc-at-ewc-2025/,Team Liquid Ph Wins Mlbb Mid Season Cup Msc At Ewc 2025,esports-news,2025-08-03T12:47:54+00:00
https://www.shanethegamer.com/video-gaming/grounded-2-early-access-review-lets-get-small-again/,Grounded 2 Early Access Review Lets Get Small Again,video-gaming,2025-08-03T11:46:09+00:00
https://www.shanethegamer.com/esports-news/spirit-beat-navi-to-book-spot-in-iem-cologne-2025-grand-final/,Spirit Beat Navi To Book Spot In Iem Cologne 2025 Grand Final,esports-news,2025-08-03T10:20:03+00:00
https://www.shanethegamer.com/esports-news/finally-mouz-take-down-vitality-securing-the-grand-final-at-iem-cologne-2025/,Finally Mouz Take Down Vitality Securing The Grand Final At Iem Cologne 2025,esports-news,2025-08-03T10:17:53+00:00
https://www.shanethegamer.com/esports-news/valorant-champions-2026-announced-in-shanghai/,Valorant Champions 2026 Announced In Shanghai,esports-news,2025-08-02T09:08:12+00:00
https://www.shanethegamer.com/esports-news/team-liquid-humbled-by-an-academy-team-vp-prodigy/,Team Liquid Humbled By An Academy Team Vp Prodigy,esports-news,2025-08-02T09:02:21+00:00
https://www.shanethegamer.com/esports-news/rocket-league-content-creator-sunlesskhan-launches-rocket-league-battle-series-rlbs/,Rocket League Content Creator Sunlesskhan Launches Rocket League Battle Series Rlbs,esports-news,2025-08-02T08:04:04+00:00
https://www.shanethegamer.com/esports-news/mouz-survive-furia-securing-semifinal-spot-at-iem-cologne-2025/,Mouz Survive Furia Securing Semifinal Spot At Iem Cologne 2025,esports-news,2025-08-02T04:22:03+00:00
https://www.shanethegamer.com/esports-news/magnus-carlsen-crowned-first-ever-chess-esports-world-cup-championmagnus-carlsen-crowned-first-ever-chess-esports-world-cup-champion/,Magnus Carlsen Crowned First Ever Chess Esports World Cup Championmagnus Carlsen Crowned First Ever Chess Esports World Cup Champion,esports-news,2025-08-02T02:58:50+00:00
https://www.shanethegamer.com/esports-news/navi-eliminate-the-mongolz-to-secure-semifinal-spot-at-iem-cologne-2025/,Navi Eliminate The Mongolz To Secure Semifinal Spot At Iem Cologne 2025,esports-news,2025-08-02T02:07:41+00:00
https://www.shanethegamer.com/esports-news/cs-asia-championship-2025-details-announced-faze-against-4-chinese-teams/,Cs Asia Championship 2025 Details Announced Faze Against 4 Chinese Teams,esports-news,2025-08-01T13:29:31+00:00
https://www.shanethegamer.com/esports-news/lec-2025-summer-new-rosters-and-new-format/,Lec 2025 Summer New Rosters And New Format,esports-news,2025-08-01T07:38:05+00:00
https://www.shanethegamer.com/esports-news/marvel-rivals-heads-to-guangzhou-china-for-first-global-lan-at-ignite-2025-mid-season-finals/,Marvel Rivals Heads To Guangzhou China For First Global Lan At Ignite 2025 Mid Season Finals,esports-news,2025-08-01T06:57:53+00:00
https://www.shanethegamer.com/esports-news/valorants-new-tournament-project-blender-brings-fresh-competition-to-emea-players/,Valorants New Tournament Project Blender Brings Fresh Competition To Emea Players,esports-news,2025-08-01T04:44:31+00:00
https://www.shanethegamer.com/esports-news/riot-finds-no-proof-of-match-fixing-in-valorant-challengers-na-after-thorough-investigation/,Riot Finds No Proof Of Match Fixing In Valorant Challengers Na After Thorough Investigation,esports-news,2025-08-01T04:12:24+00:00
